spel2sattwin,True,4,alarm,37,65,65,133.383453131,41.4201,32.0776,28.3807,31.4781
spel2sattwin,True,12,anna-pp,22,148,148,2579.14481306,224.7562,143.0551,208.2289,217.8239,218.6776,224.2257,230.5174,225.4257,220.9597,222.5713,223.8555,218.9658
spel2sattwin,False,2,B10Cage,70,106,105,72.4123840332, ,72.4038
spel2sattwin,False,2,barley,48,126,126,75.5711250305, ,75.5482
spel2sattwin,True,7,barley-pp-001,16,50,50,125.475723982,18.2502,15.9569,16.2266,16.678,18.9251,19.6749,19.7298
spel2sattwin,True,7,barley-pp,26,78,78,99.5967469215,17.3078,11.1657,11.0739,12.1353,13.028,14.6082,20.2369
spel2sattwin,True,7,barley-wpp,29,83,83,222.190008879,33.8899,22.0733,23.3964,24.4794,24.4766,38.4008,54.7689
spel2sattwin,True,4,bcs01.graph-001,5,10,10,0.268111944199,0.0725,0.07,0.0365,0.0754
spel2sattwin,True,4,bcs01.graph-002,5,10,10,0.447822093964,0.1268,0.0748,0.149,0.0792
spel2sattwin,True,4,bcs01.graph-004,5,10,10,0.29673409462,0.0847,0.0631,0.0884,0.0483
spel2sattwin,False,2,bcs01.graph-005,44,172,172,67.5097742081, ,67.4844
spel2sattwin,True,4,bcs01.graph-00hree,5,10,10,0.22565984726,0.0382,0.0503,0.0591,0.0633
spel2sattwin,False,2,bcs01-pp,44,172,172,80.537058115, ,80.4698
spel2sattwin,True,3,bcs05.graph-001,4,6,6,0.218015909195,0.0734,0.0776,0.058
spel2sattwin,True,3,bcs05.graph-002,4,6,6,0.259086847305,0.0578,0.1024,0.0882
spel2sattwin,False,2,BN_0-pp-minor-40,40,173,173,75.088643074, ,75.0458
spel2sattwin,False,2,BN_0-pp-minor-41,41,176,176,76.7029509544, ,76.6639
spel2sattwin,False,2,BN_0-pp-minor-42,42,179,179,73.5671200752, ,72.8963
spel2sattwin,False,2,BN_0-pp-minor-44,44,183,183,72.5388391018, ,72.5198
spel2sattwin,False,2,BN_0-pp-minor-45,45,187,187,96.6917009354, ,96.6811
spel2sattwin,False,2,BN_0-pp-minor-46,46,192,192,116.662521839, ,116.6219
spel2sattwin,False,2,BN_0-pp-minor-47,47,196,196,69.0309760571, ,69.0214
spel2sattwin,False,2,BN_0-pp-minor-48,48,197,197,81.1712770462, ,81.1309
spel2sattwin,False,2,BN_0-pp-minor-49,49,202,202,75.4837739468, ,75.4707
spel2sattwin,False,2,BN_0-pp-minor-4hree,43,180,180,77.8185770512, ,77.7673
spel2sattwin,False,2,BN_0-pp,67,243,243,73.1901991367, ,73.1548
spel2sattwin,False,2,BN_100,58,273,273,85.966987133, ,85.9477
spel2sattwin,False,2,BN_100-pp,51,252,252,91.655064106, ,91.4491
spel2sattwin,False,2,BN_101,58,273,273,98.867978096, ,98.8349
spel2sattwin,False,2,BN_101-pp,51,252,252,72.2779471874, ,72.2363
spel2sattwin,False,2,BN_102-pp,64,328,328,154.702195883, ,154.6767
spel2sattwin,False,2,BN_104,50,731,731,153.735102892, ,153.6895
spel2sattwin,False,2,BN_105,50,731,731,116.464564085, ,116.433
spel2sattwin,False,2,BN_106,50,760,760,97.4386770725, ,97.4233
spel2sattwin,False,2,BN_107,50,760,760,79.3478169441, ,79.2863
spel2sattwin,False,2,BN_108,50,740,740,76.9801630974, ,76.9447
spel2sattwin,False,2,BN_109,50,740,740,73.6879351139, ,73.6719
spel2sattwin,False,2,BN_10hree-pp,64,328,328,85.5633630753, ,85.5172
spel2sattwin,False,2,BN_10-pp-minor-40,40,211,211,75.964648962, ,75.9155
spel2sattwin,False,2,BN_10-pp-minor-41,41,214,214,71.8235008717, ,71.8127
spel2sattwin,False,2,BN_10-pp-minor-42,42,217,217,72.853541851, ,72.8387
spel2sattwin,False,2,BN_10-pp-minor-44,44,223,223,75.4781930447, ,75.4627
spel2sattwin,False,2,BN_10-pp-minor-45,45,227,227,74.3437178135, ,74.318
spel2sattwin,False,2,BN_10-pp-minor-46,46,231,231,72.7514941692, ,72.7281
spel2sattwin,False,2,BN_10-pp-minor-47,47,235,235,78.8646829128, ,78.8226
spel2sattwin,False,2,BN_10-pp-minor-48,48,237,237,89.4070839882, ,89.362
spel2sattwin,False,2,BN_10-pp-minor-49,49,241,241,77.597589016, ,77.5726
spel2sattwin,False,2,BN_10-pp-minor-4hree,43,220,220,74.2540230751, ,74.212
spel2sattwin,False,2,BN_10-pp,57,257,257,99.6309978962, ,99.6091
spel2sattwin,False,2,BN_110,50,741,741,91.7701859474, ,91.7127
spel2sattwin,False,2,BN_111,50,741,741,80.7474679947, ,80.7209
spel2sattwin,False,2,BN_112,50,719,719,76.9317381382, ,76.8748
spel2sattwin,False,2,BN_114,50,731,731,96.6508190632, ,96.5671
spel2sattwin,False,2,BN_115,50,731,731,121.907881975, ,121.8648
spel2sattwin,False,2,BN_116,50,742,742,76.3938941956, ,76.3489
spel2sattwin,False,2,BN_117,50,742,742,130.763792992, ,130.6867
spel2sattwin,False,2,BN_118,50,735,735,77.4761269093, ,77.4208
spel2sattwin,False,2,BN_119,50,735,735,72.1241900921, ,72.0692
spel2sattwin,False,2,BN_11hree,50,719,719,74.1798658371, ,74.129
spel2sattwin,False,2,BN_120,50,737,737,79.788850069, ,79.7701
spel2sattwin,False,2,BN_121,50,737,737,74.5767269135, ,74.5306
spel2sattwin,False,2,BN_122,50,731,731,72.2673718929, ,72.2262
spel2sattwin,False,2,BN_124,50,740,740,79.3753900528, ,79.325
spel2sattwin,False,2,BN_125,50,740,740,88.6906530857, ,88.6178
spel2sattwin,False,2,BN_12hree,50,731,731,73.0025601387, ,72.984
spel2sattwin,True,3,BN_14-pp-minor-04,4,6,6,0.214545965195,0.0701,0.0805,0.0507
spel2sattwin,True,4,BN_14-pp-minor-05,5,10,10,0.627274036407,0.1558,0.1373,0.0998,0.1199
spel2sattwin,True,5,BN_14-pp-minor-06,6,15,15,0.525470018387,0.0599,0.1653,0.166,0.0528,0.0556
spel2sattwin,True,6,BN_14-pp-minor-07,7,21,21,0.65838599205,0.0981,0.1009,0.0979,0.1034,0.1232,0.0826
spel2sattwin,True,7,BN_14-pp-minor-08,8,28,28,0.856241941452,0.123,0.1146,0.0802,0.1396,0.127,0.1224,0.1221
spel2sattwin,True,8,BN_14-pp-minor-09,9,36,36,2.47760081291,0.2844,0.2883,0.3323,0.3268,0.2772,0.3343,0.2921,0.2478
spel2sattwin,True,9,BN_14-pp-minor-10,10,45,45,1.78670907021,0.1215,0.2794,0.2607,0.2781,0.1532,0.1282,0.2305,0.129,0.1707
spel2sattwin,True,10,BN_14-pp-minor-11,11,55,55,2.20200705528,0.1845,0.2146,0.2091,0.178,0.312,0.1947,0.3675,0.1784,0.1558,0.1464
spel2sattwin,True,10,BN_14-pp-minor-12,12,65,65,2.58381485939,0.2576,0.2537,0.2432,0.324,0.3159,0.2104,0.2384,0.251,0.232,0.2045
spel2sattwin,True,12,BN_14-pp-minor-14,14,85,85,12.2828481197,1.1973,0.6948,0.9557,1.0028,1.0586,1.0577,0.9972,1.0212,1.0692,1.0336,1.058,1.0746
spel2sattwin,True,12,BN_14-pp-minor-15,15,96,96,23.3679559231,1.9018,1.7714,1.9614,1.886,1.9671,1.8983,2.1203,2.0117,1.9111,1.9243,1.9958,1.9535
spel2sattwin,True,13,BN_14-pp-minor-16,16,107,107,56.6082780361,4.2726,4.3825,4.3478,4.442,4.2781,4.2851,4.1458,4.1377,4.2034,4.3102,4.3329,4.4238,4.987
spel2sattwin,True,14,BN_14-pp-minor-17,17,115,115,122.865355968,8.1193,8.1114,8.1908,8.2825,8.2371,8.2584,8.2614,8.0812,8.1823,8.196,8.4891,8.6595,9.8586,13.8715
spel2sattwin,True,14,BN_14-pp-minor-18,18,125,125,212.666738987,16.6766,17.2329,14.8064,13.1301,13.3418,13.6501,14.2484,14.3112,13.9625,14.9362,15.577,15.644,16.0393,19.0418
spel2sattwin,True,14,BN_14-pp-minor-19,19,134,134,375.909096956,27.2467,25.8773,24.8918,25.9465,25.9471,25.1968,25.8174,26.0939,25.7364,25.7774,28.4149,26.7644,28.8838,33.2362
spel2sattwin,True,11,BN_14-pp-minor-1hree,13,75,75,4.59787297249,0.4559,0.411,0.3354,0.3476,0.3536,0.3485,0.4271,0.4448,0.4475,0.5025,0.4706
spel2sattwin,True,15,BN_14-pp-minor-20,20,142,142,868.891792059,53.5434,60.7091,60.8879,59.4931,60.4389,59.2753,55.8495,61.6348,52.2954,51.0002,51.7824,54.331,56.7703,57.9005,72.8703
spel2sattwin,True,16,BN_14-pp-minor-21,21,149,149,2124.32137704,101.3601,105.9359,106.8529,109.6194,113.1218,111.1693,111.6929,120.5982,112.52,112.9151,117.9035,122.0827,112.1249,124.8414,129.1652,412.3175
spel2sattwin,True,16,BN_14-pp-minor-22,22,157,157,3395.85855389,197.4531,189.5352,200.6503,176.3241,178.6112,190.2599,192.936,197.1263,198.2011,184.0757,201.1005,187.4753,190.0919,205.4705,286.3424,420.0959
spel2sattwin,False,15,BN_14-pp-minor-24,24,169,169,3190.42537403, ,9.5356,9.5501,9.5533,9.4197,10.0973,11.8329,16.2977,38.6962,104.948,81.9198,90.872,201.7121,595.8129,2000.0821
spel2sattwin,False,16,BN_14-pp-minor-25,25,176,176,5681.17237496, ,11.373,11.1426,11.5068,11.7818,12.1068,17.0558,15.5766,21.6819,44.986,59.8451,235.0156,612.8958,1462.9615,1153.0554,2000.1064
spel2sattwin,False,15,BN_14-pp-minor-26,26,183,183,4816.14648914, ,14.4128,14.6457,15.4997,15.2687,14.8285,19.1099,20.3977,28.7612,42.7793,58.3891,343.5226,600.5566,1627.8124,2000.0801
spel2sattwin,False,15,BN_14-pp-minor-27,27,190,190,5528.40726185, ,19.1708,19.0679,19.3789,19.1528,21.8473,23.1285,39.786,30.3344,47.958,127.1449,970.2019,474.8873,1716.1602,2000.1062
spel2sattwin,False,14,BN_14-pp-minor-28,28,195,195,3980.03510594, ,20.9677,21.2898,22.0203,21.8708,23.0814,26.7759,29.2025,39.1061,179.3964,130.4167,551.1178,914.5807,2000.1281
spel2sattwin,False,15,BN_14-pp-minor-29,29,202,202,5716.30890799, ,25.3489,26.2512,26.5211,28.0737,27.5296,30.5574,54.0762,78.7339,75.376,190.8278,414.7942,969.1425,1768.8465,2000.1385
spel2sattwin,True,16,BN_14-pp-minor-2hree,23,163,163,4334.05463409,15.2477,7.758,7.7346,7.4234,7.8746,7.9189,8.103,10.7993,15.5749,32.5579,62.8819,126.0001,471.1568,829.2205,1384.2995,1339.4165
spel2sattwin,False,2,BN_14-pp-minor-40,40,256,256,80.7527561188, ,80.7398
spel2sattwin,False,2,BN_14-pp-minor-41,41,260,260,74.5353319645, ,74.5213
spel2sattwin,False,2,BN_14-pp-minor-42,42,262,262,76.2831590176, ,76.2708
spel2sattwin,False,2,BN_14-pp-minor-44,44,267,267,73.7114419937, ,73.6707
spel2sattwin,False,2,BN_14-pp-minor-45,45,269,269,73.3786330223, ,73.3358
spel2sattwin,False,2,BN_14-pp-minor-46,46,273,273,103.080695868, ,103.0187
spel2sattwin,False,2,BN_14-pp-minor-47,47,276,276,87.6641499996, ,87.6521
spel2sattwin,False,2,BN_14-pp-minor-48,48,279,279,103.417554855, ,103.3622
spel2sattwin,False,2,BN_14-pp-minor-49,49,283,283,82.7456510067, ,82.7034
spel2sattwin,False,2,BN_14-pp-minor-4hree,43,265,265,81.4495370388, ,81.4346
spel2sattwin,False,2,BN_14-pp-minor-50,50,288,288,74.231041193, ,74.219
spel2sattwin,False,2,BN_14-pp-minor-51,51,293,293,135.751844168, ,135.7189
spel2sattwin,False,2,BN_14-pp-minor-52,52,295,295,78.7788159847, ,78.7375
spel2sattwin,False,2,BN_14-pp-minor-54,54,304,304,80.8871738911, ,80.8635
spel2sattwin,False,2,BN_14-pp-minor-55,55,308,308,98.4825360775, ,98.4325
spel2sattwin,False,2,BN_14-pp-minor-56,56,310,310,78.1113929749, ,78.0839
spel2sattwin,False,2,BN_14-pp-minor-57,57,313,313,109.834476948, ,109.7537
spel2sattwin,False,2,BN_14-pp-minor-58,58,317,317,100.025934935, ,100.004
spel2sattwin,False,2,BN_14-pp-minor-59,59,321,321,81.2060501575, ,81.1547
spel2sattwin,False,2,BN_14-pp-minor-5hree,53,298,298,79.7466430664, ,79.7157
spel2sattwin,False,2,BN_14-pp-minor-60,60,322,322,81.2449879646, ,81.2121
spel2sattwin,False,2,BN_14-pp-minor-61,61,325,325,73.1259679794, ,73.0833
spel2sattwin,False,2,BN_14-pp-minor-62,62,328,328,76.5043551922, ,76.4567
spel2sattwin,False,2,BN_14-pp-minor-64,64,335,335,75.3922569752, ,75.361
spel2sattwin,False,2,BN_14-pp-minor-65,65,338,338,118.642000914, ,118.6088
spel2sattwin,False,2,BN_14-pp-minor-66,66,341,341,82.1648759842, ,82.117
spel2sattwin,False,2,BN_14-pp-minor-67,67,346,346,131.415862799, ,131.3821
spel2sattwin,False,2,BN_14-pp-minor-68,68,348,348,79.8690218925, ,79.8272
spel2sattwin,False,2,BN_14-pp-minor-69,69,350,350,188.601701975, ,188.5875
spel2sattwin,False,2,BN_14-pp-minor-6hree,63,332,332,84.4659399986, ,84.4037
spel2sattwin,False,2,BN_14-pp-minor-70,70,352,352,93.3029770851, ,93.2892
spel2sattwin,False,14,BN_14-pp-minor-hree0,30,207,207,4775.966856, ,64.6255,71.6816,62.8156,90.2198,67.8328,97.2006,60.8368,68.4042,145.532,432.8623,496.6538,1117.0215,2000.1866
spel2sattwin,False,13,BN_14-pp-minor-hree1,31,209,209,3891.96913815, ,37.7792,34.937,35.1389,36.0587,37.5308,42.5049,44.7638,131.2853,262.4733,517.3677,711.8383,2000.2133
spel2sattwin,False,13,BN_14-pp-minor-hree2,32,213,213,4346.02117991, ,43.2259,43.8832,44.3227,44.4265,46.5319,58.5636,64.6204,82.8515,391.5979,900.0025,625.6426,2000.2696
spel2sattwin,False,13,BN_14-pp-minor-hree4,34,226,226,5105.05537701, ,57.5418,58.0407,66.808,60.75,65.0013,84.4773,120.4976,325.4962,290.1736,541.0173,1434.8521,2000.3036
spel2sattwin,False,12,BN_14-pp-minor-hree5,35,231,231,4061.26354384, ,69.2438,69.2241,71.3031,71.7994,79.4811,96.4266,181.9526,375.6588,371.7043,674.0802,2000.2983
spel2sattwin,False,2,BN_14-pp-minor-hree6,36,234,234,65.9034099579, ,65.8907
spel2sattwin,False,2,BN_14-pp-minor-hree7,37,241,241,75.3821759224, ,75.332
spel2sattwin,False,2,BN_14-pp-minor-hree8,38,245,245,69.6889209747, ,69.6482
spel2sattwin,False,2,BN_14-pp-minor-hree9,39,252,252,76.5017960072, ,76.4514
spel2sattwin,False,13,BN_14-pp-minor-hreehree,33,219,219,4230.96624422, ,46.9463,46.9772,47.442,51.6104,57.054,57.0953,69.7332,103.7621,294.593,308.7145,1146.7049,2000.2489
spel2sattwin,True,3,BN_15-pp-minor-04,4,6,6,0.182376861572,0.0555,0.068,0.046
spel2sattwin,True,4,BN_15-pp-minor-05,5,10,10,0.437207937241,0.0478,0.1488,0.1141,0.1094
spel2sattwin,True,5,BN_15-pp-minor-06,6,15,15,0.357192993164,0.055,0.1396,0.0419,0.0416,0.0568
spel2sattwin,True,6,BN_15-pp-minor-07,7,21,21,0.393613100052,0.0697,0.0696,0.0638,0.0622,0.0428,0.0595
spel2sattwin,True,7,BN_15-pp-minor-08,8,28,28,0.621726989746,0.0523,0.1269,0.1554,0.0534,0.0461,0.1092,0.051
spel2sattwin,True,8,BN_15-pp-minor-09,9,36,36,0.796355962753,0.0913,0.0936,0.0871,0.0963,0.1033,0.0818,0.116,0.0922
spel2sattwin,True,9,BN_15-pp-minor-10,10,45,45,1.31182098389,0.1518,0.1207,0.1699,0.1193,0.1622,0.1087,0.1599,0.1396,0.139
spel2sattwin,True,10,BN_15-pp-minor-11,11,55,55,1.75776815414,0.1612,0.2442,0.1731,0.1426,0.1955,0.1666,0.1555,0.1746,0.1424,0.1521
spel2sattwin,True,11,BN_15-pp-minor-12,12,66,66,2.68528079987,0.255,0.3088,0.2952,0.2234,0.243,0.2207,0.2232,0.2024,0.2117,0.2279,0.2215
spel2sattwin,True,13,BN_15-pp-minor-14,14,91,91,5.66151285172,0.4316,0.4659,0.4118,0.4468,0.388,0.4005,0.4064,0.4003,0.5698,0.428,0.4339,0.4011,0.4238
spel2sattwin,True,14,BN_15-pp-minor-15,15,105,105,8.24764299393,0.565,0.5901,0.5276,0.6012,0.6516,0.5917,0.566,0.5552,0.5756,0.6314,0.5679,0.5748,0.6166,0.578
spel2sattwin,True,14,BN_15-pp-minor-16,16,119,119,11.548830986,0.8848,0.7962,0.7983,0.7898,0.7896,0.808,0.839,0.8331,0.8763,0.8158,0.7835,0.8287,0.8199,0.8269
spel2sattwin,True,15,BN_15-pp-minor-17,17,132,132,21.2183821201,1.707,1.1633,1.2299,1.1504,1.1555,1.147,1.2019,1.2386,1.186,1.6012,1.6612,1.6744,1.6765,1.7092,1.658
spel2sattwin,True,15,BN_15-pp-minor-18,18,145,145,57.8012049198,4.7029,1.7508,1.7473,1.7833,1.693,4.1103,4.7262,4.6417,4.6178,4.6073,4.5996,4.6795,4.7183,4.7065,4.6499
spel2sattwin,True,16,BN_15-pp-minor-19,19,157,157,141.078372002,9.6736,2.3744,2.3733,8.3363,9.6521,9.8098,9.7813,9.7679,9.8576,9.7828,9.7886,9.8695,9.8841,9.7328,9.7457,10.5759
spel2sattwin,True,12,BN_15-pp-minor-1hree,13,78,78,4.15978002548,0.43,0.381,0.38,0.3523,0.2984,0.3023,0.3385,0.2815,0.3041,0.3048,0.3229,0.4039
spel2sattwin,True,16,BN_15-pp-minor-20,20,170,170,288.713397026,17.6981,14.9873,17.9479,18.0955,17.9906,17.9172,18.0182,17.7503,18.1116,17.7367,18.3946,17.8976,18.2981,19.2533,18.8146,19.7094
spel2sattwin,True,17,BN_15-pp-minor-21,21,182,182,596.330101013,33.2375,33.4684,33.5847,34.085,33.7634,33.5699,33.5551,36.1315,36.1924,36.5284,34.5092,35.1529,33.7332,33.623,35.0331,38.8872,41.1844
spel2sattwin,True,18,BN_15-pp-minor-22,22,192,192,1760.59502411,82.5312,84.4581,85.5364,82.8412,75.2413,79.935,83.2096,86.3971,89.474,85.0837,93.118,92.8968,86.4404,88.6254,87.0009,99.0975,88.1007,290.4788
spel2sattwin,True,18,BN_15-pp-minor-24,24,215,215,3828.55633593,31.5306,9.3187,9.8014,9.4218,9.726,9.9858,10.5112,11.0716,15.8133,17.8216,24.2638,30.9563,73.3857,343.7697,196.4975,619.7532,881.9385,1522.8882
spel2sattwin,False,16,BN_15-pp-minor-25,25,226,226,3505.88981318, ,11.4093,11.3798,11.4376,11.6683,11.7695,12.2778,14.3863,22.7472,28.1553,39.2599,45.2037,118.4213,155.0088,1012.5975,2000.0877
spel2sattwin,False,16,BN_15-pp-minor-26,26,236,236,3360.13431907, ,14.9212,15.1962,15.3677,15.3055,15.8969,15.9288,17.4044,20.0865,25.1565,54.1531,62.5115,97.3517,453.706,536.9637,2000.0976
spel2sattwin,False,16,BN_15-pp-minor-27,27,242,242,3180.78108191, ,18.4191,18.435,18.3279,18.8838,19.4103,20.6156,22.9867,22.2304,29.2265,62.832,70.6956,117.4322,255.5924,485.4819,2000.11
spel2sattwin,False,16,BN_15-pp-minor-28,28,251,251,4420.75904107, ,21.6023,20.9655,21.2067,21.6077,21.9824,22.731,24.2092,26.8221,52.7401,94.0935,140.8965,118.5282,917.3663,915.7293,2000.1718
spel2sattwin,False,15,BN_15-pp-minor-29,29,261,261,3502.97925496, ,25.3007,26.2742,25.354,25.2061,26.0207,28.2673,29.2337,40.1715,38.8787,62.9008,142.9687,560.8547,471.3175,2000.146
spel2sattwin,True,18,BN_15-pp-minor-2hree,23,202,202,3895.161134,200.9183,7.9606,8.0133,8.0505,8.197,8.285,8.6894,9.7793,13.3887,12.0535,54.6493,32.8544,145.2148,72.3131,106.4523,858.6849,999.6832,1339.8716
spel2sattwin,False,2,BN_15-pp-minor-40,40,342,342,74.0130290985, ,73.9921
spel2sattwin,False,2,BN_15-pp-minor-41,41,347,347,72.009193182, ,71.9902
spel2sattwin,False,2,BN_15-pp-minor-42,42,353,353,70.1405351162, ,70.1181
spel2sattwin,False,2,BN_15-pp-minor-44,44,362,362,75.0830211639, ,75.0685
spel2sattwin,False,2,BN_15-pp-minor-45,45,367,367,71.6997690201, ,71.6594
spel2sattwin,False,2,BN_15-pp-minor-46,46,374,374,77.7472760677, ,77.6996
spel2sattwin,False,2,BN_15-pp-minor-47,47,379,379,72.0989868641, ,72.0519
spel2sattwin,False,2,BN_15-pp-minor-48,48,383,383,105.587738037, ,105.5377
spel2sattwin,False,2,BN_15-pp-minor-49,49,388,388,82.6773991585, ,82.6321
spel2sattwin,False,2,BN_15-pp-minor-4hree,43,357,357,84.0624649525, ,84.0071
spel2sattwin,False,2,BN_15-pp-minor-50,50,390,390,113.792510986, ,113.7034
spel2sattwin,False,2,BN_15-pp-minor-51,51,396,396,89.7971329689, ,89.7306
spel2sattwin,False,2,BN_15-pp-minor-52,52,401,401,77.5736730099, ,77.5218
spel2sattwin,False,2,BN_15-pp-minor-54,54,410,410,79.3699829578, ,79.3218
spel2sattwin,False,2,BN_15-pp-minor-55,55,415,415,73.6141319275, ,73.5665
spel2sattwin,False,2,BN_15-pp-minor-56,56,420,420,79.2792069912, ,79.2345
spel2sattwin,False,2,BN_15-pp-minor-57,57,422,422,74.0489850044, ,74.0012
spel2sattwin,False,2,BN_15-pp-minor-58,58,425,425,109.513000011, ,109.4883
spel2sattwin,False,2,BN_15-pp-minor-59,59,428,428,136.48052597, ,136.4601
spel2sattwin,False,2,BN_15-pp-minor-5hree,53,407,407,80.1998889446, ,80.186
spel2sattwin,False,2,BN_15-pp-minor-60,60,431,431,81.7966239452, ,81.7758
spel2sattwin,False,2,BN_15-pp-minor-61,61,436,436,152.271522999, ,152.2034
spel2sattwin,False,2,BN_15-pp-minor-62,62,441,441,85.5709140301, ,85.5123
spel2sattwin,False,2,BN_15-pp-minor-64,64,447,447,79.6151409149, ,79.5785
spel2sattwin,False,2,BN_15-pp-minor-65,65,451,451,74.8291170597, ,74.7836
spel2sattwin,False,2,BN_15-pp-minor-66,66,460,460,76.4105861187, ,76.3969
spel2sattwin,False,2,BN_15-pp-minor-67,67,463,463,117.127213001, ,117.1036
spel2sattwin,False,2,BN_15-pp-minor-68,68,468,468,81.2256550789, ,81.1819
spel2sattwin,False,2,BN_15-pp-minor-69,69,470,470,88.0655419827, ,88.0136
spel2sattwin,False,2,BN_15-pp-minor-6hree,63,445,445,82.7845749855, ,82.7602
spel2sattwin,False,2,BN_15-pp-minor-70,70,476,476,85.7096891403, ,85.6914
spel2sattwin,False,16,BN_15-pp-minor-hree0,30,273,273,5265.23444104, ,28.535,28.5578,28.6153,29.0855,31.9177,32.7204,36.2253,45.985,57.3199,65.0194,361.9947,291.5359,337.2317,1890.2035,2000.1887
spel2sattwin,False,15,BN_15-pp-minor-hree1,31,279,279,3767.84582305, ,54.731,54.1974,43.2732,58.9164,50.7506,61.316,55.4619,99.2777,143.8262,177.9204,130.0372,329.5541,508.272,2000.1978
spel2sattwin,False,15,BN_15-pp-minor-hree2,32,288,288,4811.52588797, ,43.6599,43.899,43.6124,46.1516,44.9378,51.4322,50.4512,76.6737,175.9527,311.3333,315.0897,261.4085,1346.6047,2000.2234
spel2sattwin,False,14,BN_15-pp-minor-hree4,34,304,304,5263.16408587, ,76.0254,85.248,77.2541,84.4175,98.9355,92.9719,91.5927,114.2512,173.6117,281.5826,410.3811,1676.5365,2000.2461
spel2sattwin,False,15,BN_15-pp-minor-hree5,35,309,309,4720.31496501, ,63.465,61.2821,61.5767,61.8369,64.1471,68.5999,75.0843,82.5264,153.114,237.5258,454.989,323.3557,1012.4226,2000.2929
spel2sattwin,False,2,BN_15-pp-minor-hree6,36,315,315,61.332654953, ,61.3218
spel2sattwin,False,2,BN_15-pp-minor-hree7,37,323,323,72.8351390362, ,72.8153
spel2sattwin,False,2,BN_15-pp-minor-hree8,38,329,329,70.2525880337, ,70.2094
spel2sattwin,False,2,BN_15-pp-minor-hree9,39,336,336,71.75461483, ,71.7186
spel2sattwin,False,14,BN_15-pp-minor-hreehree,33,298,298,3974.81249404, ,50.4133,51.0868,52.2027,49.0228,51.5498,56.3843,60.2572,91.0077,80.425,278.6925,809.4082,343.9264,2000.3462
spel2sattwin,True,12,BN_16-pp.dgf-015,34,156,156,2128.58568597,193.454,46.1834,53.5683,54.564,53.8425,54.6212,59.1573,58.862,95.973,94.0906,324.3399,1039.8503
spel2sattwin,True,5,BN_28,24,49,49,25.8255929947,5.3575,4.3315,5.3742,5.3745,5.3669
spel2sattwin,True,5,BN_29,24,49,49,26.2672460079,5.4735,4.2695,5.456,5.5136,5.5292
spel2sattwin,False,2,BN_78,54,226,226,69.823114872, ,69.7938
spel2sattwin,False,13,BN_78-pp,33,174,174,3744.81206489, ,50.8499,50.5448,49.8697,52.4792,52.3948,64.2493,59.4861,96.7573,125.9869,498.3925,643.4735,2000.2466
spel2sattwin,False,2,BN_79,54,226,226,140.007869005, ,139.9753
spel2sattwin,False,14,BN_79-pp,33,174,174,6717.83425498, ,48.2354,47.0117,48.1967,51.677,48.608,50.7995,59.5559,240.3965,87.7358,634.0923,1435.124,1966.1094,2000.215
spel2sattwin,False,20,BN_80-pp,29,287,287,5293.44362307, ,24.5726,24.1036,24.6834,25.3329,26.8367,28.0667,27.2735,29.2107,26.8668,49.5543,39.9532,47.7715,76.3318,92.8086,168.6987,378.4907,220.0077,1982.5963,2000.1634
spel2sattwin,False,20,BN_81-pp,29,287,287,5332.61249518, ,24.9466,24.9164,24.904,25.04,25.1237,24.8734,25.4978,26.9308,27.3973,35.254,35.1551,51.603,45.6487,107.6048,262.2294,472.6472,664.1652,1428.4049,2000.1465
spel2sattwin,False,19,BN_82-pp,29,287,287,3869.44014502, ,24.2429,24.0674,23.8789,24.154,24.3196,29.8816,28.4101,29.5616,32.9322,38.946,36.3771,56.2407,123.2863,65.0025,690.7272,173.9727,443.1894,2000.1392
spel2sattwin,False,20,BN_84-pp,29,287,287,4877.07411981, ,25.0333,24.6307,24.7999,25.6389,26.4866,26.4721,26.9717,41.5354,38.573,30.5173,29.9891,75.588,160.0145,112.8347,170.6753,312.1291,1398.3098,326.6343,2000.1227
spel2sattwin,False,20,BN_85-pp,29,287,287,4955.61644197, ,24.4733,24.0119,24.4607,24.3423,25.0684,25.1443,26.5835,28.5273,29.6136,28.5038,50.0063,47.0249,45.9624,70.6783,392.726,175.9676,635.0083,1277.2223,2000.1798
spel2sattwin,False,2,BN_86-pp,38,394,394,74.0339288712, ,74.0205
spel2sattwin,False,2,BN_87-pp,38,394,394,72.1342909336, ,72.091
spel2sattwin,False,2,BN_88-pp,38,394,394,71.1357438564, ,71.0908
spel2sattwin,False,2,BN_89-pp,38,394,394,71.0058147907, ,70.9813
spel2sattwin,True,20,BN_8hree-pp,29,287,287,2811.91695499,30.9196,26.0956,26.5147,26.299,25.9733,24.5603,23.9042,24.3498,32.0411,29.835,30.4809,29.2777,76.0699,65.6819,111.5527,110.4483,256.5947,415.6171,321.8705,1123.7102
spel2sattwin,False,2,BN_90-pp,38,394,394,73.1326999664, ,73.0868
spel2sattwin,False,2,BN_91-pp,38,394,394,73.6727890968, ,73.6411
spel2sattwin,False,2,BN_92-pp,38,394,394,71.698278904, ,71.6546
spel2sattwin,False,2,BN_94,53,245,245,80.9394218922, ,80.9131
spel2sattwin,False,2,BN_94-pp,44,220,220,73.1797571182, ,73.1297
spel2sattwin,False,2,BN_95,53,245,245,74.5643558502, ,74.5182
spel2sattwin,False,2,BN_95-pp,44,220,220,69.7936019897, ,69.7674
spel2sattwin,False,2,BN_96,54,249,249,76.4711120129, ,76.4248
spel2sattwin,False,2,BN_96-pp,48,234,234,78.970042944, ,78.9431
spel2sattwin,False,2,BN_97,54,249,249,74.9288258553, ,74.9123
spel2sattwin,False,2,BN_97-pp,48,234,234,83.1325411797, ,83.1054
spel2sattwin,False,2,BN_98,57,270,270,82.5782580376, ,82.5362
spel2sattwin,False,2,BN_98-pp,47,241,241,71.512969017, ,71.4765
spel2sattwin,False,2,BN_99,57,270,270,84.8798129559, ,84.8344
spel2sattwin,False,2,BN_99-pp,47,241,241,72.861246109, ,72.8122
spel2sattwin,False,2,BN_9hree-pp,38,394,394,68.0616149902, ,68.0174
spel2sattwin,True,8,Brinkmann,21,42,42,5287.66294599,558.596,584.4729,656.1067,657.3932,633.1573,629.4868,668.5242,899.8701
spel2sattwin,True,2,Bull,5,5,5,0.177190065384,0.0717,0.0967
spel2sattwin,True,2,Butterfly,5,6,6,0.119464159012,0.0479,0.0623
spel2sattwin,True,2,c4,4,4,4,0.139405965805,0.0574,0.0732
spel2sattwin,True,2,C5,5,5,5,0.114287853241,0.0488,0.0571
spel2sattwin,True,2,C5+,5,6,6,0.161128044128,0.0604,0.0922
spel2sattwin,False,2,celar01-pp-001,47,275,275,74.9548048973, ,74.9298
spel2sattwin,True,10,celar01-pp-002,19,112,112,426.421435118,40.6148,35.8893,42.945,42.2924,44.4046,44.4342,41.9688,42.8021,45.8037,45.2104
spel2sattwin,False,2,celar01-pp-00hree,58,311,311,83.3980028629, ,83.3747
spel2sattwin,True,10,celar02-pp_1,19,115,115,222.416111946,24.1898,2.2947,20.485,25.116,25.554,25.411,25.3697,25.2921,24.7135,23.9457
spel2sattwin,True,10,celar02-pp,19,115,115,234.15912199,26.2411,2.369,21.0914,26.4643,26.1831,26.3048,26.3936,26.4465,26.4762,26.1417
spel2sattwin,True,10,celar02-wpp_1,30,144,144,327.212799072,34.8662,24.3058,28.5405,29.532,29.0066,28.8957,29.7453,30.045,31.2452,60.9781
spel2sattwin,True,10,celar02-wpp,30,144,144,315.639398098,32.93,24.4584,27.9748,28.4701,29.4646,28.4835,29.0589,28.7818,29.9788,55.9698
spel2sattwin,True,10,celar04-pp-001,16,93,93,44.4049551487,4.9177,1.0171,4.1262,4.8258,4.9607,4.9628,4.813,4.8513,4.9242,4.9642
spel2sattwin,False,2,celar04-pp-002,62,316,316,88.1712779999, ,88.1102
spel2sattwin,True,11,celar05-pp-001,19,113,113,301.446770191,29.8696,2.3365,24.5079,30.4626,30.4038,30.4945,29.9414,32.0596,30.9118,30.0963,30.3119
spel2sattwin,False,2,celar05-pp-002,47,271,271,70.6978299618, ,70.6587
spel2sattwin,True,3,celar05-wpp.dgf-004,4,6,6,0.14971113205,0.0445,0.0539,0.0391
spel2sattwin,True,3,celar05-wpp.dgf-005,4,6,6,0.209543228149,0.0596,0.0719,0.0635
spel2sattwin,True,3,celar05-wpp.dgf-006,4,6,6,0.163192987442,0.0443,0.0619,0.0444
spel2sattwin,True,3,celar05-wpp.dgf-007,4,6,6,0.167598009109,0.0517,0.0635,0.041
spel2sattwin,True,4,celar05-wpp.dgf-008,5,10,10,0.262729167938,0.0562,0.0695,0.06,0.0597
spel2sattwin,True,4,celar05-wpp.dgf-009,5,10,10,0.246955871582,0.0447,0.0573,0.0619,0.0677
spel2sattwin,True,3,celar05-wpp.dgf-00hree,4,6,6,0.153218984604,0.0486,0.0521,0.0405
spel2sattwin,True,4,celar05-wpp.dgf-010,5,10,10,0.217763900757,0.0423,0.0609,0.0381,0.0591
spel2sattwin,True,4,celar05-wpp.dgf-011,5,10,10,0.213038921356,0.0419,0.0625,0.0572,0.0346
spel2sattwin,True,4,celar05-wpp.dgf-012,5,10,10,0.198527812958,0.0336,0.0657,0.0404,0.0427
spel2sattwin,True,4,celar05-wpp.dgf-014,5,10,10,0.513429164886,0.1439,0.0701,0.1206,0.0806
spel2sattwin,True,5,celar05-wpp.dgf-015,6,15,15,0.343822002411,0.0565,0.0861,0.0642,0.0695,0.0471
spel2sattwin,True,5,celar05-wpp.dgf-016,6,15,15,0.75803899765,0.1101,0.1231,0.1245,0.1358,0.1536
spel2sattwin,True,7,celar05-wpp.dgf-017,8,28,28,1.80379486084,0.2688,0.2144,0.258,0.2875,0.1899,0.2681,0.1799
spel2sattwin,True,8,celar05-wpp.dgf-018,9,36,36,0.754903078079,0.0959,0.1186,0.0761,0.0881,0.0831,0.0762,0.0919,0.0915
spel2sattwin,True,11,celar05-wpp.dgf-019,19,113,113,324.408648014,37.0358,2.7652,23.7287,29.6146,29.4109,32.8067,31.52,30.549,32.5913,40.8052,33.5012
spel2sattwin,True,4,celar05-wpp.dgf-01hree,5,10,10,0.250431776047,0.0485,0.0662,0.0521,0.0669
spel2sattwin,False,2,celar05-wpp.dgf-020,47,271,271,120.052670956, ,119.995
spel2sattwin,True,11,celar06-pp_1,16,101,101,27.2760999203,2.041,1.6525,2.1403,2.6286,3.617,4.1103,2.5659,2.0469,2.0648,2.3014,2.0582
spel2sattwin,True,11,celar06-pp,16,101,101,37.452080965,3.0754,1.547,1.419,3.9566,4.5051,2.8583,5.0297,2.4784,2.6047,7.1639,2.7665
spel2sattwin,True,11,celar06-wpp_1,34,156,156,578.468770981,59.3008,44.8041,44.5322,51.8419,53.1987,51.9158,51.9682,53.1086,52.7551,56.7311,58.2495
spel2sattwin,True,11,celar06-wpp,34,156,156,681.508601904,56.15,44.9495,48.3302,73.7458,90.8369,87.6723,63.7805,54.2457,53.3374,54.2467,54.1548
spel2sattwin,False,2,celar07-pp-001,45,320,320,71.9816749096, ,71.9689
spel2sattwin,True,7,celar07-pp-002,16,54,54,95.3265399933,14.1666,11.0041,14.0255,13.9315,14.0947,13.9315,14.139
spel2sattwin,True,4,celar07-pp.dgf-004,5,10,10,0.668123960495,0.1398,0.1302,0.1278,0.1279
spel2sattwin,True,4,celar07-pp.dgf-005,5,10,10,0.631222963333,0.1325,0.162,0.1244,0.136
spel2sattwin,True,5,celar07-pp.dgf-006,6,15,15,0.646224975586,0.1463,0.0902,0.0852,0.1126,0.136
spel2sattwin,True,5,celar07-pp.dgf-007,6,15,15,0.307744026184,0.0447,0.0747,0.0589,0.0666,0.0439
spel2sattwin,True,5,celar07-pp.dgf-008,6,15,15,0.916002035141,0.1116,0.135,0.1078,0.2032,0.184
spel2sattwin,True,5,celar07-pp.dgf-009,6,15,15,0.57358789444,0.1198,0.0673,0.0715,0.1224,0.1209
spel2sattwin,True,3,celar07-pp.dgf-00hree,4,6,6,0.183259010315,0.0594,0.0606,0.0492
spel2sattwin,True,5,celar07-pp.dgf-010,6,15,15,0.306308031082,0.0525,0.0704,0.0427,0.0546,0.0666
spel2sattwin,True,5,celar07-pp.dgf-011,6,15,15,0.61718082428,0.1039,0.1438,0.0967,0.1039,0.1079
spel2sattwin,True,4,celar07-pp.dgf-012,7,15,15,0.331374168396,0.0719,0.1075,0.0745,0.0586
spel2sattwin,True,11,celar07-pp.dgf-014,12,66,66,2.41712093353,0.22,0.253,0.2092,0.2151,0.2042,0.2146,0.2181,0.2164,0.2085,0.2045,0.2108
spel2sattwin,True,11,celar07-pp.dgf-015,12,66,66,6.01853013039,0.5007,0.6708,0.5593,0.5076,0.5323,0.3258,0.6887,0.5671,0.3376,0.6514,0.5979
spel2sattwin,True,7,celar07-pp.dgf-016,16,54,54,98.4508490562,14.4974,11.3467,14.3737,14.3057,14.3809,15.2263,14.2883
spel2sattwin,False,2,celar07-pp.dgf-017,45,320,320,71.0742280483, ,71.0258
spel2sattwin,True,6,celar07-pp.dgf-01hree,7,21,21,0.356505870819,0.0424,0.0743,0.0484,0.0591,0.0729,0.0356
spel2sattwin,True,3,celar07pp-pp.dgf-001,4,6,6,0.149635076523,0.0529,0.0512,0.0318
spel2sattwin,True,4,celar07pp-pp.dgf-002,5,10,10,0.4496281147,0.1043,0.1073,0.105,0.0587
spel2sattwin,True,5,celar07pp-pp.dgf-004,6,15,15,0.409441947937,0.0733,0.0993,0.0841,0.0579,0.0748
spel2sattwin,True,5,celar07pp-pp.dgf-005,6,15,15,0.479768037796,0.0712,0.1059,0.0999,0.0898,0.092
spel2sattwin,True,5,celar07pp-pp.dgf-006,6,15,15,0.294996976852,0.0466,0.0721,0.048,0.064,0.0442
spel2sattwin,True,5,celar07pp-pp.dgf-007,6,15,15,0.28995013237,0.0564,0.054,0.0441,0.0589,0.0558
spel2sattwin,True,5,celar07pp-pp.dgf-008,6,15,15,0.317216157913,0.0521,0.0783,0.0652,0.056,0.0443
spel2sattwin,True,6,celar07pp-pp.dgf-009,7,21,21,0.356453180313,0.0454,0.0696,0.0618,0.0562,0.044,0.0546
spel2sattwin,True,5,celar07pp-pp.dgf-00hree,6,15,15,0.285016059875,0.0566,0.0683,0.0442,0.0518,0.0447
spel2sattwin,True,4,celar07pp-pp.dgf-010,8,16,16,0.549720048904,0.1465,0.1191,0.1275,0.1415
spel2sattwin,True,7,celar07pp-pp.dgf-011,14,47,47,28.7822959423,4.9081,3.2104,3.8236,3.9569,4.0657,4.8069,3.9717
spel2sattwin,False,2,celar07pp-pp.dgf-012,45,320,320,117.927798986, ,117.8949
spel2sattwin,False,2,celar08-pp-001,39,283,283,72.4910588264, ,72.447
spel2sattwin,True,8,celar08-pp-002,16,61,61,99.5427410603,12.7957,9.9494,12.7872,12.7513,12.7367,12.8721,12.839,12.7795
spel2sattwin,True,3,celar08pp-pp.dgf-001,4,6,6,0.243926048279,0.0375,0.1442,0.0476
spel2sattwin,True,3,celar08pp-pp.dgf-002,4,6,6,0.127315044403,0.0285,0.0403,0.0452
spel2sattwin,True,3,celar08pp-pp.dgf-004,4,6,6,0.218524932861,0.0614,0.0904,0.0548
spel2sattwin,True,3,celar08pp-pp.dgf-005,4,6,6,0.198956012726,0.0399,0.1142,0.0318
spel2sattwin,True,3,celar08pp-pp.dgf-006,4,6,6,0.250462055206,0.0463,0.0709,0.1201
spel2sattwin,True,4,celar08pp-pp.dgf-007,5,10,10,0.323828935623,0.0373,0.1411,0.0692,0.0599
spel2sattwin,True,4,celar08pp-pp.dgf-008,5,10,10,0.205417871475,0.0434,0.0691,0.0405,0.0377
spel2sattwin,True,4,celar08pp-pp.dgf-009,5,10,10,0.264328956604,0.0407,0.1086,0.0356,0.063
spel2sattwin,True,3,celar08pp-pp.dgf-00hree,4,6,6,0.247117996216,0.0591,0.1081,0.0673
spel2sattwin,True,4,celar08pp-pp.dgf-010,5,10,10,0.249710083008,0.0484,0.0678,0.0725,0.0438
spel2sattwin,True,4,celar08pp-pp.dgf-011,5,10,10,0.281806945801,0.0633,0.0998,0.0526,0.0492
spel2sattwin,True,4,celar08pp-pp.dgf-012,5,10,10,0.247340917587,0.0497,0.0528,0.0265,0.1029
spel2sattwin,True,4,celar08pp-pp.dgf-014,5,10,10,0.330912828445,0.1311,0.0934,0.0403,0.0502
spel2sattwin,True,4,celar08pp-pp.dgf-015,5,10,10,0.279566049576,0.0276,0.1097,0.0483,0.08
spel2sattwin,True,4,celar08pp-pp.dgf-016,5,10,10,0.264263153076,0.059,0.061,0.0627,0.0588
spel2sattwin,True,4,celar08pp-pp.dgf-017,5,10,10,0.313916921616,0.0478,0.0977,0.0944,0.0588
spel2sattwin,True,4,celar08pp-pp.dgf-018,5,10,10,0.231898069382,0.0571,0.0557,0.0454,0.0578
spel2sattwin,True,4,celar08pp-pp.dgf-019,5,10,10,0.309285879135,0.0485,0.1451,0.0326,0.0661
spel2sattwin,True,4,celar08pp-pp.dgf-01hree,5,10,10,0.231812000275,0.029,0.0523,0.0592,0.063
spel2sattwin,True,4,celar08pp-pp.dgf-020,5,10,10,0.166015148163,0.0248,0.0525,0.0409,0.0293
spel2sattwin,True,4,celar08pp-pp.dgf-021,5,10,10,0.333770036697,0.0763,0.1315,0.0685,0.042
spel2sattwin,True,5,celar08pp-pp.dgf-022,6,15,15,0.264230012894,0.0423,0.0681,0.0512,0.0365,0.0467
spel2sattwin,True,6,celar08pp-pp.dgf-024,7,21,21,0.403427124023,0.0896,0.0663,0.065,0.0403,0.055,0.0601
spel2sattwin,True,6,celar08pp-pp.dgf-025,8,24,24,0.612313985825,0.0857,0.144,0.0862,0.088,0.1041,0.0797
spel2sattwin,True,7,celar08pp-pp.dgf-026,8,28,28,0.543175935745,0.0618,0.0769,0.06,0.0698,0.0977,0.0672,0.0803
spel2sattwin,True,8,celar08pp-pp.dgf-027,9,36,36,0.792601108551,0.0803,0.1551,0.1284,0.118,0.0607,0.0709,0.0621,0.0875
spel2sattwin,True,9,celar08pp-pp.dgf-028,10,45,45,1.07802796364,0.1157,0.1091,0.1272,0.1024,0.1114,0.118,0.1125,0.1113,0.13
spel2sattwin,True,9,celar08pp-pp.dgf-029,10,45,45,1.17674279213,0.1209,0.1279,0.1244,0.1647,0.0952,0.1279,0.1697,0.0939,0.1154
spel2sattwin,True,5,celar08pp-pp.dgf-02hree,6,15,15,0.312260866165,0.0429,0.0463,0.1192,0.0374,0.0471
spel2sattwin,True,9,celar08pp-pp.dgf-0hree0,10,45,45,1.18907999992,0.1291,0.113,0.1372,0.1658,0.0943,0.0932,0.1319,0.1417,0.1478
spel2sattwin,True,9,celar08pp-pp.dgf-0hree1,10,45,45,1.2050909996,0.1223,0.1454,0.1718,0.1132,0.1198,0.1177,0.1328,0.1235,0.1225
spel2sattwin,True,8,celar08pp-pp.dgf-0hree2,16,61,61,100.749126911,13.479,9.9262,12.7418,12.6937,12.6637,12.8412,12.7061,13.6647
spel2sattwin,False,2,celar08pp-pp.dgf-0hreehree,39,283,283,72.4902691841, ,72.4479
spel2sattwin,True,8,celar09-pp-001,16,61,61,101.591586113,13.5434,10.6232,12.6745,12.2287,12.249,13.2885,13.4044,13.5458
spel2sattwin,False,2,celar09pp_1,67,165,165,71.7537920475, ,71.7131
spel2sattwin,False,2,celar09pp,67,165,165,74.1687209606, ,74.1273
spel2sattwin,False,2,celar0hree-pp-001,38,238,238,68.723651886, ,68.6854
spel2sattwin,True,3,celar0hree-pp2.dgf-002,4,6,6,0.246157884598,0.0793,0.0737,0.0807
spel2sattwin,True,3,celar0hree-pp2.dgf-004,4,6,6,0.169888019562,0.0507,0.0741,0.0335
spel2sattwin,True,4,celar0hree-pp2.dgf-005,5,10,10,0.2567050457,0.0631,0.0921,0.0501,0.0355
spel2sattwin,True,4,celar0hree-pp2.dgf-006,5,10,10,0.264824151993,0.0569,0.0731,0.0419,0.077
spel2sattwin,True,4,celar0hree-pp2.dgf-007,5,10,10,0.243807792664,0.0447,0.0501,0.0745,0.0524
spel2sattwin,True,4,celar0hree-pp2.dgf-008,5,10,10,0.198080062866,0.0359,0.0556,0.0429,0.0486
spel2sattwin,True,4,celar0hree-pp2.dgf-009,5,10,10,0.244637012482,0.0384,0.1345,0.0278,0.0287
spel2sattwin,True,3,celar0hree-pp2.dgf-00hree,4,6,6,0.193119049072,0.0621,0.0659,0.0521
spel2sattwin,True,4,celar0hree-pp2.dgf-010,5,10,10,0.267405986786,0.0326,0.0977,0.0593,0.0535
spel2sattwin,True,4,celar0hree-pp2.dgf-011,6,12,12,0.374098062515,0.0499,0.1381,0.0841,0.0811
spel2sattwin,True,5,celar0hree-pp2.dgf-012,6,15,15,0.923309087753,0.2313,0.1361,0.1458,0.1358,0.1159
spel2sattwin,True,7,celar0hree-pp2.dgf-014,8,28,28,0.586449861526,0.0737,0.0923,0.0679,0.1056,0.0634,0.0807,0.0764
spel2sattwin,False,2,celar0hree-pp2.dgf-015,38,238,238,68.8496711254, ,68.8345
spel2sattwin,True,6,celar0hree-pp2.dgf-01hree,7,21,21,0.437078952789,0.0513,0.12,0.0726,0.0375,0.0783,0.0523
spel2sattwin,False,2,celar0hree-pp2,64,317,317,73.8035969734, ,73.7519
spel2sattwin,True,8,celar10-pp-001,16,61,61,137.231614113,23.3257,13.7374,23.5863,20.9473,12.7676,12.9366,15.3932,14.4763
spel2sattwin,True,10,celar11-pp-001,19,112,112,290.286734104,33.2966,2.3186,26.2676,32.9101,33.1035,32.6651,32.6474,32.2777,32.3441,32.408
spel2sattwin,True,7,celar11-pp-002,13,46,46,16.1494908333,2.3446,2.3103,2.3003,2.2826,2.267,2.3198,2.2998
spel2sattwin,True,6,celar11-pp-004,16,43,43,119.708873987,20.1313,16.7102,21.6185,19.975,20.2874,20.9594
spel2sattwin,False,2,celar11-pp-00hree,48,264,264,71.9150240421, ,71.8911
spel2sattwin,True,6,Chvatal,12,24,24,14.2824389935,2.4918,3.8147,1.8612,1.8602,1.9368,2.2945
spel2sattwin,True,9,Clebsch,16,40,40,326.053390026,23.1729,23.9523,23.6548,24.2852,24.1797,24.5993,27.4986,34.0726,120.5967
spel2sattwin,True,7,csf,32,94,94,111.548679113,16.5135,11.779,13.2374,13.1087,15.1057,16.2046,25.5619
spel2sattwin,True,13,david-pp,29,191,191,618.254098177,39.1607,24.1919,24.1751,24.2102,24.8219,25.204,27.4509,29.065,41.9011,34.0819,36.1766,114.9373,172.8129
spel2sattwin,True,6,Desargues,20,30,30,2250.68810916,363.4851,355.3665,353.5981,357.7398,363.0771,457.3766
spel2sattwin,True,4,diabetes-pp-001,6,12,12,0.271655082703,0.0451,0.1106,0.0517,0.0485
spel2sattwin,True,4,diabetes-pp-002,8,17,17,0.457275867462,0.1157,0.1118,0.1,0.1125
spel2sattwin,True,2,Diamond,4,5,5,0.149533033371,0.0388,0.1019
spel2sattwin,True,6,Dodecahedron,20,30,30,2675.360847,396.576,411.7946,427.7217,404.1236,401.6816,633.4148
spel2sattwin,True,4,Durer,12,18,18,8.97835111618,2.2234,2.2124,2.2223,2.3055
spel2sattwin,False,2,eil51.tsp,51,140,140,77.4215381145, ,77.3822
spel2sattwin,True,6,Errera,17,45,45,255.688019991,42.4408,41.5338,42.7215,42.5032,42.8475,43.6091
spel2sattwin,True,4,fivex5-grid,25,40,39,112.362315893,26.4784,18.3703,34.1457,33.3484
spel2sattwin,True,6,FlowerSnark,20,30,30,2106.18577886,318.7931,346.681,305.5663,324.0578,412.2108,398.8371
spel2sattwin,True,7,Folkman,20,40,40,2106.82121301,322.3798,238.2893,295.239,291.6808,318.883,306.2105,334.0908
spel2sattwin,True,4,fourx4-grid,16,24,24,127.367321968,31.4638,32.1338,31.7686,31.9806
spel2sattwin,True,5,Franklin,12,18,18,12.853456974,2.286,2.2908,2.2725,2.3911,3.5926
spel2sattwin,True,4,Frucht,12,18,18,9.19871902466,2.237,2.286,2.2394,2.4205
spel2sattwin,True,4,fungiuk,15,36,36,42.1768569946,11.3216,8.7717,11.144,10.9222
spel2sattwin,True,3,games120-pp.dgf-002,4,6,6,0.171144008636,0.0412,0.0782,0.0393
spel2sattwin,True,9,games120-pp.dgf-00hree,14,63,63,25.2351989746,2.8596,2.3191,2.8351,2.8133,2.8447,2.8298,2.8413,2.9529,2.906
spel2sattwin,True,4,Goldner,11,27,27,3.20638608932,0.7595,0.8163,0.7844,0.8271
spel2sattwin,True,4,graph06pp-pp.dgf-001,5,10,10,0.24325799942,0.0409,0.0767,0.048,0.0546
spel2sattwin,True,4,graph06pp-pp.dgf-002,5,10,10,0.278475999832,0.0745,0.0992,0.0491,0.0384
spel2sattwin,True,6,graph06pp-pp.dgf-004,8,23,23,0.710880041122,0.091,0.1526,0.1182,0.0886,0.1086,0.1303
spel2sattwin,True,4,graph06pp-pp.dgf-00hree,5,10,10,0.242907047272,0.0417,0.0639,0.0777,0.0396
spel2sattwin,False,2,graph12pp_1,61,122,122,76.6121690273, ,76.6008
spel2sattwin,False,2,graph12pp,61,122,122,73.2910430431, ,73.2525
spel2sattwin,True,5,Grotzsch,11,20,20,5.04512095451,0.9748,1.0231,0.9802,0.9808,1.0667
spel2sattwin,True,4,Herschel,11,18,18,4.18201303482,1.0504,1.0319,1.0289,1.055
spel2sattwin,True,7,Hoffman,16,32,32,228.155188084,26.0496,26.0081,25.8986,26.125,26.5488,33.5389,63.9535
spel2sattwin,False,9,Holt,27,54,54,3611.903265, ,26.1637,22.7722,37.3849,44.3015,129.9359,330.2802,1020.9092,2000.1116
spel2sattwin,True,7,Kittell,23,63,63,228.210654974,12.446,7.7271,7.8137,9.4039,13.9063,35.1557,141.7221
spel2sattwin,False,2,kneser8-hree,56,280,280,73.9923610687, ,73.9427
spel2sattwin,False,2,knights8_8,64,168,168,98.5479419231, ,98.5018
spel2sattwin,False,2,knights8_8-pp,60,164,164,117.966902018, ,117.936
spel2sattwin,True,3,link-pp-minor-004,4,6,6,0.156295061111,0.0612,0.0501,0.0324
spel2sattwin,True,4,link-pp-minor-005,5,10,10,0.193520069122,0.0507,0.0413,0.0484,0.0372
spel2sattwin,True,5,link-pp-minor-006,6,15,15,0.248650789261,0.0329,0.0518,0.0556,0.0579,0.0322
spel2sattwin,True,6,link-pp-minor-007,7,21,21,0.484855890274,0.0807,0.0866,0.0604,0.0744,0.0805,0.0772
spel2sattwin,True,7,link-pp-minor-008,8,28,28,0.515508890152,0.0861,0.064,0.0635,0.0451,0.086,0.0715,0.07
spel2sattwin,True,8,link-pp-minor-009,9,36,36,0.686903953552,0.0764,0.1189,0.0662,0.0765,0.0688,0.0968,0.0764,0.0791
spel2sattwin,True,9,link-pp-minor-010,10,45,45,1.15996384621,0.1146,0.1772,0.1139,0.1465,0.1019,0.1434,0.115,0.0961,0.1115
spel2sattwin,True,10,link-pp-minor-011,11,55,55,1.70868515968,0.1555,0.178,0.1444,0.1599,0.1664,0.2136,0.1953,0.1501,0.1425,0.1593
spel2sattwin,True,11,link-pp-minor-012,12,66,66,2.33678603172,0.2137,0.2314,0.1899,0.2154,0.2014,0.2101,0.2158,0.2104,0.2094,0.1945,0.2017
spel2sattwin,True,11,link-pp-minor-014,14,86,86,6.29817390442,0.6907,0.4688,0.4856,0.4836,0.4711,0.4717,0.4662,0.6513,0.6928,0.6924,0.6737
spel2sattwin,True,12,link-pp-minor-015,15,94,94,29.8188719749,3.1059,1.4087,1.6251,3.1554,4.523,3.0462,2.0849,2.0781,2.1771,2.4588,1.7402,2.3479
spel2sattwin,True,12,link-pp-minor-016,16,101,101,35.197893858,3.3408,1.0936,0.9314,2.9742,3.3397,3.343,3.3368,3.3484,3.3456,3.3961,3.3264,3.3794
spel2sattwin,True,12,link-pp-minor-017,17,108,108,77.6039750576,6.9801,1.4136,5.9103,7.2555,6.9556,6.9341,6.9606,6.9529,6.9922,6.9931,7.0625,7.1381
spel2sattwin,True,12,link-pp-minor-018,18,114,114,173.984354973,15.9162,1.7927,12.9373,16.064,15.9318,15.524,16.5516,15.6904,15.687,15.8167,15.809,16.207
spel2sattwin,True,13,link-pp-minor-019,19,119,119,475.257653952,36.8825,28.233,35.1081,37.0579,38.2016,36.5964,35.4358,35.3935,38.471,37.4338,35.8107,36.0116,44.5571
spel2sattwin,True,11,link-pp-minor-01hree,13,77,77,3.57418298721,0.362,0.3324,0.3065,0.3075,0.3126,0.3244,0.2992,0.3055,0.3113,0.329,0.3346
spel2sattwin,True,13,link-pp-minor-020,20,125,125,809.891345024,62.5267,40.9696,51.9552,61.245,55.8022,53.969,71.3354,63.6601,68.514,67.6536,64.6298,67.5406,80.0117
spel2sattwin,True,13,link-pp-minor-021,21,130,130,1798.51156402,178.8894,88.7233,97.9674,138.8603,139.1321,128.7454,134.3831,128.3448,137.161,140.1674,140.4319,151.5204,194.0927
spel2sattwin,True,13,link-pp-minor-022,22,137,137,3125.5609479,227.6085,152.1017,202.9766,217.6973,215.2034,240.3073,247.654,280.6912,277.3477,264.537,265.7637,262.7454,270.8432
spel2sattwin,True,13,link-pp-minor-024,24,151,151,679.641885042,21.6769,9.4838,9.494,9.7802,9.7565,10.3702,10.0249,16.2342,12.1916,42.0029,78.0155,103.046,347.4951
spel2sattwin,True,13,link-pp-minor-025,25,156,156,1252.46761298,58.4569,11.4067,11.2822,11.2729,11.3942,11.7694,13.6544,13.2502,18.9299,89.6917,230.1389,281.2621,489.8879
spel2sattwin,True,13,link-pp-minor-026,26,163,163,1410.84435391,54.5862,13.5067,13.5661,13.638,14.243,14.507,15.8505,35.8225,21.3518,100.815,201.2129,420.4759,491.1937
spel2sattwin,True,13,link-pp-minor-027,27,168,168,2776.44708896,220.3142,17.4137,17.4864,17.6229,17.8803,19.1908,19.1746,22.9651,164.0913,129.1439,340.3836,803.0095,987.687
spel2sattwin,True,13,link-pp-minor-028,28,175,175,2381.40219903,51.3628,20.6018,20.7955,20.6645,21.0148,21.6404,31.6876,36.4131,68.3171,77.3621,108.1344,433.7622,1469.5716
spel2sattwin,True,13,link-pp-minor-029,29,179,179,2994.57449794,138.4923,23.6023,23.4488,24.0448,26.0078,28.2982,33.7545,49.884,70.5997,151.6829,567.414,904.1733,953.0933
spel2sattwin,True,13,link-pp-minor-02hree,23,144,144,430.382172108,8.016,7.2787,7.2784,7.3647,7.6274,8.3301,9.3934,10.5833,20.4946,40.653,63.1329,76.7316,163.4368
spel2sattwin,False,2,link-pp-minor-040,40,223,223,77.9421958923, ,77.929
spel2sattwin,False,2,link-pp-minor-041,41,227,227,77.2940571308, ,77.2834
spel2sattwin,False,2,link-pp-minor-042,42,229,229,68.9497461319, ,68.9259
spel2sattwin,False,2,link-pp-minor-044,44,235,235,77.3591058254, ,77.3261
spel2sattwin,False,2,link-pp-minor-045,45,239,239,73.457859993, ,73.446
spel2sattwin,False,2,link-pp-minor-046,46,242,242,79.0553088188, ,79.0432
spel2sattwin,False,2,link-pp-minor-047,47,246,246,83.8291268349, ,83.8148
spel2sattwin,False,2,link-pp-minor-048,48,250,250,105.245054007, ,105.2326
spel2sattwin,False,2,link-pp-minor-049,49,252,252,108.966467857, ,108.9182
spel2sattwin,False,2,link-pp-minor-04hree,43,232,232,70.9926381111, ,70.9534
spel2sattwin,False,2,link-pp-minor-050,50,255,255,72.1999461651, ,72.1589
spel2sattwin,False,2,link-pp-minor-051,51,261,261,67.9807322025, ,67.955
spel2sattwin,False,2,link-pp-minor-052,52,263,263,72.9414539337, ,72.9121
spel2sattwin,False,2,link-pp-minor-054,54,268,268,108.551249981, ,108.4949
spel2sattwin,False,2,link-pp-minor-055,55,270,270,73.8314290047, ,73.7856
spel2sattwin,False,2,link-pp-minor-056,56,276,276,156.118123055, ,156.0921
spel2sattwin,False,2,link-pp-minor-057,57,283,283,74.1503040791, ,74.1082
spel2sattwin,False,2,link-pp-minor-058,58,291,291,80.6405220032, ,80.5957
spel2sattwin,False,2,link-pp-minor-059,59,299,299,78.0307109356, ,77.9827
spel2sattwin,False,2,link-pp-minor-05hree,53,265,265,75.9768531322, ,75.9444
spel2sattwin,False,2,link-pp-minor-060,60,307,307,82.4628748894, ,82.4161
spel2sattwin,False,2,link-pp-minor-061,61,315,315,72.6415379047, ,72.6293
spel2sattwin,False,2,link-pp-minor-062,62,323,323,125.000560045, ,124.9343
spel2sattwin,False,2,link-pp-minor-064,64,339,339,84.3230860233, ,84.2766
spel2sattwin,False,2,link-pp-minor-065,65,347,347,70.8347051144, ,70.8115
spel2sattwin,False,2,link-pp-minor-066,66,355,355,71.8310761452, ,71.8041
spel2sattwin,False,2,link-pp-minor-067,67,363,363,75.2846570015, ,75.2431
spel2sattwin,False,2,link-pp-minor-068,68,371,371,80.4258949757, ,80.4019
spel2sattwin,False,2,link-pp-minor-069,69,379,379,73.0479979515, ,73.0234
spel2sattwin,False,2,link-pp-minor-06hree,63,331,331,101.368157148, ,101.3359
spel2sattwin,False,2,link-pp-minor-070,70,382,382,131.011922121, ,130.9514
spel2sattwin,True,13,link-pp-minor-0hree0,30,185,185,2826.12957716,192.9226,28.7015,29.2237,29.4288,29.6196,31.2123,33.5327,75.7914,138.6246,141.5968,498.5708,329.8797,1266.9526
spel2sattwin,True,13,link-pp-minor-0hree1,31,192,192,3508.40319395,322.1391,36.9737,36.7635,36.8807,37.37,51.6948,56.4738,106.4365,220.9267,122.4719,519.1098,772.9532,1188.1096
spel2sattwin,True,13,link-pp-minor-0hree2,32,194,194,3559.84618807,268.4892,41.9981,40.66,41.4746,41.4306,42.8556,46.8921,54.5724,146.5299,263.7948,355.3406,514.263,1701.4603
spel2sattwin,False,13,link-pp-minor-0hree4,34,202,202,4580.04382491, ,56.1767,70.7297,61.1326,72.8898,82.5586,71.6275,113.7383,91.5545,274.1087,501.4417,1183.6764,2000.2457
spel2sattwin,False,13,link-pp-minor-0hree5,35,205,205,5424.18037105, ,89.8765,64.174,82.7643,70.1376,89.6868,86.2255,69.8819,570.7716,206.7107,446.5972,1646.9787,2000.294
spel2sattwin,False,2,link-pp-minor-0hree6,36,208,208,81.5571808815, ,81.5455
spel2sattwin,False,2,link-pp-minor-0hree7,37,212,212,68.3409349918, ,68.3073
spel2sattwin,False,2,link-pp-minor-0hree8,38,216,216,71.2238838673, ,71.1905
spel2sattwin,False,2,link-pp-minor-0hree9,39,219,219,77.3213088512, ,77.2841
spel2sattwin,False,13,link-pp-minor-0hreehree,33,198,198,4316.11209416, ,47.6302,48.7532,45.1838,47.6105,45.8179,64.5486,77.784,114.9018,343.6346,496.6407,983.2773,2000.242
spel2sattwin,False,2,mainuk,48,198,198,77.9886419773, ,77.9627
spel2sattwin,True,6,mainuk-pp,9,28,28,0.823651075363,0.1273,0.1274,0.1406,0.1325,0.1405,0.133
spel2sattwin,False,7,McGee,24,36,36,2620.77660704, ,21.6669,19.78,41.2718,70.1089,467.837,2000.0712
spel2sattwin,True,3,MCSTestGraph2,9,13,13,0.922616004944,0.24,0.2779,0.3763
spel2sattwin,True,3,MCSTestGraph,7,11,11,0.229249000549,0.0601,0.0923,0.0637
spel2sattwin,True,5,mildew,35,80,80,380.149026155,110.9029,55.615,55.9395,59.883,97.7806
spel2sattwin,True,4,mildew-wpp,15,31,31,57.8959629536,14.1578,14.6012,14.5128,14.6063
spel2sattwin,True,3,Moser,7,11,11,0.263781070709,0.1006,0.0854,0.0663
spel2sattwin,False,2,munin1-pp-001,63,180,180,81.1275320053, ,81.0862
spel2sattwin,False,2,munin1-pp,66,188,188,71.5645589828, ,71.5263
spel2sattwin,True,4,munin2-pp-001,6,12,12,0.292297124863,0.0674,0.0551,0.0788,0.0736
spel2sattwin,True,4,munin2-pp-002,6,12,12,0.291462182999,0.0451,0.0702,0.0672,0.0928
spel2sattwin,True,5,munin2-pp-004,16,36,36,127.045189142,25.2835,25.7534,25.1923,25.4678,25.3259
spel2sattwin,True,5,munin2-pp-005,16,36,36,143.948785067,25.3852,29.8424,29.5922,29.9821,29.1214
spel2sattwin,True,5,munin2-pp-006,16,36,36,155.478704929,32.2027,31.2509,27.7228,31.6323,32.6336
spel2sattwin,True,7,munin2-pp-007,17,47,47,276.627150059,40.0776,32.4996,38.9485,41.4074,42.3721,39.5991,41.6793
spel2sattwin,True,7,munin2-pp-008,17,47,47,291.104825974,45.6046,37.2941,42.0187,40.7828,45.677,42.1665,37.509
spel2sattwin,True,6,munin2-pp-009,18,47,47,516.583883047,76.425,75.6113,98.5455,92.2607,91.7046,81.9956
spel2sattwin,True,5,munin2-pp-00hree,16,36,36,150.235855818,30.3743,30.26,30.4075,29.6313,29.5229
spel2sattwin,True,7,munin2-pp-010,17,47,47,216.338814974,32.1098,24.3537,31.9005,31.7771,31.7286,31.7428,32.6957
spel2sattwin,True,7,munin2-pp-011,17,47,47,261.388010979,42.6003,28.865,46.2896,35.5253,34.6653,34.915,38.486
spel2sattwin,True,6,munin2-pp-012,18,47,47,494.391101122,79.3578,70.7589,81.4368,86.6378,88.3368,87.8222
spel2sattwin,True,9,munin4-pp-001,23,66,66,812.640140057,24.8117,11.1316,10.6208,7.2345,11.0415,15.0598,35.3515,118.1072,579.2309
spel2sattwin,True,9,munin4-pp-002,23,66,66,1174.40155005,21.8755,7.725,7.9272,8.3493,16.6803,14.8514,52.019,126.6343,918.2944
spel2sattwin,False,2,munin4-pp-004,38,109,109,73.8334391117, ,73.8224
spel2sattwin,False,2,munin4-pp-005,55,156,156,72.1972720623, ,72.181
spel2sattwin,False,2,munin4-pp-006,55,156,156,78.0405130386, ,78.029
spel2sattwin,False,2,munin4-pp-00hree,38,109,109,73.7754230499, ,73.7644
spel2sattwin,True,5,muninhree-pp-001,7,17,17,0.372125864029,0.064,0.0884,0.0823,0.0551,0.0601
spel2sattwin,True,5,muninhree-pp-002,7,17,17,1.15698409081,0.2299,0.173,0.2957,0.2725,0.1527
spel2sattwin,True,5,munin_kgo_complete-pp,16,41,41,93.8181660175,18.6623,16.0435,20.1268,20.193,18.77
spel2sattwin,True,5,munin-kgo-pp-001,7,17,17,0.483772993088,0.0856,0.1071,0.1002,0.0754,0.093
spel2sattwin,True,5,munin-kgo-pp-002,7,17,17,1.25996994972,0.24,0.2829,0.2159,0.2438,0.1958
spel2sattwin,True,2,myciel2,5,5,5,0.122993946075,0.0549,0.056
spel2sattwin,True,10,myciel4,23,71,71,590.678172112,17.2887,7.4704,7.5485,7.7977,8.997,11.8504,33.8714,89.9536,133.817,272.032
spel2sattwin,False,2,myciel5,47,236,236,72.5581388474, ,72.5456
spel2sattwin,False,2,myciel7-minor-070,70,1689,1689,102.620338202, ,102.5695
spel2sattwin,True,5,mycielhree,11,20,20,5.03848600388,0.9775,0.9947,0.9981,0.9741,1.0728
spel2sattwin,False,7,Nauru,24,36,36,2876.64061594, ,8.939,10.1039,24.7474,109.7537,722.9075,2000.135
spel2sattwin,True,4,oesoca42,42,72,72,46.8491199017,12.2612,10.8418,11.5275,12.2007
spel2sattwin,False,2,oesoca+-hugin,67,208,208,80.1096639633, ,80.0773
spel2sattwin,True,11,oesoca+-hugin-pp,14,75,75,39.3954889774,4.6843,1.8092,4.6988,4.1651,2.5181,2.1459,5.1827,2.563,4.1343,2.5652,4.8442
spel2sattwin,True,11,oesoca+-hugin-wpp,28,135,135,1038.51784301,112.3135,20.2778,21.0387,21.2335,21.1526,48.454,23.7933,22.8637,168.7169,187.3214,391.2898
spel2sattwin,True,4,oesoca,39,67,67,51.1953659058,10.1729,20.7955,9.9491,10.2474
spel2sattwin,False,2,oesoca+,67,208,208,81.2594201565, ,81.2125
spel2sattwin,True,11,oesoca+-pp,14,75,75,34.5429060459,4.6399,1.5373,1.9644,4.5211,4.5484,1.7972,1.5981,1.8052,4.8491,2.1091,5.0864
spel2sattwin,False,2,onea8o_graph.dimacs,64,536,536,106.579882145, ,106.5135
spel2sattwin,False,2,onea8o,64,536,536,107.559803009, ,107.5178
spel2sattwin,False,2,oneail_graph.dimacs,69,631,631,118.484069109, ,118.43
spel2sattwin,False,2,oneail_graph-pp.dimacs,68,628,628,80.3204460144, ,80.3039
spel2sattwin,True,6,oneb0n_graph.dimacs-001,7,21,21,0.359961032867,0.0513,0.0589,0.0484,0.0573,0.0603,0.0608
spel2sattwin,True,7,oneb0n_graph.dimacs-002,8,28,28,1.76108789444,0.2431,0.2543,0.2012,0.1863,0.2025,0.2518,0.2969
spel2sattwin,True,7,oneb0n_graph.dimacs-004,8,28,28,0.903882980347,0.1267,0.1753,0.1137,0.0968,0.1252,0.1012,0.1297
spel2sattwin,True,7,oneb0n_graph.dimacs-005,8,28,28,1.81227183342,0.1754,0.2708,0.2124,0.2318,0.2199,0.2158,0.3232
spel2sattwin,True,7,oneb0n_graph.dimacs-00hree,8,28,28,1.6720790863,0.2568,0.1801,0.2867,0.2435,0.1891,0.1657,0.216
spel2sattwin,False,2,oneb67_graph.dimacs,68,559,559,82.59486413, ,82.5492
spel2sattwin,False,2,oneb67_graph-pp.dimacs,67,555,555,124.202384949, ,124.168
spel2sattwin,False,2,onebbz_graph.dimacs,57,543,543,101.425309896, ,101.3931
spel2sattwin,False,2,onebbz_graph-pp.dimacs,56,538,538,132.067845106, ,132.0184
spel2sattwin,False,2,onebbz-pp,56,538,538,69.9793429375, ,69.9317
spel2sattwin,False,2,onebf4_graph.dimacs,63,658,658,92.6782860756, ,92.6484
spel2sattwin,False,2,onebf4_graph-pp.dimacs,57,627,627,115.279426098, ,115.2351
spel2sattwin,False,2,onebrf_graph.dimacs,49,412,412,83.5105979443, ,83.4977
spel2sattwin,False,2,onebrf_graph-pp.dimacs,48,408,408,91.1673707962, ,91.1489
spel2sattwin,False,2,onebx7_graph.dimacs,41,195,195,68.7047159672, ,68.6666
spel2sattwin,True,11,onebx7_graph-pp.dimacs,34,172,172,1614.58427,114.9197,58.5723,57.3219,55.8555,56.625,58.7739,145.3447,97.8251,90.5479,260.3528,618.3664
spel2sattwin,False,2,onec4q_graph.dimacs,67,756,756,78.1305720806, ,78.1109
spel2sattwin,False,2,onec75_graph.dimacs,69,683,683,80.3476209641, ,80.3178
spel2sattwin,False,2,onec9o_graph.dimacs,66,720,720,72.7253420353, ,72.6907
spel2sattwin,False,2,onecc8_graph.dimacs,70,813,813,105.393690825, ,105.3144
spel2sattwin,False,2,onecka_graph.dimacs,57,605,605,73.8566539288, ,73.827
spel2sattwin,False,2,onedhreeb_graph.dimacs,69,682,682,75.039304018, ,75.0122
spel2sattwin,False,2,onedhreeb_graph-pp.dimacs,68,677,677,79.0621669292, ,79.0102
spel2sattwin,False,2,onedj7_graph-pp.dimacs,70,726,726,83.8938250542, ,83.8642
spel2sattwin,False,2,onee0b_graph.dimacs,60,518,518,76.8896238804, ,76.8564
spel2sattwin,False,2,onee0b_graph-pp.dimacs,55,495,495,73.4721548557, ,73.4518
spel2sattwin,False,2,oneen2_graph.dimacs,69,463,463,94.0622410774, ,94.0072
spel2sattwin,False,2,oneen2_graph-pp.dimacs,66,451,451,71.8840298653, ,71.8426
spel2sattwin,False,2,oneezg_graph.dimacs,66,541,541,114.078130007, ,114.0366
spel2sattwin,False,2,onefjl_graph.dimacs,65,600,600,96.399089098, ,96.3465
spel2sattwin,True,5,onefjl_graph-pp.dimacs-001,6,15,15,0.316385984421,0.0453,0.0749,0.0557,0.0755,0.0466
spel2sattwin,True,7,onefjl_graph-pp.dimacs-002,8,28,28,0.698842048645,0.1379,0.0989,0.1227,0.1251,0.0524,0.0529,0.0831
spel2sattwin,False,2,onefjl_graph-pp.dimacs-004,57,563,563,73.9158248901, ,73.8893
spel2sattwin,True,8,onefjl_graph-pp.dimacs-00hree,11,47,47,3.25812506676,0.4154,0.4078,0.3746,0.3831,0.4398,0.3893,0.4355,0.379
spel2sattwin,False,2,onefjl_graph-pp.dimacs,63,595,595,79.2365851402, ,79.1936
spel2sattwin,False,2,onefrhree_graph.dimacs,67,618,618,137.309651136, ,137.2691
spel2sattwin,False,2,onefrhree_graph-pp.dimacs,62,599,599,71.2710969448, ,71.2298
spel2sattwin,False,2,onefse_graph.dimacs,67,730,730,77.235268116, ,77.1843
spel2sattwin,False,2,oneg2b_graph.dimacs,62,649,649,135.403836012, ,135.3229
spel2sattwin,False,2,oneg2b_graph-pp.dimacs,59,632,632,160.093708038, ,160.0529
spel2sattwin,False,2,oneg6x_graph.dimacs,52,405,405,84.1002509594, ,84.0725
spel2sattwin,False,2,onegcq_graph.dimacs,68,742,742,81.5838358402, ,81.5321
spel2sattwin,False,2,onegcq_graph-pp.dimacs,64,719,719,70.5092449188, ,70.4614
spel2sattwin,False,2,onegut_graph.dimacs,67,621,621,87.5795450211, ,87.5645
spel2sattwin,False,2,onegut_graph-pp.dimacs,61,597,597,73.4846799374, ,73.419
spel2sattwin,False,2,onehg7_graph.dimacs,66,705,705,134.808389187, ,134.7347
spel2sattwin,False,2,onei07_graph.dimacs,59,397,397,78.8112280369, ,78.7597
spel2sattwin,False,2,onei07_graph-pp.dimacs,51,362,362,150.345345974, ,150.333
spel2sattwin,False,2,onei27_graph-pp.dimacs,70,735,735,78.3259160519, ,78.3
spel2sattwin,False,2,onei2t_graph.dimacs,61,644,644,73.0402581692, ,72.994
spel2sattwin,False,2,oneigd_graph.dimacs,61,630,630,74.7485380173, ,74.712
spel2sattwin,False,2,oneigd_graph-pp.dimacs,59,622,622,111.732021093, ,111.6657
spel2sattwin,False,2,oneigq_graph.dimacs,54,503,503,71.3415899277, ,71.2933
spel2sattwin,False,2,oneigq_graph-pp.dimacs,52,493,493,72.3092088699, ,72.2626
spel2sattwin,False,2,onej75_graph.dimacs,56,558,558,91.6638660431, ,91.5946
spel2sattwin,False,2,onejo8_graph.dimacs,58,608,608,123.311619997, ,123.2966
spel2sattwin,False,2,onek61_graph.dimacs,60,581,581,79.8177480698, ,79.7844
spel2sattwin,False,2,onek61_graph-pp.dimacs,56,564,564,75.5189919472, ,75.4701
spel2sattwin,False,2,onekq1_graph.dimacs,60,607,607,125.139742851, ,125.1254
spel2sattwin,False,2,onekq1_graph-pp.dimacs,59,603,603,78.2085139751, ,78.1598
spel2sattwin,False,2,onekth_graph.dimacs,52,426,426,70.9867010117, ,70.9733
spel2sattwin,False,2,onekth_graph-pp.dimacs,51,421,421,140.830242872, ,140.7738
spel2sattwin,False,2,onekuhree_graph.dimacs,61,585,585,118.78212285, ,118.7444
spel2sattwin,False,2,onekuhree_graph-pp.dimacs,60,581,581,78.9940299988, ,78.9647
spel2sattwin,False,2,onekw4_graph.dimacs,67,672,672,69.5931589603, ,69.5512
spel2sattwin,False,2,onel9l_graph.dimacs,70,697,697,76.8960490227, ,76.8702
spel2sattwin,False,2,oneoai_graph.dimacs,58,524,524,75.6815290451, ,75.6639
spel2sattwin,False,2,oneoai_graph-pp.dimacs,57,518,518,72.7820448875, ,72.7296
spel2sattwin,False,2,onepwt_graph.dimacs,61,657,657,79.2997879982, ,79.2842
spel2sattwin,False,2,onepwt_graph-pp.dimacs,59,648,648,73.5146780014, ,73.4639
spel2sattwin,False,2,oner69_graph.dimacs,63,692,692,117.140228033, ,117.1169
spel2sattwin,False,2,onerb9_graph.dimacs,48,412,412,74.2065720558, ,74.1536
spel2sattwin,False,2,onesem_graph.dimacs,57,570,570,75.5790278912, ,75.5355
spel2sattwin,False,2,onesem_graph-pp.dimacs,56,565,565,125.47162509, ,125.4008
spel2sattwin,False,2,oneubq-pp,47,170,170,100.74058795, ,100.7216
spel2sattwin,True,4,oow_bas,27,54,54,84.1240949631,33.2344,16.1332,16.5125,18.2265
spel2sattwin,True,4,oow_bas-wpp,17,35,35,162.465209961,43.0113,33.7791,42.0445,43.6097
spel2sattwin,False,2,oow_solo,40,87,87,71.8602981567, ,71.8115
spel2sattwin,True,6,oow-solo-pp-001,14,34,34,39.5683948994,6.4773,6.5552,6.4738,6.5597,6.6069,6.8695
spel2sattwin,True,6,oow-solo-pp-002,16,35,35,158.992967844,25.9447,26.0115,25.7534,26.129,26.1306,28.9964
spel2sattwin,True,6,oow_solo-pp,27,63,63,179.578678131,71.5029,15.8707,17.3707,18.4286,25.9441,30.4292
spel2sattwin,True,6,oow_solo-wpp,29,66,66,275.364553928,81.2884,24.8601,24.4237,25.5693,47.9345,71.2546
spel2sattwin,True,6,oow-trad,33,72,72,712.079190969,133.1502,45.4908,46.0279,52.023,117.1618,318.1914
spel2sattwin,True,6,oow-trad-pp-001,21,50,50,2914.80063486,481.1088,577.5171,450.8872,484.4934,462.7557,458.001
spel2sattwin,True,6,oow-trad-pp,23,54,54,73.784457922,8.9978,7.2207,7.3999,8.6107,17.8151,23.7142
spel2sattwin,True,6,oow-trad-wpp,25,57,57,194.5332551,27.4863,11.2192,11.5347,11.7415,18.5354,113.9872
spel2sattwin,True,12,Paley17,17,68,68,648.717872143,27.6144,26.2987,25.9886,25.9518,25.9951,26.1642,25.9727,26.2704,28.7527,34.1551,36.8103,338.6889
spel2sattwin,True,8,Paley1hree,13,39,39,24.824026823,2.8603,2.8948,2.8504,2.8549,2.8716,2.9028,3.2618,4.2965
spel2sattwin,True,7,Pappus,18,27,27,1518.86028409,104.4439,127.4976,122.8849,122.9169,134.8329,205.1414,701.0987
spel2sattwin,True,6,pathfinder-pp,12,43,43,6.78395199776,1.1356,1.1271,1.1062,1.1019,1.1402,1.1427
spel2sattwin,True,5,petersen,10,15,15,2.81394600868,0.5081,0.5059,0.5244,0.5492,0.7053
spel2sattwin,True,3,pignet2-pp-minor-0004,4,6,6,0.151125907898,0.0496,0.0484,0.0408
spel2sattwin,True,4,pignet2-pp-minor-0005,5,10,10,0.187823057175,0.0362,0.063,0.0363,0.0348
spel2sattwin,True,5,pignet2-pp-minor-0006,6,15,15,0.377561092377,0.0597,0.1279,0.068,0.0558,0.0437
spel2sattwin,True,6,pignet2-pp-minor-0007,7,21,21,0.457494020462,0.0764,0.112,0.1003,0.049,0.0373,0.0587
spel2sattwin,True,7,pignet2-pp-minor-0008,8,28,28,0.592225074768,0.0651,0.1358,0.0918,0.0782,0.0659,0.0656,0.0622
spel2sattwin,True,8,pignet2-pp-minor-0009,9,36,36,0.925065994263,0.1034,0.1826,0.0899,0.1445,0.115,0.0897,0.0962,0.0727
spel2sattwin,True,9,pignet2-pp-minor-0010,10,45,45,1.03778886795,0.1025,0.1369,0.0991,0.1215,0.0975,0.1238,0.1029,0.1114,0.11
spel2sattwin,True,10,pignet2-pp-minor-0011,11,55,55,1.56151795387,0.1604,0.1837,0.1536,0.1436,0.1523,0.1442,0.1458,0.1525,0.1402,0.1489
spel2sattwin,True,11,pignet2-pp-minor-0012,12,66,66,2.43371486664,0.2256,0.2494,0.1961,0.214,0.2041,0.2243,0.1995,0.2082,0.2076,0.2323,0.2274
spel2sattwin,True,13,pignet2-pp-minor-0014,14,91,91,5.30981588364,0.4018,0.4969,0.4016,0.4162,0.4047,0.375,0.397,0.3896,0.3935,0.3917,0.383,0.3874,0.4194
spel2sattwin,True,14,pignet2-pp-minor-0015,15,105,105,7.8108689785,0.5552,0.5649,0.5352,0.5657,0.5554,0.548,0.5524,0.5446,0.545,0.5467,0.5591,0.563,0.5553,0.5629
spel2sattwin,True,15,pignet2-pp-minor-0016,16,120,120,11.2520048618,0.7565,0.7798,0.7496,0.7599,0.7549,0.7474,0.7369,0.7488,0.7299,0.7274,0.7211,0.744,0.7422,0.7406,0.7506
spel2sattwin,True,16,pignet2-pp-minor-0017,17,136,136,16.0632870197,1.011,1.0338,0.9957,0.9716,0.9716,0.9894,0.9949,0.996,1.013,0.9959,0.9902,0.9984,0.9802,1.0027,1.048,1.0094
spel2sattwin,True,17,pignet2-pp-minor-0018,18,153,153,22.1724090576,1.3089,1.3304,1.3034,1.2988,1.3136,1.3029,1.2848,1.2877,1.2789,1.3002,1.2909,1.3177,1.2906,1.3013,1.2844,1.3115,1.2994
spel2sattwin,True,18,pignet2-pp-minor-0019,19,171,171,30.4789450169,1.7166,1.6994,1.6916,1.6788,1.6795,1.6816,1.6874,1.7157,1.68,1.6843,1.6731,1.6684,1.6878,1.6911,1.6813,1.6919,1.7089,1.6895
spel2sattwin,True,12,pignet2-pp-minor-001hree,13,78,78,3.85602903366,0.2926,0.3526,0.2847,0.2882,0.3612,0.3474,0.3117,0.3081,0.3037,0.3277,0.3328,0.2991
spel2sattwin,True,19,pignet2-pp-minor-0020,20,190,190,41.6336019039,2.2343,2.1898,2.1915,2.1957,2.201,2.175,2.2011,2.221,2.1686,2.1618,2.1896,2.1439,2.1509,2.2299,2.1692,2.1883,2.1779,2.1678,2.2053
spel2sattwin,True,20,pignet2-pp-minor-0021,21,210,210,56.0342409611,2.8343,2.7625,2.8112,3.0577,2.7435,2.7595,2.776,2.7872,2.7787,2.7969,2.7576,2.7576,2.7749,2.7806,2.8359,2.7843,2.7834,2.8093,2.7362,2.8279
spel2sattwin,True,21,pignet2-pp-minor-0022,22,231,231,73.1485841274,3.5154,3.5384,3.4816,3.5763,3.487,3.4733,3.4688,3.4607,3.4648,3.4846,3.4766,3.5039,3.4973,3.4652,3.4536,3.4773,3.4699,3.4278,3.4652,3.4043,3.4601
spel2sattwin,True,23,pignet2-pp-minor-0024,24,276,276,122.029134989,5.2904,5.3479,5.3041,5.3139,5.3701,5.3399,5.2306,5.1696,5.3288,5.3389,5.3041,5.3137,5.3904,5.2779,5.2588,5.2772,5.268,5.2524,5.2578,5.2901,5.3358,5.3724,5.2907
spel2sattwin,True,24,pignet2-pp-minor-0025,25,300,300,158.102823019,6.5591,6.576,6.5619,6.5609,6.5622,6.5885,6.5604,6.5686,6.5619,6.561,6.6027,6.6108,6.5766,6.5902,6.6245,6.6354,6.5981,6.5835,6.5862,6.6049,6.5661,6.5772,6.5917,6.5841
spel2sattwin,True,25,pignet2-pp-minor-0026,26,325,325,198.114079952,8.0367,7.9468,7.9258,7.929,7.9301,7.9129,7.9336,7.9108,7.8875,7.9254,7.9132,7.9304,7.9611,7.915,7.933,7.8842,7.8812,7.8595,7.8653,7.8257,7.9626,7.963,7.907,7.9095,7.9617
spel2sattwin,True,26,pignet2-pp-minor-0027,27,351,351,247.877083063,9.5291,9.5826,9.5287,9.5591,9.5748,9.5851,9.5019,9.519,9.5229,9.4577,9.5858,9.5046,9.6047,9.4281,9.4285,9.4881,9.556,9.5712,9.5062,9.604,9.5473,9.5619,9.5472,9.4848,9.5157,9.4538
spel2sattwin,True,27,pignet2-pp-minor-0028,28,378,378,311.264790058,12.4944,11.4093,11.4669,11.4145,11.4719,11.4907,11.4837,11.4804,11.5349,11.5051,11.4218,11.4242,11.4956,11.5313,11.5356,11.5853,11.4019,11.5185,11.4368,11.5441,11.5157,11.5289,11.5097,11.4557,11.5039,11.4824,11.5007
spel2sattwin,True,28,pignet2-pp-minor-0029,29,406,406,387.485814095,13.9622,13.8708,13.8102,13.7929,13.766,13.77,13.7592,13.7688,13.7983,13.8801,13.804,13.694,13.7292,13.766,13.7851,13.8093,13.7574,13.7767,13.7138,13.8818,13.8922,13.867,13.8734,13.8659,14.1315,14.0213,13.8696,13.9324
spel2sattwin,True,22,pignet2-pp-minor-002hree,23,253,253,94.2008740902,4.2626,4.2966,4.242,4.2538,4.272,4.2657,4.2805,4.2418,4.3114,4.3209,4.3492,4.3212,4.3252,4.3375,4.3446,4.2638,4.2622,4.2263,4.2272,4.224,4.2353,4.2419
spel2sattwin,True,37,pignet2-pp-minor-0040,40,766,766,4122.40332198,97.1851,91.4932,85.4859,85.0779,84.6928,85.2537,85.0855,85.1277,90.089,89.7108,116.5566,90.3452,90.0991,91.0084,92.3567,90.334,89.8743,90.2205,88.8094,90.5424,90.6434,89.9978,88.7913,100.6924,101.8104,99.3269,178.4383,107.4698,129.0104,97.8862,99.658,109.0098,107.3075,118.5921,172.5722,325.182,296.4116
spel2sattwin,False,20,pignet2-pp-minor-0041,41,800,800,2017.54703188, ,107.8089,109.4207,109.7494,109.5073,110.4045,110.3951,131.3188,102.4499,101.261,101.1975,102.2768,102.7348,102.2481,102.3785,102.6424,102.554,102.5572,103.5408,102.9628
spel2sattwin,False,2,pignet2-pp-minor-0042,42,832,832,86.4643309116, ,86.4439
spel2sattwin,False,2,pignet2-pp-minor-0044,44,896,896,79.4518091679, ,79.4086
spel2sattwin,False,2,pignet2-pp-minor-0045,45,927,927,76.6553959846, ,76.6043
spel2sattwin,False,2,pignet2-pp-minor-0046,46,958,958,104.298743963, ,104.2206
spel2sattwin,False,2,pignet2-pp-minor-0047,47,987,987,70.951734066, ,70.9187
spel2sattwin,False,2,pignet2-pp-minor-0048,48,1016,1016,86.0742590427, ,86.0132
spel2sattwin,False,2,pignet2-pp-minor-0049,49,1047,1047,116.451797009, ,116.3758
spel2sattwin,False,2,pignet2-pp-minor-004hree,43,864,864,80.0164129734, ,79.9778
spel2sattwin,False,2,pignet2-pp-minor-0050,50,1075,1075,75.1732809544, ,75.1245
spel2sattwin,False,2,pignet2-pp-minor-0051,51,1102,1102,70.8109090328, ,70.7617
spel2sattwin,False,2,pignet2-pp-minor-0052,52,1129,1129,71.3500769138, ,71.3127
spel2sattwin,False,2,pignet2-pp-minor-0054,54,1179,1179,71.1487431526, ,71.1282
spel2sattwin,False,2,pignet2-pp-minor-0055,55,1204,1204,67.9209899902, ,67.8725
spel2sattwin,False,2,pignet2-pp-minor-0056,56,1230,1230,132.195775032, ,132.1356
spel2sattwin,False,2,pignet2-pp-minor-0057,57,1252,1252,127.397685051, ,127.3236
spel2sattwin,False,2,pignet2-pp-minor-0058,58,1274,1274,81.6125900745, ,81.5563
spel2sattwin,False,2,pignet2-pp-minor-0059,59,1295,1295,79.0110638142, ,78.9608
spel2sattwin,False,2,pignet2-pp-minor-005hree,53,1155,1155,77.2777988911, ,77.2174
spel2sattwin,False,2,pignet2-pp-minor-0060,60,1316,1316,79.4256260395, ,79.4036
spel2sattwin,False,2,pignet2-pp-minor-0061,61,1338,1338,70.495454073, ,70.4737
spel2sattwin,False,2,pignet2-pp-minor-0062,62,1357,1357,71.4102950096, ,71.3564
spel2sattwin,False,2,pignet2-pp-minor-0064,64,1396,1396,69.9684360027, ,69.9114
spel2sattwin,False,2,pignet2-pp-minor-0065,65,1413,1413,134.885097027, ,134.8371
spel2sattwin,False,2,pignet2-pp-minor-0066,66,1432,1432,67.1174080372, ,67.0809
spel2sattwin,False,2,pignet2-pp-minor-0067,67,1448,1448,143.844310999, ,143.7555
spel2sattwin,False,2,pignet2-pp-minor-0068,68,1467,1467,75.4492340088, ,75.4152
spel2sattwin,False,2,pignet2-pp-minor-0069,69,1484,1484,129.936571121, ,129.8776
spel2sattwin,False,2,pignet2-pp-minor-006hree,63,1377,1377,109.121461868, ,109.0225
spel2sattwin,False,2,pignet2-pp-minor-0070,70,1495,1495,113.883643866, ,113.8463
spel2sattwin,True,29,pignet2-pp-minor-00hree0,30,435,435,471.141404152,16.3278,16.1863,16.1607,16.1734,16.1762,16.122,16.1132,16.1702,16.155,16.1494,16.114,16.0847,16.3286,16.2691,16.3245,16.3208,16.274,16.2826,16.2752,16.3338,16.2811,16.2663,16.304,16.3061,16.2977,16.3898,16.2442,16.296,16.2818
spel2sattwin,True,30,pignet2-pp-minor-00hree1,31,465,465,575.964493036,18.712,19.5282,19.1814,18.941,19.7526,19.6694,19.7147,19.7349,19.6011,19.7408,19.7273,19.6085,19.7859,19.6758,19.662,19.6998,19.5625,19.2893,18.7652,18.8575,18.7594,18.6901,18.6849,18.6182,18.5663,18.6278,18.6885,18.6299,18.7195,18.633
spel2sattwin,True,31,pignet2-pp-minor-00hree2,32,496,496,817.463657141,22.7399,35.2554,28.2508,46.6866,49.0339,41.1678,44.5588,30.8167,22.4043,22.4695,22.5783,22.5994,22.6226,22.588,22.6509,22.6016,22.5864,22.7088,22.3954,22.7729,22.6132,22.6561,22.5771,22.5982,22.5084,22.4985,22.5986,22.4643,22.3799,22.4546,22.4074
spel2sattwin,True,33,pignet2-pp-minor-00hree4,34,561,561,992.605974913,30.0748,30.2482,30.4186,30.0756,30.0015,30.0772,30.1293,30.1306,29.9597,30.0262,30.0229,29.9755,29.7835,29.8648,29.9357,29.9894,29.7141,30.6079,30.7504,30.5732,30.0514,30.0313,29.9009,30.1467,29.9029,29.9794,30.0475,30.0636,29.9813,29.9326,29.9775,30.0199,30.0552
spel2sattwin,True,34,pignet2-pp-minor-00hree5,35,595,595,1195.79715991,35.5459,35.3274,34.9123,34.8701,35.0708,34.8263,34.8351,35.0355,35.1183,34.9755,35.09,34.9066,35.3615,35.9377,35.0259,34.949,34.9486,35.0075,34.7435,35.3213,35.2131,35.2658,35.3815,35.0309,34.772,35.1078,35.137,35.0736,35.7163,35.6655,35.3358,35.581,35.1217,35.4106
spel2sattwin,True,35,pignet2-pp-minor-00hree6,36,630,630,1429.42812705,44.8163,40.9984,40.7036,40.8325,40.7991,40.7908,40.5386,40.638,40.7898,40.6294,40.5662,40.6023,40.4429,40.8079,40.5374,40.665,40.624,40.6983,40.7242,40.7628,40.7354,40.7219,40.9091,40.8589,40.6827,40.7335,41.0495,40.9919,41.0167,41.0489,40.9884,40.2128,40.3543,40.4166,40.5458
spel2sattwin,True,35,pignet2-pp-minor-00hree7,37,664,664,1730.62024713,49.8606,49.1451,48.966,49.0445,49.0853,49.2812,49.4141,49.087,48.7733,48.8467,49.0158,49.5029,49.4572,49.1768,49.4708,49.5917,49.5384,49.6574,49.5556,49.6172,49.4301,49.2297,49.4454,49.3521,49.5054,49.6942,49.4467,49.2743,49.4198,49.4299,49.3031,49.2519,50.3772,50.5334,50.6478
spel2sattwin,True,36,pignet2-pp-minor-00hree8,38,699,699,2233.45190692,63.3527,58.834,58.9311,58.7061,58.2186,57.9091,58.4246,58.4422,60.3061,60.4227,60.087,60.0329,59.9567,60.1935,59.408,60.1275,59.9595,59.9332,59.4848,59.7189,59.829,60.0282,59.7347,95.4725,80.5884,60.7057,59.0721,59.9789,59.774,61.7007,63.3619,63.7844,63.9549,63.9438,63.9067,64.9529
spel2sattwin,True,36,pignet2-pp-minor-00hree9,39,733,733,2712.6976409,103.8065,72.9039,70.381,69.4592,89.8773,72.8765,69.5059,69.5043,72.7594,69.3913,69.4447,69.8272,69.8753,69.6749,70.3812,70.0529,70.2749,70.9668,70.5964,70.0506,70.2145,70.0495,71.3204,72.025,71.688,71.4633,76.3721,76.8549,77.1075,78.4714,80.6324,82.7711,82.8655,89.6238,86.7545,92.616
spel2sattwin,True,32,pignet2-pp-minor-00hreehree,33,528,528,841.27486515,26.4948,26.0439,26.2487,26.2584,26.3387,26.2469,26.0151,26.0542,26.0849,26.3299,26.321,26.3031,26.2518,26.2542,26.5932,26.5257,26.3197,26.3561,26.2708,26.2676,26.2206,26.2102,26.3392,26.3977,26.3335,26.3677,26.2961,26.3113,26.3392,26.3236,26.1844,26.182
spel2sattwin,False,2,pigs-pp-001,47,134,134,75.3711810112, ,75.3626
spel2sattwin,False,2,pigs-pp,48,137,137,70.6958088875, ,70.6554
spel2sattwin,True,4,Pmin,9,12,12,1.11566400528,0.2285,0.36,0.2529,0.2604
spel2sattwin,True,6,Poussin,15,39,39,69.8503909111,11.6375,11.6098,11.5604,11.4478,11.5642,12.0064
spel2sattwin,True,3,Prism,6,9,9,0.174636125565,0.0721,0.0505,0.0396
spel2sattwin,False,15,queen5_5,25,320,320,4139.0216279, ,11.2641,11.2744,11.3601,11.3944,11.848,12.3561,19.772,29.4005,65.2299,160.0976,253.2772,848.3569,693.2275,2000.0806
spel2sattwin,False,2,queen6_6,36,580,580,61.0008192062, ,60.9897
spel2sattwin,False,2,queen7_7,49,952,952,102.084604025, ,101.9996
spel2sattwin,False,2,queen8_8,64,1456,1456,67.0340960026, ,66.9949
spel2sattwin,True,8,Robertson,19,38,38,2100.26243997,254.4535,208.8244,226.1721,210.1746,217.1886,275.1648,310.057,398.1719
spel2sattwin,False,2,ship-ship,50,114,114,101.649684906, ,101.6312
spel2sattwin,True,4,ship-ship-pp-001,6,12,12,0.25470495224,0.0559,0.0896,0.0513,0.0434
spel2sattwin,True,8,ship-ship-pp-002,24,65,65,235.687662125,53.9783,8.7626,8.8112,9.3941,9.725,23.4945,19.4826,102.0057
spel2sattwin,True,4,ship-ship-pp-00hree,6,12,12,0.891399860382,0.2159,0.1751,0.1908,0.2155
spel2sattwin,True,8,ship-ship-pp,30,77,77,856.917814016,222.2502,37.0744,38.984,31.086,39.5502,50.7083,195.7933,241.4077
spel2sattwin,False,2,ship-ship-wpp,38,91,91,70.9113249779, ,70.8934
spel2sattwin,True,9,Shrikhande,16,48,48,224.056683064,20.7264,21.4828,21.1935,21.1421,21.1679,21.3176,23.0277,29.3639,44.5849
spel2sattwin,True,5,Sousselier,16,27,27,164.305905819,31.3993,33.2816,33.4023,33.0615,33.1344
spel2sattwin,False,2,te,62,164,170,78.5102348328, ,78.4966
spel2sattwin,True,3,threex3-grid,9,12,12,2.44590783119,0.7347,0.8522,0.8471
spel2sattwin,True,3,threexhree-grid,9,12,12,0.850050926208,0.2413,0.3053,0.2882
spel2sattwin,True,5,Tietze,12,18,18,11.7880659103,2.1853,2.2218,2.2013,2.27,2.8909
spel2sattwin,True,5,vsd-hugin,38,62,62,46.6105101109,8.7972,7.9688,7.6291,8.0028,14.1879
spel2sattwin,True,4,Wagner,8,12,12,0.58407497406,0.1281,0.1488,0.1404,0.1483
spel2sattwin,True,10,water,32,123,123,901.817122936,43.5567,29.8657,30.2542,30.9895,31.0331,40.5881,34.8312,52.9282,241.4391,366.2678
spel2sattwin,True,9,water-pp-001,21,94,94,2651.25312901,235.7054,361.6376,339.3778,314.2607,283.8488,275.5726,272.2892,260.7772,307.7215
spel2sattwin,True,9,water-pp,22,96,96,3730.29588509,298.3391,469.5011,452.3881,417.8291,416.134,448.0165,428.2206,441.7793,358.0255
spel2sattwin,True,9,water-wpp,22,96,96,3931.61924481,355.334,487.2835,485.6857,477.2237,500.622,464.4194,379.4299,418.2203,363.3387
spel2sattwin,False,2,Watsin,50,75,75,70.8207321167, ,70.7779
spel2sattwin,True,7,weeduk,15,49,49,33.8093090057,6.1695,2.0129,1.1101,1.535,9.9619,6.7489,6.2336
spel2sattwin,True,3,wilson-hugin,21,27,27,5.73130011559,2.6857,1.9745,1.059
spel2sattwin,False,2,zeroin.i.1-pp,54,1267,1267,111.888680935, ,111.846
spel2sattwin,False,2,zeroin.i.2-pp,57,1097,1097,80.9493801594, ,80.9034
spel2sattwin,False,2,zeroin.i.hree-pp,57,1097,1097,86.8060090542, ,86.7746
