spel2sattwin,False,2,alarm,37,65,65,68.6453700066, ,68.6382
spel2sattwin,True,12,anna-pp,22,148,148,2836.75397921,239.4673,113.1303,240.8799,269.8845,256.8418,222.1917,237.1246,234.3647,250.6783,255.0527,254.4215,262.5915
spel2sattwin,False,2,B10Cage,70,106,105,72.8523349762, ,72.834
spel2sattwin,False,2,barley,48,126,126,70.4096689224, ,70.4043
spel2sattwin,True,7,barley-pp-001,16,50,50,130.172369957,21.8341,16.9448,16.5221,19.736,17.1002,18.5921,19.3928
spel2sattwin,True,7,barley-pp,26,78,78,102.41088891,17.4142,11.8741,12.2376,14.3926,11.8908,13.7895,20.7815
spel2sattwin,True,7,barley-wpp,29,83,83,251.738772154,48.8126,23.0773,24.9124,24.0396,26.2002,37.7117,66.9482
spel2sattwin,True,4,bcs01.graph-001,5,10,10,0.213600873947,0.0708,0.0425,0.0325,0.0536
spel2sattwin,True,4,bcs01.graph-002,5,10,10,0.479320049286,0.0945,0.1745,0.0772,0.12
spel2sattwin,True,4,bcs01.graph-004,5,10,10,0.455862998962,0.1138,0.0935,0.1042,0.1307
spel2sattwin,False,2,bcs01.graph-005,44,172,172,66.3601980209, ,66.3536
spel2sattwin,True,4,bcs01.graph-00hree,5,10,10,0.362090826035,0.0541,0.0785,0.1337,0.0819
spel2sattwin,False,2,bcs01-pp,44,172,172,67.2102510929, ,67.1829
spel2sattwin,True,3,bcs05.graph-001,4,6,6,0.221165180206,0.0454,0.0757,0.0896
spel2sattwin,True,3,bcs05.graph-002,4,6,6,0.250350952148,0.067,0.0312,0.1424
spel2sattwin,False,2,BN_0-pp-minor-40,40,173,173,75.5066230297, ,75.4865
spel2sattwin,False,2,BN_0-pp-minor-41,41,176,176,73.5998020172, ,72.8742
spel2sattwin,False,2,BN_0-pp-minor-42,42,179,179,72.9101960659, ,68.886
spel2sattwin,False,2,BN_0-pp-minor-44,44,183,183,68.9303510189, ,68.8899
spel2sattwin,False,2,BN_0-pp-minor-45,45,187,187,89.8355820179, ,89.8199
spel2sattwin,False,2,BN_0-pp-minor-46,46,192,192,70.3959610462, ,70.3799
spel2sattwin,False,2,BN_0-pp-minor-47,47,196,196,73.8345181942, ,73.8293
spel2sattwin,False,2,BN_0-pp-minor-48,48,197,197,71.4369699955, ,71.4173
spel2sattwin,False,2,BN_0-pp-minor-49,49,202,202,104.731672049, ,104.6877
spel2sattwin,False,2,BN_0-pp-minor-4hree,43,180,180,66.8412568569, ,66.8254
spel2sattwin,False,2,BN_0-pp,67,243,243,83.9432580471, ,83.9051
spel2sattwin,False,2,BN_100,58,273,273,133.929945946, ,133.7816
spel2sattwin,False,2,BN_100-pp,51,252,252,106.933801174, ,106.8899
spel2sattwin,False,2,BN_101,58,273,273,103.041944027, ,103.0342
spel2sattwin,False,2,BN_101-pp,51,252,252,89.1390538216, ,89.095
spel2sattwin,False,2,BN_102-pp,64,328,328,122.357685089, ,122.3514
spel2sattwin,False,2,BN_104,50,731,731,132.086961031, ,132.0712
spel2sattwin,False,2,BN_105,50,731,731,72.5877461433, ,72.5514
spel2sattwin,False,2,BN_106,50,760,760,70.4027950764, ,70.3537
spel2sattwin,False,2,BN_107,50,760,760,74.1827440262, ,74.1737
spel2sattwin,False,2,BN_108,50,740,740,83.8044919968, ,83.7927
spel2sattwin,False,2,BN_109,50,740,740,75.4226708412, ,75.4088
spel2sattwin,False,2,BN_10hree-pp,64,328,328,117.854046106, ,117.8135
spel2sattwin,False,2,BN_10-pp-minor-40,40,211,211,86.7622489929, ,86.7557
spel2sattwin,False,2,BN_10-pp-minor-41,41,214,214,78.637059927, ,78.6214
spel2sattwin,False,2,BN_10-pp-minor-42,42,217,217,71.2989439964, ,71.254
spel2sattwin,False,2,BN_10-pp-minor-44,44,223,223,74.1734838486, ,74.1272
spel2sattwin,False,2,BN_10-pp-minor-45,45,227,227,74.4884419441, ,74.4584
spel2sattwin,False,2,BN_10-pp-minor-46,46,231,231,75.388007164, ,75.3435
spel2sattwin,False,2,BN_10-pp-minor-47,47,235,235,77.5709002018, ,77.5333
spel2sattwin,False,2,BN_10-pp-minor-48,48,237,237,117.821346045, ,117.7808
spel2sattwin,False,2,BN_10-pp-minor-49,49,241,241,83.4118568897, ,83.4055
spel2sattwin,False,2,BN_10-pp-minor-4hree,43,220,220,73.199480772, ,73.1555
spel2sattwin,False,2,BN_10-pp,57,257,257,132.424740791, ,132.4081
spel2sattwin,False,2,BN_110,50,741,741,77.4532818794, ,77.4097
spel2sattwin,False,2,BN_111,50,741,741,73.6926558018, ,73.6717
spel2sattwin,False,2,BN_112,50,719,719,114.58860302, ,114.552
spel2sattwin,False,2,BN_114,50,731,731,71.9231669903, ,71.8944
spel2sattwin,False,2,BN_115,50,731,731,73.8859989643, ,73.8765
spel2sattwin,False,2,BN_116,50,742,742,118.679795027, ,118.6662
spel2sattwin,False,2,BN_117,50,742,742,120.395333052, ,120.3655
spel2sattwin,False,2,BN_118,50,735,735,78.2774159908, ,78.2575
spel2sattwin,False,2,BN_119,50,735,735,108.155884027, ,108.1503
spel2sattwin,False,2,BN_11hree,50,719,719,104.291903973, ,104.2477
spel2sattwin,False,2,BN_120,50,737,737,85.5606360435, ,85.5201
spel2sattwin,False,2,BN_121,50,737,737,72.5413980484, ,72.5089
spel2sattwin,False,2,BN_122,50,731,731,116.796928167, ,116.7535
spel2sattwin,False,2,BN_124,50,740,740,84.5160849094, ,84.471
spel2sattwin,False,2,BN_125,50,740,740,103.464093924, ,103.4583
spel2sattwin,False,2,BN_12hree,50,731,731,72.4571070671, ,72.4504
spel2sattwin,True,3,BN_14-pp-minor-04,4,6,6,0.162683963776,0.0442,0.0496,0.0522
spel2sattwin,True,4,BN_14-pp-minor-05,5,10,10,0.265308856964,0.0753,0.0536,0.0616,0.0539
spel2sattwin,True,5,BN_14-pp-minor-06,6,15,15,0.424847841263,0.0874,0.0694,0.0551,0.0732,0.1134
spel2sattwin,True,6,BN_14-pp-minor-07,7,21,21,0.636178970337,0.0726,0.0977,0.1225,0.0548,0.1604,0.0982
spel2sattwin,True,7,BN_14-pp-minor-08,8,28,28,0.917132854462,0.0784,0.1409,0.1799,0.1533,0.1176,0.0901,0.1247
spel2sattwin,True,8,BN_14-pp-minor-09,9,36,36,2.16412401199,0.2852,0.0956,0.2252,0.2517,0.2854,0.2886,0.2839,0.3485
spel2sattwin,True,9,BN_14-pp-minor-10,10,45,45,1.58332085609,0.1022,0.1976,0.1804,0.2246,0.1614,0.1708,0.2103,0.1476,0.1555
spel2sattwin,True,10,BN_14-pp-minor-11,11,55,55,2.01008009911,0.1549,0.1739,0.2248,0.2023,0.219,0.2009,0.1927,0.2122,0.2214,0.1634
spel2sattwin,True,10,BN_14-pp-minor-12,12,65,65,2.68460392952,0.2367,0.245,0.283,0.3428,0.2681,0.2571,0.2609,0.28,0.2306,0.2397
spel2sattwin,True,12,BN_14-pp-minor-14,14,85,85,14.737732172,1.4144,0.6894,1.1282,1.1099,2.4084,1.4367,1.0479,0.9923,1.0832,1.2573,1.0621,1.0541
spel2sattwin,True,12,BN_14-pp-minor-15,15,96,96,23.5722179413,1.9381,1.7229,1.9336,1.9746,2.1757,1.9547,1.9427,1.9649,1.9615,2.0346,1.9765,1.9463
spel2sattwin,True,13,BN_14-pp-minor-16,16,107,107,53.100274086,3.9728,4.0555,4.0379,4.0245,4.1229,4.1441,4.0034,3.8819,3.8685,3.9819,4.0721,4.2031,4.6779
spel2sattwin,True,14,BN_14-pp-minor-17,17,115,115,111.772101164,7.6304,7.1999,7.1873,7.2187,7.1561,7.0691,7.4103,7.13,9.0578,7.425,7.4072,8.2176,8.9582,12.634
spel2sattwin,True,14,BN_14-pp-minor-18,18,125,125,202.17321682,13.7902,14.0806,14.1136,14.8705,13.9332,14.2007,13.8485,14.5262,13.548,14.8325,14.3553,13.8064,14.6396,17.5647
spel2sattwin,True,14,BN_14-pp-minor-19,19,134,134,359.26277113,24.5717,24.2168,24.8095,25.0037,25.1751,25.6412,25.6191,24.2056,25.5798,25.5091,26.4539,25.8599,26.3662,30.1792
spel2sattwin,True,11,BN_14-pp-minor-1hree,13,75,75,4.5077149868,0.4402,0.3473,0.4011,0.3399,0.3337,0.358,0.4294,0.4439,0.4553,0.4715,0.4444
spel2sattwin,True,15,BN_14-pp-minor-20,20,142,142,893.232433796,52.7164,62.1132,61.0918,59.5155,59.7453,56.2177,61.2559,56.4763,60.3977,59.8636,60.9661,57.7369,56.2846,57.1287,71.6318
spel2sattwin,True,16,BN_14-pp-minor-21,21,149,149,1971.18413711,104.7228,101.4386,101.2662,96.7766,92.9517,94.2742,93.2842,97.057,102.4248,91.1897,101.983,100.5328,108.6803,122.5341,130.8685,431.1043
spel2sattwin,True,16,BN_14-pp-minor-22,22,157,157,3825.44046307,210.1206,224.2546,243.5725,230.8935,259.2004,250.4047,246.7889,256.5403,219.3519,222.9637,195.5457,187.5509,196.0692,206.4688,288.1012,387.5059
spel2sattwin,False,15,BN_14-pp-minor-24,24,169,169,3183.61939597, ,9.0076,9.1045,9.2379,9.3595,9.7361,11.2431,14.7435,33.7147,103.6014,88.1864,98.5292,209.5255,577.4881,2000.0708
spel2sattwin,False,16,BN_14-pp-minor-25,25,176,176,5614.276896, ,11.7973,11.4918,11.3348,11.9778,12.4479,18.0922,16.6379,23.0458,51.1971,57.0648,234.9357,609.3094,1448.3443,1096.4284,2000.0803
spel2sattwin,False,15,BN_14-pp-minor-26,26,183,183,4740.89606094, ,13.8382,14.2993,15.3022,14.5991,14.8352,19.9869,20.5034,27.8171,41.2282,57.157,336.5626,596.1916,1568.3807,2000.1098
spel2sattwin,False,14,BN_14-pp-minor-27,27,190,190,3762.6630249, ,17.8359,17.5507,17.4685,17.3659,18.5361,19.1265,28.7911,23.45,43.8576,112.9895,929.4777,516.0171,2000.1197
spel2sattwin,False,14,BN_14-pp-minor-28,28,195,195,3778.35775709, ,20.2062,20.1234,20.699,21.2661,21.5309,25.9132,26.6372,33.335,149.1836,129.0766,490.4293,819.7647,2000.1213
spel2sattwin,False,15,BN_14-pp-minor-29,29,202,202,4951.90643907, ,24.4706,24.1459,24.1735,25.4087,25.2422,28.2781,47.1039,65.4372,63.8274,138.5858,313.6423,792.4652,1378.9212,2000.1244
spel2sattwin,True,16,BN_14-pp-minor-2hree,23,163,163,4326.48083091,15.9887,7.6074,7.4227,7.9001,7.7615,7.8959,8.3739,11.2252,15.0691,30.8332,62.4588,126.7755,471.5734,847.1995,1371.6897,1326.6281
spel2sattwin,False,2,BN_14-pp-minor-40,40,256,256,88.2198550701, ,88.1796
spel2sattwin,False,2,BN_14-pp-minor-41,41,260,260,72.2143681049, ,72.1699
spel2sattwin,False,2,BN_14-pp-minor-42,42,262,262,76.9095489979, ,76.8938
spel2sattwin,False,2,BN_14-pp-minor-44,44,267,267,80.6683778763, ,80.6326
spel2sattwin,False,2,BN_14-pp-minor-45,45,269,269,71.9141428471, ,71.8889
spel2sattwin,False,2,BN_14-pp-minor-46,46,273,273,85.6065399647, ,85.5663
spel2sattwin,False,2,BN_14-pp-minor-47,47,276,276,106.455724001, ,106.4239
spel2sattwin,False,2,BN_14-pp-minor-48,48,279,279,100.421987057, ,100.4157
spel2sattwin,False,2,BN_14-pp-minor-49,49,283,283,79.2248179913, ,79.188
spel2sattwin,False,2,BN_14-pp-minor-4hree,43,265,265,71.3811910152, ,71.3447
spel2sattwin,False,2,BN_14-pp-minor-50,50,288,288,80.2089400291, ,80.1683
spel2sattwin,False,2,BN_14-pp-minor-51,51,293,293,81.5182549953, ,81.4736
spel2sattwin,False,2,BN_14-pp-minor-52,52,295,295,75.3518989086, ,75.3153
spel2sattwin,False,2,BN_14-pp-minor-54,54,304,304,79.536123991, ,79.4994
spel2sattwin,False,2,BN_14-pp-minor-55,55,308,308,75.4118220806, ,75.3766
spel2sattwin,False,2,BN_14-pp-minor-56,56,310,310,152.535791874, ,152.5195
spel2sattwin,False,2,BN_14-pp-minor-57,57,313,313,77.9965178967, ,77.9855
spel2sattwin,False,2,BN_14-pp-minor-58,58,317,317,92.1778199673, ,92.1711
spel2sattwin,False,2,BN_14-pp-minor-59,59,321,321,135.515855074, ,135.5076
spel2sattwin,False,2,BN_14-pp-minor-5hree,53,298,298,83.1351718903, ,83.0945
spel2sattwin,False,2,BN_14-pp-minor-60,60,322,322,80.8039038181, ,80.768
spel2sattwin,False,2,BN_14-pp-minor-61,61,325,325,75.1419239044, ,75.1068
spel2sattwin,False,2,BN_14-pp-minor-62,62,328,328,102.399322033, ,102.3939
spel2sattwin,False,2,BN_14-pp-minor-64,64,335,335,71.1455230713, ,71.1289
spel2sattwin,False,2,BN_14-pp-minor-65,65,338,338,126.25305891, ,126.2472
spel2sattwin,False,2,BN_14-pp-minor-66,66,341,341,145.924735785, ,145.8838
spel2sattwin,False,2,BN_14-pp-minor-67,67,346,346,106.343787909, ,106.3254
spel2sattwin,False,2,BN_14-pp-minor-68,68,348,348,78.439043045, ,78.4025
spel2sattwin,False,2,BN_14-pp-minor-69,69,350,350,82.5840349197, ,82.5433
spel2sattwin,False,2,BN_14-pp-minor-6hree,63,332,332,173.689121962, ,173.6823
spel2sattwin,False,2,BN_14-pp-minor-70,70,352,352,86.0554599762, ,86.0068
spel2sattwin,False,14,BN_14-pp-minor-hree0,30,207,207,4705.66696286, ,41.6591,43.1232,60.1558,33.6122,43.3479,54.4463,39.2187,65.6883,150.1892,500.6462,549.9152,1123.3842,2000.1838
spel2sattwin,False,13,BN_14-pp-minor-hree1,31,209,209,3871.30442309, ,41.4983,36.9159,34.0457,34.6869,36.1138,39.8357,42.3411,110.7269,213.7736,547.1708,733.9318,2000.1862
spel2sattwin,False,14,BN_14-pp-minor-hree2,32,213,213,5847.26991796, ,41.3082,40.3752,40.8896,41.1628,42.9574,54.5234,56.61,78.8227,333.3143,752.5087,532.0361,1832.461,2000.2195
spel2sattwin,False,13,BN_14-pp-minor-hree4,34,226,226,5630.7890811, ,54.6301,54.6963,55.3339,61.8529,64.5342,80.4137,130.7953,372.8354,342.4122,694.4254,1718.3772,2000.4109
spel2sattwin,False,12,BN_14-pp-minor-hree5,35,231,231,4107.9557941, ,62.7918,64.3413,63.5592,64.9691,77.8749,94.9423,175.5216,405.8976,384.3808,713.3106,2000.2906
spel2sattwin,False,2,BN_14-pp-minor-hree6,36,234,234,65.9353878498, ,65.9286
spel2sattwin,False,2,BN_14-pp-minor-hree7,37,241,241,71.6280949116, ,71.5962
spel2sattwin,False,2,BN_14-pp-minor-hree8,38,245,245,72.0371630192, ,72.003
spel2sattwin,False,2,BN_14-pp-minor-hree9,39,252,252,75.4799380302, ,75.4593
spel2sattwin,False,13,BN_14-pp-minor-hreehree,33,219,219,4353.24035287, ,52.0477,50.9194,51.2323,53.4208,53.3375,62.0852,73.09,113.4947,330.2916,340.6184,1172.4003,2000.2239
spel2sattwin,True,3,BN_15-pp-minor-04,4,6,6,0.196940898895,0.0567,0.0752,0.0528
spel2sattwin,True,4,BN_15-pp-minor-05,5,10,10,0.239828109741,0.0679,0.0759,0.0363,0.044
spel2sattwin,True,5,BN_15-pp-minor-06,6,15,15,0.283965110779,0.0643,0.048,0.0345,0.0614,0.0559
spel2sattwin,True,6,BN_15-pp-minor-07,7,21,21,0.322461843491,0.0415,0.0665,0.05,0.0411,0.0518,0.0487
spel2sattwin,True,7,BN_15-pp-minor-08,8,28,28,0.46928691864,0.0556,0.0791,0.0657,0.0551,0.0596,0.074,0.0489
spel2sattwin,True,8,BN_15-pp-minor-09,9,36,36,0.764838933945,0.0964,0.0808,0.0776,0.1604,0.0877,0.0778,0.072,0.0807
spel2sattwin,True,9,BN_15-pp-minor-10,10,45,45,1.40250515938,0.116,0.123,0.2452,0.1312,0.1069,0.1275,0.1808,0.1868,0.1469
spel2sattwin,True,10,BN_15-pp-minor-11,11,55,55,1.72918486595,0.1624,0.2227,0.1677,0.1724,0.1464,0.1839,0.1547,0.1764,0.1396,0.1556
spel2sattwin,True,11,BN_15-pp-minor-12,12,66,66,2.57176995277,0.2301,0.2292,0.2157,0.2235,0.2573,0.23,0.2419,0.2158,0.2155,0.2043,0.2549
spel2sattwin,True,13,BN_15-pp-minor-14,14,91,91,5.5189909935,0.3945,0.4186,0.4401,0.4307,0.3969,0.385,0.3826,0.435,0.52,0.4284,0.3998,0.4201,0.4116
spel2sattwin,True,14,BN_15-pp-minor-15,15,105,105,8.18570899963,0.6198,0.5419,0.5277,0.6945,0.6007,0.5844,0.5383,0.595,0.5954,0.5727,0.5434,0.5632,0.5717,0.5736
spel2sattwin,True,14,BN_15-pp-minor-16,16,119,119,11.4828209877,0.8431,0.8098,0.8151,0.8017,0.8013,0.8195,0.7991,0.7858,0.8394,0.8225,0.8346,0.81,0.7917,0.8503
spel2sattwin,True,15,BN_15-pp-minor-17,17,132,132,22.1539368629,1.8272,1.2536,1.159,1.1801,1.1927,1.1992,1.1552,1.1916,1.2298,1.7833,1.7551,1.7391,1.7805,1.7702,1.8785
spel2sattwin,True,15,BN_15-pp-minor-18,18,145,145,53.8828420639,4.6847,1.6832,1.7086,1.7191,1.7169,4.0134,4.146,4.4881,4.0892,4.1493,4.4835,4.1089,4.4207,4.0677,4.346
spel2sattwin,True,16,BN_15-pp-minor-19,19,157,157,138.262545109,8.8663,2.404,2.4632,8.9867,10.2362,10.2011,10.1317,10.0784,9.6837,8.8423,9.7955,9.5543,9.1738,9.1329,8.9578,9.685
spel2sattwin,True,12,BN_15-pp-minor-1hree,13,78,78,3.92727184296,0.4462,0.3001,0.3958,0.2806,0.2839,0.3228,0.2985,0.3115,0.2982,0.2927,0.2912,0.3521
spel2sattwin,True,16,BN_15-pp-minor-20,20,170,170,278.158135891,18.1584,14.6841,17.0508,17.1483,17.101,16.8477,17.1095,17.0179,17.0365,17.1149,17.893,17.2112,17.3919,18.4623,18.5526,19.3012
spel2sattwin,True,17,BN_15-pp-minor-21,21,182,182,598.494786024,41.5287,34.0296,35.115,33.4208,33.5828,33.7098,33.2625,33.6806,33.438,32.3378,32.0094,32.984,32.6554,32.8077,33.8645,37.4983,52.4848
spel2sattwin,True,18,BN_15-pp-minor-22,22,192,192,1738.62270284,91.8758,70.4346,69.1573,79.1936,76.9303,77.5239,84.454,85.4762,87.0883,87.1615,88.0022,89.9685,87.5491,92.9471,92.0437,99.3735,84.3138,294.9844
spel2sattwin,True,18,BN_15-pp-minor-24,24,215,215,3328.87456799,29.4061,9.1333,9.1644,9.2095,9.3658,9.5783,10.0593,10.3228,14.2903,16.7612,23.7426,32.9763,74.1551,316.2529,178.0971,579.4598,814.5927,1182.21
spel2sattwin,False,16,BN_15-pp-minor-25,25,226,226,3497.62324095, ,11.6988,11.3646,11.3938,11.5393,11.8842,12.3436,14.2624,23.518,28.3823,39.1689,45.0752,117.8858,145.6177,1013.3321,2000.0806
spel2sattwin,False,16,BN_15-pp-minor-26,26,236,236,3106.72468281, ,14.7957,14.7847,14.6949,14.2226,14.6641,14.5963,15.4838,17.5234,20.9241,42.4956,49.658,75.5552,334.7056,462.4372,2000.1068
spel2sattwin,False,16,BN_15-pp-minor-27,27,242,242,3305.16689706, ,17.3236,17.6052,17.5113,17.6483,18.5905,19.6856,23.4414,20.553,28.887,71.6921,82.0951,131.8059,267.9372,570.1888,2000.1073
spel2sattwin,False,16,BN_15-pp-minor-28,28,251,251,3918.34478688, ,20.2486,20.3888,20.3624,20.6442,21.0032,21.9071,23.0337,25.4093,47.0239,80.7605,122.4115,97.5736,712.9853,684.3749,2000.1306
spel2sattwin,False,15,BN_15-pp-minor-29,29,261,261,3512.58431602, ,25.1985,24.9817,25.2971,26.0499,26.4893,28.1723,28.6834,39.3351,39.6388,63.8201,147.8436,567.3885,469.4636,2000.137
spel2sattwin,True,18,BN_15-pp-minor-2hree,23,202,202,3097.77918816,171.0966,7.533,7.5536,7.5906,7.6396,7.6079,7.9668,8.735,11.4128,10.0633,42.0686,26.5075,110.6053,57.9641,87.1165,733.0583,742.8288,1050.3363
spel2sattwin,False,2,BN_15-pp-minor-40,40,342,342,77.6944851875, ,77.6779
spel2sattwin,False,2,BN_15-pp-minor-41,41,347,347,77.0604918003, ,77.0364
spel2sattwin,False,2,BN_15-pp-minor-42,42,353,353,74.5226631165, ,74.5044
spel2sattwin,False,2,BN_15-pp-minor-44,44,362,362,76.0903389454, ,76.0538
spel2sattwin,False,2,BN_15-pp-minor-45,45,367,367,69.8857860565, ,69.8654
spel2sattwin,False,2,BN_15-pp-minor-46,46,374,374,106.928609133, ,106.92
spel2sattwin,False,2,BN_15-pp-minor-47,47,379,379,112.023109198, ,111.9874
spel2sattwin,False,2,BN_15-pp-minor-48,48,383,383,104.785997868, ,104.753
spel2sattwin,False,2,BN_15-pp-minor-49,49,388,388,78.9165570736, ,78.877
spel2sattwin,False,2,BN_15-pp-minor-4hree,43,357,357,127.395112038, ,127.3807
spel2sattwin,False,2,BN_15-pp-minor-50,50,390,390,73.7169890404, ,73.6964
spel2sattwin,False,2,BN_15-pp-minor-51,51,396,396,76.9477050304, ,76.913
spel2sattwin,False,2,BN_15-pp-minor-52,52,401,401,109.596359968, ,109.5873
spel2sattwin,False,2,BN_15-pp-minor-54,54,410,410,118.832870007, ,118.7853
spel2sattwin,False,2,BN_15-pp-minor-55,55,415,415,73.87063694, ,73.8628
spel2sattwin,False,2,BN_15-pp-minor-56,56,420,420,71.9569370747, ,71.9161
spel2sattwin,False,2,BN_15-pp-minor-57,57,422,422,77.1815302372, ,77.1461
spel2sattwin,False,2,BN_15-pp-minor-58,58,425,425,124.694165945, ,124.6787
spel2sattwin,False,2,BN_15-pp-minor-59,59,428,428,81.2347340584, ,81.1922
spel2sattwin,False,2,BN_15-pp-minor-5hree,53,407,407,77.9618551731, ,77.9181
spel2sattwin,False,2,BN_15-pp-minor-60,60,431,431,99.3387739658, ,99.2988
spel2sattwin,False,2,BN_15-pp-minor-61,61,436,436,136.803960085, ,136.7561
spel2sattwin,False,2,BN_15-pp-minor-62,62,441,441,80.8188240528, ,80.7761
spel2sattwin,False,2,BN_15-pp-minor-64,64,447,447,136.436882019, ,136.4311
spel2sattwin,False,2,BN_15-pp-minor-65,65,451,451,80.2564589977, ,80.2126
spel2sattwin,False,2,BN_15-pp-minor-66,66,460,460,72.0464761257, ,72.0295
spel2sattwin,False,2,BN_15-pp-minor-67,67,463,463,79.4980669022, ,79.4614
spel2sattwin,False,2,BN_15-pp-minor-68,68,468,468,121.171822071, ,121.1565
spel2sattwin,False,2,BN_15-pp-minor-69,69,470,470,120.355458975, ,120.3502
spel2sattwin,False,2,BN_15-pp-minor-6hree,63,445,445,153.873681068, ,153.8459
spel2sattwin,False,2,BN_15-pp-minor-70,70,476,476,88.2970068455, ,88.2558
spel2sattwin,False,16,BN_15-pp-minor-hree0,30,273,273,5211.0766871, ,29.7362,29.7035,30.0645,30.5168,30.8436,33.5975,36.412,47.1184,57.7992,67.7672,393.4865,318.2373,392.3256,1713.2189,2000.1547
spel2sattwin,False,15,BN_15-pp-minor-hree1,31,279,279,3858.6870091, ,41.6742,34.1757,41.9892,34.0077,34.9545,38.6626,38.0838,101.782,131.9012,195.2314,193.9934,402.1386,569.8061,2000.1935
spel2sattwin,False,15,BN_15-pp-minor-hree2,32,288,288,4640.43409395, ,40.275,40.5251,40.6372,40.4775,40.543,45.1469,44.9176,64.3959,143.3973,285.4515,291.1233,224.8444,1338.4164,2000.2011
spel2sattwin,False,14,BN_15-pp-minor-hree4,34,304,304,4899.78516197, ,60.3607,60.363,60.6043,60.1116,62.5471,64.0491,77.1595,102.4229,157.0765,259.7798,356.4707,1578.4838,2000.2567
spel2sattwin,False,15,BN_15-pp-minor-hree5,35,309,309,5307.86292791, ,122.8165,118.7813,138.645,79.8652,69.8498,84.4164,90.5275,96.3186,195.7576,319.1889,614.7604,399.2136,977.2916,2000.3162
spel2sattwin,False,2,BN_15-pp-minor-hree6,36,315,315,63.9994368553, ,63.9927
spel2sattwin,False,2,BN_15-pp-minor-hree7,37,323,323,69.2222959995, ,69.2014
spel2sattwin,False,2,BN_15-pp-minor-hree8,38,329,329,69.9535660744, ,69.9301
spel2sattwin,False,2,BN_15-pp-minor-hree9,39,336,336,74.4679300785, ,74.4355
spel2sattwin,False,14,BN_15-pp-minor-hreehree,33,298,298,3836.08271313, ,47.5863,47.18,47.4987,47.8926,49.8533,54.381,59.5503,85.8076,79.5101,277.8484,763.3092,275.3586,2000.2266
spel2sattwin,True,12,BN_16-pp.dgf-015,34,156,156,2750.56340218,278.4402,46.7361,55.7078,57.5961,56.237,57.0747,60.5956,61.3473,107.6743,105.7037,325.9906,1537.3711
spel2sattwin,True,5,BN_28,24,49,49,48.3194279671,10.7484,9.3354,9.0995,9.3969,9.7208
spel2sattwin,True,5,BN_29,24,49,49,47.2184479237,9.5169,8.9206,8.9731,9.797,9.9939
spel2sattwin,False,2,BN_78,54,226,226,77.1829929352, ,77.1424
spel2sattwin,False,14,BN_78-pp,33,174,174,5517.36362791, ,89.4625,79.442,46.9184,47.5733,50.3032,60.6439,55.0853,87.6663,109.2642,452.6081,583.1601,1854.9206,2000.2237
spel2sattwin,False,2,BN_79,54,226,226,82.0758430958, ,82.0312
spel2sattwin,False,13,BN_79-pp,33,174,174,4994.23505902, ,47.5289,47.3575,46.8062,48.6809,47.3627,51.9693,59.7845,234.7556,91.6739,691.0813,1626.9648,2000.1935
spel2sattwin,False,19,BN_80-pp,29,287,287,3610.18063211, ,24.7066,24.342,24.4872,25.2191,25.1736,26.4823,30.3708,31.4771,29.1182,59.5502,49.7789,58.8966,94.8892,117.9074,227.0945,477.937,282.4554,2000.1757
spel2sattwin,False,20,BN_81-pp,29,287,287,5221.34553695, ,24.0931,24.224,24.116,25.746,25.1551,25.5405,27.3654,27.4673,27.6657,38.5259,36.7915,52.2424,47.3444,107.1401,261.9775,457.655,659.7827,1328.2373,2000.1625
spel2sattwin,False,19,BN_82-pp,29,287,287,3716.81167817, ,25.7221,25.1248,25.0103,25.2687,25.2965,25.5388,25.757,26.5481,28.6292,31.8817,30.3351,47.9708,94.5506,53.5769,494.003,187.2193,544.1346,2000.1472
spel2sattwin,False,20,BN_84-pp,29,287,287,4329.88143277, ,24.898,24.7982,28.655,24.5388,24.2234,24.0624,24.621,36.0775,34.2047,27.8563,28.2353,68.6353,142.4127,96.8099,147.6711,251.9915,1051.9715,267.8509,2000.2167
spel2sattwin,False,20,BN_85-pp,29,287,287,4710.12696385, ,24.9913,25.0787,25.1975,25.3242,24.4823,27.5421,25.5616,28.9126,29.6572,29.5682,46.9478,42.492,41.7374,65.5599,410.7803,196.6097,603.7315,1035.7212,2000.1176
spel2sattwin,False,2,BN_86-pp,38,394,394,75.2106919289, ,75.2036
spel2sattwin,False,2,BN_87-pp,38,394,394,71.4927461147, ,71.4771
spel2sattwin,False,2,BN_88-pp,38,394,394,70.7959480286, ,70.7681
spel2sattwin,False,2,BN_89-pp,38,394,394,73.4293057919, ,73.3888
spel2sattwin,True,20,BN_8hree-pp,29,287,287,2352.91366506,28.0101,24.1217,24.2105,24.4105,24.5051,24.3506,24.2363,24.5903,27.5107,26.5971,27.2099,27.6435,64.9655,61.6768,100.8698,108.587,221.1452,357.7582,289.1013,841.2913
spel2sattwin,False,2,BN_90-pp,38,394,394,71.1041469574, ,71.0689
spel2sattwin,False,2,BN_91-pp,38,394,394,69.8974070549, ,69.8791
spel2sattwin,False,2,BN_92-pp,38,394,394,69.2829620838, ,69.2506
spel2sattwin,False,2,BN_94,53,245,245,75.2080280781, ,75.1789
spel2sattwin,False,2,BN_94-pp,44,220,220,69.66375494, ,69.6321
spel2sattwin,False,2,BN_95,53,245,245,71.1463520527, ,71.1217
spel2sattwin,False,2,BN_95-pp,44,220,220,77.4265208244, ,77.4042
spel2sattwin,False,2,BN_96,54,249,249,123.266327143, ,123.2128
spel2sattwin,False,2,BN_96-pp,48,234,234,80.2416911125, ,80.2267
spel2sattwin,False,2,BN_97,54,249,249,77.7257239819, ,77.7065
spel2sattwin,False,2,BN_97-pp,48,234,234,82.1556451321, ,82.1247
spel2sattwin,False,2,BN_98,57,270,270,80.4754731655, ,80.4349
spel2sattwin,False,2,BN_98-pp,47,241,241,126.539864063, ,126.5002
spel2sattwin,False,2,BN_99,57,270,270,82.8911690712, ,82.846
spel2sattwin,False,2,BN_99-pp,47,241,241,75.2177259922, ,75.2022
spel2sattwin,False,2,BN_9hree-pp,38,394,394,72.7108399868, ,72.7043
spel2sattwin,True,8,Brinkmann,21,42,42,4368.44827199,533.6449,494.4607,488.6535,493.5464,511.4827,515.882,568.9474,761.7789
spel2sattwin,True,2,Bull,5,5,5,0.099417924881,0.0476,0.0431
spel2sattwin,True,2,Butterfly,5,6,6,0.0997018814087,0.0479,0.0445
spel2sattwin,True,2,c4,4,4,4,0.122708082199,0.0608,0.0552
spel2sattwin,True,2,C5,5,5,5,0.0985040664673,0.0395,0.0513
spel2sattwin,True,2,C5+,5,6,6,0.103101015091,0.0528,0.0431
spel2sattwin,False,2,celar01-pp-001,47,275,275,74.629491806, ,74.6128
spel2sattwin,True,10,celar01-pp-002,19,112,112,356.772644997,34.6813,28.9265,37.1133,36.8724,36.7385,37.316,35.0999,34.3091,35.0743,40.5947
spel2sattwin,False,2,celar01-pp-00hree,58,311,311,78.5063359737, ,78.4906
spel2sattwin,True,10,celar02-pp_1,19,115,115,224.428967953,24.6548,2.4031,20.231,24.7583,25.7764,25.1368,25.4352,25.3496,25.4052,25.2197
spel2sattwin,True,10,celar02-pp,19,115,115,232.879143953,26.6152,2.305,21.018,25.895,26.1597,26.1944,26.3871,26.1501,26.0403,26.064
spel2sattwin,True,10,celar02-wpp_1,30,144,144,322.959723949,34.3933,24.3146,28.5835,28.7768,29.1308,29.1628,29.658,29.465,31.3,58.1239
spel2sattwin,True,10,celar02-wpp,30,144,144,313.224741936,34.4154,23.8566,27.7267,29.2627,28.2392,28.4924,28.4347,28.3548,29.3178,55.0787
spel2sattwin,True,10,celar04-pp-001,16,93,93,43.4113759995,4.7196,0.9765,4.1423,4.9789,4.7485,4.7596,4.7525,4.7274,4.795,4.7716
spel2sattwin,False,2,celar04-pp-002,62,316,316,76.9116530418, ,76.8831
spel2sattwin,True,11,celar05-pp-001,19,113,113,425.867349148,29.3049,7.4714,37.6472,69.7356,40.313,36.7046,57.2793,46.0776,42.0621,29.5271,29.6792
spel2sattwin,False,2,celar05-pp-002,47,271,271,75.7894129753, ,75.7754
spel2sattwin,True,3,celar05-wpp.dgf-004,4,6,6,0.139835119247,0.0404,0.0408,0.0473
spel2sattwin,True,3,celar05-wpp.dgf-005,4,6,6,0.145853042603,0.0709,0.0286,0.035
spel2sattwin,True,3,celar05-wpp.dgf-006,4,6,6,0.137836933136,0.0454,0.0406,0.04
spel2sattwin,True,3,celar05-wpp.dgf-007,4,6,6,0.596660852432,0.2185,0.1318,0.1238
spel2sattwin,True,4,celar05-wpp.dgf-008,5,10,10,0.744650840759,0.1756,0.148,0.0959,0.1724
spel2sattwin,True,4,celar05-wpp.dgf-009,5,10,10,0.173397064209,0.0348,0.0395,0.0346,0.0481
spel2sattwin,True,3,celar05-wpp.dgf-00hree,4,6,6,0.1727039814,0.0526,0.0652,0.0444
spel2sattwin,True,4,celar05-wpp.dgf-010,5,10,10,0.200397968292,0.0448,0.0554,0.0387,0.0459
spel2sattwin,True,4,celar05-wpp.dgf-011,5,10,10,0.218478918076,0.0406,0.053,0.0559,0.0535
spel2sattwin,True,4,celar05-wpp.dgf-012,5,10,10,0.298702955246,0.0594,0.081,0.0527,0.086
spel2sattwin,True,4,celar05-wpp.dgf-014,5,10,10,0.218965053558,0.0739,0.0432,0.0518,0.0332
spel2sattwin,True,5,celar05-wpp.dgf-015,6,15,15,0.968042850494,0.1558,0.184,0.169,0.1622,0.1559
spel2sattwin,True,5,celar05-wpp.dgf-016,6,15,15,0.28332901001,0.0447,0.0558,0.0554,0.052,0.0548
spel2sattwin,True,7,celar05-wpp.dgf-017,8,28,28,1.52431988716,0.2482,0.2162,0.1782,0.2115,0.1487,0.2287,0.1965
spel2sattwin,True,8,celar05-wpp.dgf-018,9,36,36,0.733581066132,0.0995,0.083,0.1003,0.1058,0.0825,0.0809,0.0763,0.0739
spel2sattwin,True,11,celar05-wpp.dgf-019,19,113,113,321.752775908,30.7774,4.4128,36.1793,31.6643,28.9672,28.9058,38.3653,29.8397,30.2571,31.1219,31.2071
spel2sattwin,True,4,celar05-wpp.dgf-01hree,5,10,10,0.228996992111,0.0562,0.0474,0.0541,0.0566
spel2sattwin,False,2,celar05-wpp.dgf-020,47,271,271,72.0228688717, ,71.9951
spel2sattwin,True,11,celar06-pp_1,16,101,101,20.9729619026,2.1274,0.972,0.949,1.9992,2.1216,2.1111,2.1266,2.1432,2.1408,2.1183,2.1189
spel2sattwin,True,11,celar06-pp,16,101,101,20.2210569382,2.0692,0.8969,0.8979,1.9205,2.0364,2.0503,2.0738,2.0511,2.0607,2.0671,2.0555
spel2sattwin,True,11,celar06-wpp_1,34,156,156,577.381589174,58.6069,44.5336,48.2999,51.674,51.9204,52.1998,52.2356,53.3205,52.5717,55.1499,56.8063
spel2sattwin,True,11,celar06-wpp,34,156,156,576.095475912,56.4524,44.8793,44.9282,53.9535,52.2485,52.541,54.0124,53.6963,53.1425,55.6515,54.5333
spel2sattwin,False,2,celar07-pp-001,45,320,320,69.950291872, ,69.9441
spel2sattwin,True,7,celar07-pp-002,16,54,54,94.6158041954,13.9821,10.9909,13.9773,13.6802,13.8792,14.1322,13.9468
spel2sattwin,True,4,celar07-pp.dgf-004,5,10,10,0.538464069366,0.1515,0.0846,0.0937,0.1246
spel2sattwin,True,4,celar07-pp.dgf-005,5,10,10,0.492115974426,0.0624,0.1158,0.0921,0.1398
spel2sattwin,True,5,celar07-pp.dgf-006,6,15,15,0.267193078995,0.0548,0.0343,0.0605,0.0543,0.0444
spel2sattwin,True,5,celar07-pp.dgf-007,6,15,15,0.88468003273,0.1632,0.1158,0.156,0.1359,0.1792
spel2sattwin,True,5,celar07-pp.dgf-008,6,15,15,0.763197183609,0.1549,0.1112,0.1158,0.1419,0.1198
spel2sattwin,True,5,celar07-pp.dgf-009,6,15,15,0.292184829712,0.058,0.0375,0.0825,0.0461,0.0483
spel2sattwin,True,3,celar07-pp.dgf-00hree,4,6,6,0.482474088669,0.1279,0.1184,0.1308
spel2sattwin,True,5,celar07-pp.dgf-010,6,15,15,0.292085886002,0.0502,0.0437,0.0523,0.0625,0.0643
spel2sattwin,True,5,celar07-pp.dgf-011,6,15,15,0.86568403244,0.1675,0.1575,0.0919,0.1241,0.18
spel2sattwin,True,4,celar07-pp.dgf-012,7,15,15,0.284816026688,0.0723,0.0642,0.0645,0.0691
spel2sattwin,True,11,celar07-pp.dgf-014,12,66,66,2.36783289909,0.2148,0.2303,0.2123,0.2166,0.2082,0.2105,0.2044,0.2104,0.2203,0.2032,0.1998
spel2sattwin,True,11,celar07-pp.dgf-015,12,66,66,2.36842393875,0.212,0.2051,0.21,0.2146,0.2178,0.2121,0.2161,0.2068,0.204,0.2146,0.214
spel2sattwin,True,7,celar07-pp.dgf-016,16,54,54,96.795550108,14.2821,11.1697,14.4009,14.1547,14.3438,14.1879,14.2256
spel2sattwin,False,2,celar07-pp.dgf-017,45,320,320,75.4953150749, ,75.4484
spel2sattwin,True,6,celar07-pp.dgf-01hree,7,21,21,0.375311136246,0.0554,0.0554,0.0522,0.0418,0.0565,0.0933
spel2sattwin,True,3,celar07pp-pp.dgf-001,4,6,6,0.402518033981,0.1045,0.1185,0.1484
spel2sattwin,True,4,celar07pp-pp.dgf-002,5,10,10,0.671371936798,0.1598,0.0959,0.1652,0.1681
spel2sattwin,True,5,celar07pp-pp.dgf-004,6,15,15,0.314738035202,0.0792,0.0475,0.0483,0.0569,0.0644
spel2sattwin,True,5,celar07pp-pp.dgf-005,6,15,15,0.374203920364,0.0475,0.0916,0.0706,0.0776,0.0699
spel2sattwin,True,5,celar07pp-pp.dgf-006,6,15,15,0.342582941055,0.0547,0.0594,0.075,0.0756,0.0606
spel2sattwin,True,5,celar07pp-pp.dgf-007,6,15,15,0.267694950104,0.0478,0.0414,0.0415,0.0487,0.0646
spel2sattwin,True,5,celar07pp-pp.dgf-008,6,15,15,0.298817873001,0.0527,0.0709,0.0495,0.051,0.0561
spel2sattwin,True,6,celar07pp-pp.dgf-009,7,21,21,0.371073961258,0.06,0.0513,0.0525,0.0609,0.0604,0.0649
spel2sattwin,True,5,celar07pp-pp.dgf-00hree,6,15,15,0.309958934784,0.0563,0.0479,0.0599,0.0607,0.0661
spel2sattwin,True,4,celar07pp-pp.dgf-010,8,16,16,0.455473899841,0.1041,0.1072,0.1131,0.1169
spel2sattwin,True,7,celar07pp-pp.dgf-011,14,47,47,26.1225821972,3.821,3.0635,3.9273,3.8158,3.8142,3.812,3.8415
spel2sattwin,False,2,celar07pp-pp.dgf-012,45,320,320,72.2290689945, ,72.2049
spel2sattwin,False,2,celar08-pp-001,39,283,283,76.636496067, ,76.5956
spel2sattwin,True,8,celar08-pp-002,16,61,61,97.9247698784,12.4689,9.8532,12.5318,12.5163,12.4748,12.5261,12.5098,13.0141
spel2sattwin,True,3,celar08pp-pp.dgf-001,4,6,6,0.163788080215,0.0746,0.043,0.0363
spel2sattwin,True,3,celar08pp-pp.dgf-002,4,6,6,0.177901983261,0.0672,0.0663,0.0328
spel2sattwin,True,3,celar08pp-pp.dgf-004,4,6,6,0.220299005508,0.0631,0.0331,0.0983
spel2sattwin,True,3,celar08pp-pp.dgf-005,4,6,6,0.159976005554,0.0436,0.0755,0.0305
spel2sattwin,True,3,celar08pp-pp.dgf-006,4,6,6,0.118728876114,0.0359,0.0309,0.0415
spel2sattwin,True,4,celar08pp-pp.dgf-007,5,10,10,0.368031978607,0.139,0.0898,0.0661,0.0585
spel2sattwin,True,4,celar08pp-pp.dgf-008,5,10,10,0.160357952118,0.0339,0.0466,0.0287,0.0368
spel2sattwin,True,4,celar08pp-pp.dgf-009,5,10,10,0.204321861267,0.0531,0.0405,0.0338,0.0606
spel2sattwin,True,3,celar08pp-pp.dgf-00hree,4,6,6,0.163408041,0.093,0.0351,0.0244
spel2sattwin,True,4,celar08pp-pp.dgf-010,5,10,10,0.173529863358,0.0411,0.0541,0.0384,0.0266
spel2sattwin,True,4,celar08pp-pp.dgf-011,5,10,10,0.241894960403,0.0418,0.0447,0.0836,0.0508
spel2sattwin,True,4,celar08pp-pp.dgf-012,5,10,10,0.20521402359,0.0514,0.0336,0.0574,0.047
spel2sattwin,True,4,celar08pp-pp.dgf-014,5,10,10,0.227717161179,0.0408,0.089,0.0497,0.0334
spel2sattwin,True,4,celar08pp-pp.dgf-015,5,10,10,0.246514081955,0.0401,0.0432,0.0394,0.1079
spel2sattwin,True,4,celar08pp-pp.dgf-016,5,10,10,0.217738866806,0.0679,0.0293,0.0407,0.0668
spel2sattwin,True,4,celar08pp-pp.dgf-017,5,10,10,0.271912097931,0.1038,0.0352,0.0528,0.0655
spel2sattwin,True,4,celar08pp-pp.dgf-018,5,10,10,0.236802101135,0.0384,0.0454,0.0509,0.0886
spel2sattwin,True,4,celar08pp-pp.dgf-019,5,10,10,0.235609054565,0.0585,0.0339,0.0849,0.0433
spel2sattwin,True,4,celar08pp-pp.dgf-01hree,5,10,10,0.233038187027,0.0353,0.0298,0.0672,0.0843
spel2sattwin,True,4,celar08pp-pp.dgf-020,5,10,10,0.180478096008,0.033,0.0601,0.0289,0.0447
spel2sattwin,True,4,celar08pp-pp.dgf-021,5,10,10,0.186506986618,0.0424,0.0302,0.0477,0.0515
spel2sattwin,True,5,celar08pp-pp.dgf-022,6,15,15,0.321048021317,0.0385,0.0294,0.0766,0.1251,0.0339
spel2sattwin,True,6,celar08pp-pp.dgf-024,7,21,21,0.438633918762,0.0537,0.0433,0.0712,0.0663,0.1349,0.0465
spel2sattwin,True,6,celar08pp-pp.dgf-025,8,24,24,0.673758029938,0.0989,0.1075,0.0991,0.1782,0.0822,0.0841
spel2sattwin,True,7,celar08pp-pp.dgf-026,8,28,28,0.586390972137,0.0693,0.0875,0.1116,0.0602,0.0656,0.0996,0.0672
spel2sattwin,True,8,celar08pp-pp.dgf-027,9,36,36,0.757550001144,0.0852,0.105,0.137,0.0962,0.0846,0.0889,0.0653,0.0679
spel2sattwin,True,9,celar08pp-pp.dgf-028,10,45,45,1.11338710785,0.0941,0.1423,0.1648,0.1192,0.1003,0.1219,0.095,0.1323,0.1109
spel2sattwin,True,9,celar08pp-pp.dgf-029,10,45,45,1.0353770256,0.1214,0.1663,0.0855,0.0993,0.0958,0.1033,0.1278,0.1028,0.1012
spel2sattwin,True,5,celar08pp-pp.dgf-02hree,6,15,15,0.267335891724,0.0887,0.0357,0.0286,0.0404,0.0564
spel2sattwin,True,9,celar08pp-pp.dgf-0hree0,10,45,45,1.16418790817,0.1255,0.1271,0.1653,0.1129,0.1287,0.1315,0.1005,0.1253,0.116
spel2sattwin,True,9,celar08pp-pp.dgf-0hree1,10,45,45,1.05392694473,0.1073,0.0959,0.1502,0.0924,0.1006,0.1169,0.1168,0.1057,0.1322
spel2sattwin,True,8,celar08pp-pp.dgf-0hree2,16,61,61,106.93849206,13.8914,10.472,13.8295,13.5111,13.702,13.7314,13.8334,13.9352
spel2sattwin,False,2,celar08pp-pp.dgf-0hreehree,39,283,283,71.1542260647, ,71.1359
spel2sattwin,True,8,celar09-pp-001,16,61,61,100.633133888,13.001,10.1736,12.9491,12.8009,12.8168,12.9202,12.8972,13.0441
spel2sattwin,True,1,celar09pp_1,67,165,165,0.196923971176,0.1936
spel2sattwin,True,1,celar09pp,67,165,165,0.221205949783,0.2172
spel2sattwin,False,2,celar0hree-pp-001,38,238,238,69.6061048508, ,69.593
spel2sattwin,True,3,celar0hree-pp2.dgf-002,4,6,6,0.224400997162,0.0578,0.0325,0.1226
spel2sattwin,True,3,celar0hree-pp2.dgf-004,4,6,6,0.216370820999,0.0714,0.0848,0.0481
spel2sattwin,True,4,celar0hree-pp2.dgf-005,5,10,10,0.228255033493,0.0693,0.0501,0.0586,0.0343
spel2sattwin,True,4,celar0hree-pp2.dgf-006,5,10,10,0.218196153641,0.0776,0.0327,0.0478,0.0469
spel2sattwin,True,4,celar0hree-pp2.dgf-007,5,10,10,0.162792921066,0.0354,0.0392,0.0339,0.041
spel2sattwin,True,4,celar0hree-pp2.dgf-008,5,10,10,0.193065881729,0.0376,0.0553,0.0308,0.0559
spel2sattwin,True,4,celar0hree-pp2.dgf-009,5,10,10,0.226528167725,0.0284,0.0521,0.0607,0.0711
spel2sattwin,True,3,celar0hree-pp2.dgf-00hree,4,6,6,0.149481058121,0.0485,0.045,0.0444
spel2sattwin,True,4,celar0hree-pp2.dgf-010,5,10,10,0.296815156937,0.0535,0.0834,0.0762,0.0683
spel2sattwin,True,4,celar0hree-pp2.dgf-011,6,12,12,0.274996995926,0.0619,0.038,0.1069,0.0531
spel2sattwin,True,5,celar0hree-pp2.dgf-012,6,15,15,0.335561037064,0.0545,0.056,0.0326,0.0757,0.0992
spel2sattwin,True,7,celar0hree-pp2.dgf-014,8,28,28,0.545027017593,0.0634,0.0902,0.0629,0.0781,0.0726,0.0778,0.0747
spel2sattwin,False,2,celar0hree-pp2.dgf-015,38,238,238,71.8070259094, ,71.7993
spel2sattwin,True,6,celar0hree-pp2.dgf-01hree,7,21,21,0.453904151917,0.0484,0.1187,0.0668,0.071,0.0646,0.0631
spel2sattwin,False,2,celar0hree-pp2,64,317,317,74.8691728115, ,74.8407
spel2sattwin,True,8,celar10-pp-001,16,61,61,101.317184925,12.9675,10.3285,13.1399,12.8784,12.9513,12.9075,13.0602,13.0514
spel2sattwin,True,10,celar11-pp-001,19,112,112,311.31554389,36.4199,2.2968,25.2132,33.3452,33.2046,33.5285,32.4528,33.133,40.7378,40.9393
spel2sattwin,True,7,celar11-pp-002,13,46,46,17.449090004,2.4086,2.455,2.3491,2.3476,2.3801,2.8796,2.6029
spel2sattwin,True,6,celar11-pp-004,16,43,43,126.052731037,22.1069,15.8904,20.7256,22.1857,21.9099,23.2093
spel2sattwin,False,2,celar11-pp-00hree,48,264,264,167.968672991, ,167.9242
spel2sattwin,True,6,Chvatal,12,24,24,12.3960239887,1.9478,1.9659,1.9675,1.9722,2.0604,2.46
spel2sattwin,True,9,Clebsch,16,40,40,323.68077898,23.663,23.3454,23.6971,23.38,23.8682,24.4487,26.8437,32.8177,121.5734
spel2sattwin,True,7,csf,32,94,94,315.784067869,45.1578,37.7607,38.4685,38.5745,41.2048,50.2053,64.3769
spel2sattwin,True,13,david-pp,29,191,191,652.10493207,39.9804,24.73,24.8436,24.8558,25.5684,25.6484,28.4345,30.3875,45.7196,37.5606,39.585,124.8579,179.8627
spel2sattwin,True,6,Desargues,20,30,30,2425.56025004,383.2587,373.6221,372.4442,368.2813,404.3495,523.5649
spel2sattwin,True,4,diabetes-pp-001,6,12,12,0.259067773819,0.0749,0.0502,0.051,0.0686
spel2sattwin,True,4,diabetes-pp-002,8,17,17,0.499260902405,0.1203,0.1075,0.1217,0.1362
spel2sattwin,True,2,Diamond,4,5,5,0.0791339874268,0.0365,0.0343
spel2sattwin,True,6,Dodecahedron,20,30,30,2384.34264112,297.863,366.4586,387.2999,394.1962,358.6358,579.8509
spel2sattwin,True,4,Durer,12,18,18,9.12775111198,2.2628,2.2509,2.2508,2.3488
spel2sattwin,False,2,eil51.tsp,51,140,140,67.0485241413, ,67.0428
spel2sattwin,True,6,Errera,17,45,45,236.6708529,39.5769,39.236,39.0842,38.9524,39.5762,40.2166
spel2sattwin,True,4,fivex5-grid,25,40,39,108.379521132,30.6321,28.9498,24.5394,24.2431
spel2sattwin,True,6,FlowerSnark,20,30,30,2366.24407792,378.8384,389.7601,392.6821,385.1393,379.1774,440.6055
spel2sattwin,True,7,Folkman,20,40,40,2052.265558,313.8295,298.7519,224.8781,229.4403,328.1013,330.5574,326.6606
spel2sattwin,True,4,fourx4-grid,16,24,24,123.263152838,30.5545,30.8979,30.7681,31.0227
spel2sattwin,True,5,Franklin,12,18,18,12.3901410103,2.1852,2.1848,2.1969,2.3357,3.4704
spel2sattwin,True,4,Frucht,12,18,18,9.22884917259,2.2584,2.2525,2.2572,2.4463
spel2sattwin,True,4,fungiuk,15,36,36,41.7068510056,10.8818,8.77,11.052,10.9895
spel2sattwin,True,3,games120-pp.dgf-002,4,6,6,0.15039396286,0.0761,0.0306,0.0322
spel2sattwin,True,9,games120-pp.dgf-00hree,14,63,63,28.226952076,3.1832,2.5715,3.1413,3.1423,3.2296,3.2047,3.1961,3.2285,3.2938
spel2sattwin,True,4,Goldner,11,27,27,3.11704087257,0.7517,0.807,0.7691,0.7749
spel2sattwin,True,4,graph06pp-pp.dgf-001,5,10,10,0.320963144302,0.0516,0.1049,0.087,0.0607
spel2sattwin,True,4,graph06pp-pp.dgf-002,5,10,10,0.274980068207,0.0859,0.0476,0.0637,0.062
spel2sattwin,True,6,graph06pp-pp.dgf-004,8,23,23,0.691196203232,0.0822,0.1398,0.113,0.1167,0.0957,0.1227
spel2sattwin,True,4,graph06pp-pp.dgf-00hree,5,10,10,0.312435865402,0.0396,0.0974,0.0702,0.0905
spel2sattwin,True,1,graph12pp_1,61,122,122,0.192756891251,0.1892
spel2sattwin,True,1,graph12pp,61,122,122,0.311217069626,0.307
spel2sattwin,True,5,Grotzsch,11,20,20,4.98123311996,0.9769,0.9647,0.9874,0.9828,1.0513
spel2sattwin,True,4,Herschel,11,18,18,4.39916396141,1.0859,1.08,1.1062,1.1102
spel2sattwin,True,7,Hoffman,16,32,32,255.951052904,28.9201,29.1369,28.6335,28.0534,28.8072,37.6744,74.6913
spel2sattwin,False,9,Holt,27,54,54,3819.08443809, ,32.088,28.3866,36.5422,46.6547,152.1237,309.6176,1213.4943,2000.1049
spel2sattwin,True,7,Kittell,23,63,63,227.543119907,15.2316,9.9227,7.911,9.1551,13.2952,33.181,138.8094
spel2sattwin,False,2,kneser8-hree,56,280,280,172.784723997, ,172.7368
spel2sattwin,False,2,knights8_8,64,168,168,69.2910699844, ,69.2678
spel2sattwin,False,2,knights8_8-pp,60,164,164,127.793509007, ,127.7875
spel2sattwin,True,3,link-pp-minor-004,4,6,6,0.166408061981,0.0538,0.0356,0.0662
spel2sattwin,True,4,link-pp-minor-005,5,10,10,0.334415912628,0.1075,0.0817,0.0566,0.0743
spel2sattwin,True,5,link-pp-minor-006,6,15,15,0.315773963928,0.0806,0.0873,0.0484,0.0442,0.0358
spel2sattwin,True,6,link-pp-minor-007,7,21,21,0.461445093155,0.0747,0.0628,0.0688,0.0522,0.0608,0.1127
spel2sattwin,True,7,link-pp-minor-008,8,28,28,0.533164978027,0.0813,0.0807,0.0574,0.0494,0.053,0.1339,0.0503
spel2sattwin,True,8,link-pp-minor-009,9,36,36,0.827950954437,0.0813,0.1284,0.1125,0.0992,0.0954,0.0779,0.1124,0.0944
spel2sattwin,True,9,link-pp-minor-010,10,45,45,1.13198494911,0.1497,0.1199,0.0987,0.1376,0.1282,0.119,0.1079,0.12,0.1164
spel2sattwin,True,10,link-pp-minor-011,11,55,55,1.63222408295,0.1595,0.147,0.1789,0.1534,0.1576,0.1494,0.1514,0.1414,0.1733,0.1773
spel2sattwin,True,11,link-pp-minor-012,12,66,66,2.36099004745,0.1934,0.226,0.2358,0.2065,0.2081,0.2105,0.2071,0.2171,0.1926,0.2237,0.2007
spel2sattwin,True,11,link-pp-minor-014,14,86,86,6.53055119514,0.7483,0.478,0.455,0.4884,0.4744,0.4675,0.4848,0.71,0.7187,0.7337,0.727
spel2sattwin,True,12,link-pp-minor-015,15,94,94,18.2268168926,1.646,0.7367,0.731,1.6062,1.7668,1.8208,1.6529,1.6362,1.6452,1.6366,1.649,1.653
spel2sattwin,True,12,link-pp-minor-016,16,101,101,37.5373849869,3.5987,0.9565,0.9557,3.2068,3.5831,3.5687,3.5709,3.6084,3.5964,3.6118,3.616,3.6197
spel2sattwin,True,12,link-pp-minor-017,17,108,108,73.0555360317,6.5024,1.2914,5.4807,6.4836,6.4733,7.0835,6.8437,6.5015,6.607,6.5579,6.5849,6.6027
spel2sattwin,True,12,link-pp-minor-018,18,114,114,156.391300917,14.5193,1.7007,11.4582,13.8371,13.8929,13.7666,14.7111,14.6696,14.3331,14.5456,14.3248,14.5866
spel2sattwin,True,13,link-pp-minor-019,19,119,119,454.809973955,38.1734,26.9717,34.5705,34.349,34.8,34.4294,31.8193,31.2152,33.7121,37.708,34.6673,35.3423,46.9894
spel2sattwin,True,11,link-pp-minor-01hree,13,77,77,3.45445799828,0.3332,0.3019,0.2811,0.3072,0.2966,0.3055,0.3101,0.3069,0.2888,0.3596,0.3272
spel2sattwin,True,13,link-pp-minor-020,20,125,125,969.629415989,61.6398,57.1356,80.1087,83.2209,82.8128,83.3839,77.0406,86.8016,62.985,61.5574,66.426,71.6143,94.8225
spel2sattwin,True,13,link-pp-minor-021,21,130,130,1549.73829603,140.492,83.9289,106.8371,103.5335,104.1679,104.2205,111.6679,118.2272,122.1591,131.3164,129.2523,140.207,153.6536
spel2sattwin,True,13,link-pp-minor-022,22,137,137,3547.58190989,278.8514,223.2877,266.8239,256.1567,235.3157,241.3758,253.6004,276.1238,299.2747,301.9008,309.448,291.5258,313.8011
spel2sattwin,True,13,link-pp-minor-024,24,151,151,709.01227808,22.3261,9.6131,9.347,9.2742,9.4001,10.0957,10.2391,17.1429,12.4785,46.5262,92.1058,113.3098,347.0898
spel2sattwin,True,13,link-pp-minor-025,25,156,156,1267.58235097,69.5876,11.223,11.0146,10.8314,11.146,11.0027,12.5385,12.6128,17.7043,98.9441,251.4865,266.9877,482.4388
spel2sattwin,True,13,link-pp-minor-026,26,163,163,1572.13064003,66.7799,14.3582,13.8609,13.9922,14.4596,14.9661,16.1799,32.8647,22.6326,106.3689,200.408,463.0518,592.1329
spel2sattwin,True,13,link-pp-minor-027,27,168,168,2321.90389395,183.8459,16.3489,16.451,16.4958,16.6784,17.7869,17.7928,21.649,143.5189,117.5645,290.5965,609.2995,853.8088
spel2sattwin,True,13,link-pp-minor-028,28,175,175,2333.74262118,52.4073,20.4559,20.14,19.9229,20.2297,20.9572,29.886,37.8461,71.0145,78.8191,108.2291,441.4889,1412.2807
spel2sattwin,True,13,link-pp-minor-029,29,179,179,3100.69710994,132.1181,25.4659,25.4375,25.7574,26.9916,30.1623,36.7479,56.5509,82.1896,183.2639,669.6163,866.4229,939.9015
spel2sattwin,True,13,link-pp-minor-02hree,23,144,144,469.703761101,7.7387,7.5723,7.5545,7.5361,7.8228,8.1867,9.36,10.3322,23.116,46.6559,74.3487,88.9333,170.4772
spel2sattwin,False,2,link-pp-minor-040,40,223,223,75.9858400822, ,75.9531
spel2sattwin,False,2,link-pp-minor-041,41,227,227,76.062940836, ,76.0565
spel2sattwin,False,2,link-pp-minor-042,42,229,229,68.2091610432, ,68.1807
spel2sattwin,False,2,link-pp-minor-044,44,235,235,69.216823101, ,69.1979
spel2sattwin,False,2,link-pp-minor-045,45,239,239,71.7019679546, ,71.6681
spel2sattwin,False,2,link-pp-minor-046,46,242,242,84.7153868675, ,84.6797
spel2sattwin,False,2,link-pp-minor-047,47,246,246,75.7701048851, ,75.7351
spel2sattwin,False,2,link-pp-minor-048,48,250,250,114.056593895, ,114.0229
spel2sattwin,False,2,link-pp-minor-049,49,252,252,78.3501238823, ,78.3183
spel2sattwin,False,2,link-pp-minor-04hree,43,232,232,70.5144090652, ,70.5061
spel2sattwin,False,2,link-pp-minor-050,50,255,255,68.7250540257, ,68.7098
spel2sattwin,False,2,link-pp-minor-051,51,261,261,136.651843071, ,136.6161
spel2sattwin,False,2,link-pp-minor-052,52,263,263,68.1593210697, ,68.1285
spel2sattwin,False,2,link-pp-minor-054,54,268,268,110.679919004, ,110.6594
spel2sattwin,False,2,link-pp-minor-055,55,270,270,129.952877998, ,129.9473
spel2sattwin,False,2,link-pp-minor-056,56,276,276,80.9961428642, ,80.9912
spel2sattwin,False,2,link-pp-minor-057,57,283,283,76.2682540417, ,76.2481
spel2sattwin,False,2,link-pp-minor-058,58,291,291,169.77482295, ,169.7692
spel2sattwin,False,2,link-pp-minor-059,59,299,299,76.3710451126, ,76.3305
spel2sattwin,False,2,link-pp-minor-05hree,53,265,265,77.188188076, ,77.1491
spel2sattwin,False,2,link-pp-minor-060,60,307,307,132.970104933, ,132.9342
spel2sattwin,False,2,link-pp-minor-061,61,315,315,69.3101189137, ,69.2872
spel2sattwin,False,2,link-pp-minor-062,62,323,323,76.7363820076, ,76.6955
spel2sattwin,False,2,link-pp-minor-064,64,339,339,133.201208115, ,133.1956
spel2sattwin,False,2,link-pp-minor-065,65,347,347,73.6490159035, ,73.6085
spel2sattwin,False,2,link-pp-minor-066,66,355,355,70.6419348717, ,70.6069
spel2sattwin,False,2,link-pp-minor-067,67,363,363,78.7937970161, ,78.7494
spel2sattwin,False,2,link-pp-minor-068,68,371,371,116.926980019, ,116.8887
spel2sattwin,False,2,link-pp-minor-069,69,379,379,81.5707178116, ,81.5259
spel2sattwin,False,2,link-pp-minor-06hree,63,331,331,145.418783903, ,145.4028
spel2sattwin,False,2,link-pp-minor-070,70,382,382,122.495885134, ,122.456
spel2sattwin,True,13,link-pp-minor-0hree0,30,185,185,2834.41361904,191.6927,28.563,27.854,28.0537,28.8251,30.2589,33.0457,72.7458,133.2726,141.0244,501.1503,350.9128,1266.9363
spel2sattwin,True,13,link-pp-minor-0hree1,31,192,192,3166.77822018,364.7703,33.3704,33.5523,33.4776,33.2711,44.1115,51.817,89.6945,190.9851,108.8353,465.0226,634.1108,1083.6844
spel2sattwin,True,13,link-pp-minor-0hree2,32,194,194,3308.68690991,264.0436,69.2918,63.1974,56.5469,42.324,41.8661,51.0277,53.4444,139.9855,234.8376,309.5521,433.2929,1549.1264
spel2sattwin,False,13,link-pp-minor-0hree4,34,202,202,4505.9709661, ,54.7066,54.4073,53.8323,53.5051,56.3639,63.1602,90.2179,89.0136,250.7537,494.5966,1245.1004,2000.2509
spel2sattwin,False,13,link-pp-minor-0hree5,35,205,205,5689.6445291, ,68.4814,63.3901,63.9338,65.5351,68.8094,79.4962,66.0314,491.8868,242.8391,505.6283,1973.0938,2000.4089
spel2sattwin,False,2,link-pp-minor-0hree6,36,208,208,61.9693000317, ,61.9633
spel2sattwin,False,2,link-pp-minor-0hree7,37,212,212,71.4755079746, ,71.4566
spel2sattwin,False,2,link-pp-minor-0hree8,38,216,216,69.9731180668, ,69.9368
spel2sattwin,False,2,link-pp-minor-0hree9,39,219,219,74.9219229221, ,74.8772
spel2sattwin,False,13,link-pp-minor-0hreehree,33,198,198,4384.04713011, ,48.3783,47.7135,50.078,52.8477,50.9649,76.0537,90.3792,140.7485,348.5993,499.3238,978.6117,2000.2697
spel2sattwin,False,2,mainuk,48,198,198,73.3030638695, ,73.261
spel2sattwin,True,6,mainuk-pp,9,28,28,0.793375968933,0.1261,0.1322,0.1183,0.1135,0.1526,0.1306
spel2sattwin,False,7,McGee,24,36,36,2619.79272604, ,8.7194,10.3927,21.8658,76.0376,502.6645,2000.067
spel2sattwin,True,3,MCSTestGraph2,9,13,13,0.770734071732,0.2646,0.2416,0.252
spel2sattwin,True,3,MCSTestGraph,7,11,11,0.277434110641,0.0893,0.0798,0.0985
spel2sattwin,True,5,mildew,35,80,80,417.861670017,84.8981,69.6547,69.656,72.8814,120.7283
spel2sattwin,True,4,mildew-wpp,15,31,31,55.2210118771,13.7281,13.833,13.7902,13.8558
spel2sattwin,True,3,Moser,7,11,11,0.280076026917,0.0768,0.1141,0.0783
spel2sattwin,False,2,munin1-pp-001,63,180,180,83.7715120316, ,83.735
spel2sattwin,False,2,munin1-pp,66,188,188,114.22385788, ,114.204
spel2sattwin,True,4,munin2-pp-001,6,12,12,0.212289094925,0.0479,0.0512,0.0387,0.0574
spel2sattwin,True,4,munin2-pp-002,6,12,12,0.183067083359,0.0558,0.0313,0.0297,0.0495
spel2sattwin,True,5,munin2-pp-004,16,36,36,132.358445883,27.7666,25.7625,26.3496,26.1431,26.3125
spel2sattwin,True,5,munin2-pp-005,16,36,36,125.070483923,25.4025,24.5271,24.6194,24.8604,25.6385
spel2sattwin,True,5,munin2-pp-006,16,36,36,118.829725027,23.8468,23.7014,23.5477,23.6939,24.0212
spel2sattwin,True,7,munin2-pp-007,17,47,47,248.537258148,35.8616,30.444,35.1917,36.6876,34.2213,36.4523,39.6407
spel2sattwin,True,7,munin2-pp-008,17,47,47,257.693421125,39.127,30.1461,37.7812,35.0227,37.1095,39.6664,38.8047
spel2sattwin,True,6,munin2-pp-009,18,47,47,413.237048864,71.2964,57.0696,70.9624,70.6087,70.2306,73.0366
spel2sattwin,True,5,munin2-pp-00hree,16,36,36,135.797446966,31.8853,26.0277,26.1087,25.9742,25.7793
spel2sattwin,True,7,munin2-pp-010,17,47,47,247.538902998,36.1728,27.7073,35.6991,35.8689,36.9804,37.7638,37.3138
spel2sattwin,True,7,munin2-pp-011,17,47,47,263.075227976,33.1529,28.839,44.2236,33.8826,35.9421,37.4384,49.5576
spel2sattwin,True,6,munin2-pp-012,18,47,47,596.322968006,106.8724,76.7601,101.5679,108.682,101.1027,101.2986
spel2sattwin,True,9,munin4-pp-001,23,66,66,805.234585047,24.8153,7.2535,7.2812,7.391,9.661,12.4658,46.9829,106.2183,583.1223
spel2sattwin,True,9,munin4-pp-002,23,66,66,1213.67498112,20.0676,7.9663,8.063,9.0564,15.6241,16.4836,64.0775,147.5632,924.7239
spel2sattwin,False,2,munin4-pp-004,38,109,109,70.1314189434, ,70.0979
spel2sattwin,False,2,munin4-pp-005,55,156,156,84.446169138, ,84.4201
spel2sattwin,False,2,munin4-pp-006,55,156,156,76.2015051842, ,76.1649
spel2sattwin,False,2,munin4-pp-00hree,38,109,109,75.8499429226, ,75.8388
spel2sattwin,True,5,muninhree-pp-001,7,17,17,0.415261030197,0.0494,0.0753,0.1027,0.0668,0.1031
spel2sattwin,True,5,muninhree-pp-002,7,17,17,0.431092977524,0.0901,0.0836,0.1002,0.0548,0.0848
spel2sattwin,True,5,munin_kgo_complete-pp,16,41,41,91.2946550846,18.2218,15.4307,19.5648,19.3485,18.7083
spel2sattwin,True,5,munin-kgo-pp-001,7,17,17,1.36391496658,0.2198,0.1657,0.2994,0.2719,0.33
spel2sattwin,True,5,munin-kgo-pp-002,7,17,17,0.353598117828,0.0582,0.0635,0.0709,0.0596,0.078
spel2sattwin,True,2,myciel2,5,5,5,0.106526136398,0.053,0.0415
spel2sattwin,True,10,myciel4,23,71,71,649.797996044,20.9199,11.8563,9.531,12.2732,20.1293,23.8162,47.8973,93.543,135.5066,274.2807
spel2sattwin,False,2,myciel5,47,236,236,77.0250201225, ,77.0061
spel2sattwin,False,2,myciel7-minor-070,70,1689,1689,78.3518059254, ,78.336
spel2sattwin,True,5,mycielhree,11,20,20,5.54559016228,1.01,1.1995,0.9614,1.2111,1.1455
spel2sattwin,False,7,Nauru,24,36,36,2924.83410907, ,9.3766,11.2423,27.4781,115.8996,760.7521,2000.0534
spel2sattwin,False,2,oesoca42,42,72,72,74.3947269917, ,74.3628
spel2sattwin,False,2,oesoca+-hugin,67,208,208,79.9652359486, ,79.9247
spel2sattwin,True,11,oesoca+-hugin-pp,14,75,75,37.2601311207,5.0989,1.3559,4.8877,4.3944,2.5348,2.9265,5.1386,3.9954,2.0336,2.644,2.1983
spel2sattwin,True,11,oesoca+-hugin-wpp,28,135,135,1236.10710692,134.6029,22.1693,21.7932,21.8844,22.399,56.9751,25.3655,26.2314,221.3129,207.3421,475.97
spel2sattwin,False,2,oesoca,39,67,67,75.0379528999, ,75.0225
spel2sattwin,False,2,oesoca+,67,208,208,115.554331064, ,115.5459
spel2sattwin,True,11,oesoca+-pp,14,75,75,17.0102741718,1.6457,0.5198,1.4997,1.6044,1.6448,1.6296,1.6564,1.6547,1.6994,1.7058,1.7061
spel2sattwin,False,2,onea8o_graph.dimacs,64,536,536,93.7642788887, ,93.7354
spel2sattwin,False,2,onea8o,64,536,536,108.675449848, ,108.6704
spel2sattwin,False,2,oneail_graph.dimacs,69,631,631,136.733202934, ,136.6597
spel2sattwin,False,2,oneail_graph-pp.dimacs,68,628,628,147.359211206, ,147.2673
spel2sattwin,True,6,oneb0n_graph.dimacs-001,7,21,21,0.602605104446,0.1083,0.0686,0.0804,0.0704,0.1141,0.1081
spel2sattwin,True,7,oneb0n_graph.dimacs-002,8,28,28,1.72802305222,0.232,0.1561,0.2201,0.2399,0.1962,0.2958,0.2117
spel2sattwin,True,7,oneb0n_graph.dimacs-004,8,28,28,0.647624015808,0.0812,0.0812,0.0925,0.0623,0.0802,0.084,0.1309
spel2sattwin,True,7,oneb0n_graph.dimacs-005,8,28,28,0.812502861023,0.0662,0.2505,0.09,0.0993,0.0746,0.0941,0.0842
spel2sattwin,True,7,oneb0n_graph.dimacs-00hree,8,28,28,0.695910930634,0.0703,0.0772,0.1124,0.1248,0.0901,0.1043,0.0869
spel2sattwin,False,2,oneb67_graph.dimacs,68,559,559,95.8386869431, ,95.8246
spel2sattwin,False,2,oneb67_graph-pp.dimacs,67,555,555,75.5734758377, ,75.5596
spel2sattwin,False,2,onebbz_graph.dimacs,57,543,543,80.5134198666, ,80.4978
spel2sattwin,False,2,onebbz_graph-pp.dimacs,56,538,538,71.2631390095, ,71.2193
spel2sattwin,False,2,onebbz-pp,56,538,538,138.374128103, ,138.3681
spel2sattwin,False,2,onebf4_graph.dimacs,63,658,658,178.315722942, ,178.2998
spel2sattwin,False,2,onebf4_graph-pp.dimacs,57,627,627,77.815392971, ,77.8093
spel2sattwin,False,2,onebrf_graph.dimacs,49,412,412,112.539134026, ,112.5266
spel2sattwin,False,2,onebrf_graph-pp.dimacs,48,408,408,114.539996862, ,114.5255
spel2sattwin,False,2,onebx7_graph.dimacs,41,195,195,73.2285609245, ,73.223
spel2sattwin,True,11,onebx7_graph-pp.dimacs,34,172,172,1577.26698208,163.6642,52.3866,52.4221,54.4433,53.2831,55.1801,131.8555,97.0561,88.3013,252.211,576.4046
spel2sattwin,False,2,onec4q_graph.dimacs,67,756,756,70.9206979275, ,70.8928
spel2sattwin,False,2,onec75_graph.dimacs,69,683,683,130.934059858, ,130.929
spel2sattwin,False,2,onec9o_graph.dimacs,66,720,720,107.601737022, ,107.5949
spel2sattwin,False,2,onecc8_graph.dimacs,70,813,813,142.364664078, ,142.3596
spel2sattwin,False,2,onecka_graph.dimacs,57,605,605,80.3622190952, ,80.3258
spel2sattwin,False,2,onedhreeb_graph.dimacs,69,682,682,117.013537884, ,117.0076
spel2sattwin,False,2,onedhreeb_graph-pp.dimacs,68,677,677,132.936001062, ,132.9114
spel2sattwin,False,2,onedj7_graph-pp.dimacs,70,726,726,117.817567825, ,117.8057
spel2sattwin,False,2,onee0b_graph.dimacs,60,518,518,121.129956961, ,121.0822
spel2sattwin,False,2,onee0b_graph-pp.dimacs,55,495,495,70.1889941692, ,70.1523
spel2sattwin,False,2,oneen2_graph.dimacs,69,463,463,139.915864944, ,139.8438
spel2sattwin,False,2,oneen2_graph-pp.dimacs,66,451,451,73.7279920578, ,73.7222
spel2sattwin,False,2,oneezg_graph.dimacs,66,541,541,130.650384188, ,130.6078
spel2sattwin,False,2,onefjl_graph.dimacs,65,600,600,68.0920770168, ,68.0504
spel2sattwin,True,5,onefjl_graph-pp.dimacs-001,6,15,15,0.262993097305,0.0709,0.0406,0.0484,0.0452,0.0406
spel2sattwin,True,7,onefjl_graph-pp.dimacs-002,8,28,28,0.625748872757,0.0717,0.0835,0.1055,0.0776,0.0818,0.0984,0.0819
spel2sattwin,False,2,onefjl_graph-pp.dimacs-004,57,563,563,189.878118992, ,189.8727
spel2sattwin,True,8,onefjl_graph-pp.dimacs-00hree,11,47,47,2.99648404121,0.3789,0.3193,0.3501,0.3559,0.3835,0.3707,0.3964,0.4126
spel2sattwin,False,2,onefjl_graph-pp.dimacs,63,595,595,74.9392762184, ,74.9188
spel2sattwin,False,2,onefrhree_graph.dimacs,67,618,618,74.9424610138, ,74.9314
spel2sattwin,False,2,onefrhree_graph-pp.dimacs,62,599,599,73.1572360992, ,73.1203
spel2sattwin,False,2,onefse_graph.dimacs,67,730,730,74.387586832, ,74.359
spel2sattwin,False,2,oneg2b_graph.dimacs,62,649,649,70.7846560478, ,70.7697
spel2sattwin,False,2,oneg2b_graph-pp.dimacs,59,632,632,78.9242370129, ,78.9023
spel2sattwin,False,2,oneg6x_graph.dimacs,52,405,405,78.5522129536, ,78.5461
spel2sattwin,False,2,onegcq_graph.dimacs,68,742,742,127.96115303, ,127.9551
spel2sattwin,False,2,onegcq_graph-pp.dimacs,64,719,719,73.1690421104, ,73.1363
spel2sattwin,False,2,onegut_graph.dimacs,67,621,621,76.0349841118, ,76.0286
spel2sattwin,False,2,onegut_graph-pp.dimacs,61,597,597,78.4616839886, ,78.4251
spel2sattwin,False,2,onehg7_graph.dimacs,66,705,705,170.406397104, ,170.3659
spel2sattwin,False,2,onei07_graph.dimacs,59,397,397,72.7485601902, ,72.7103
spel2sattwin,False,2,onei07_graph-pp.dimacs,51,362,362,68.1410801411, ,68.1205
spel2sattwin,False,2,onei27_graph-pp.dimacs,70,735,735,123.261978149, ,123.24
spel2sattwin,False,2,onei2t_graph.dimacs,61,644,644,82.6378490925, ,82.6324
spel2sattwin,False,2,oneigd_graph.dimacs,61,630,630,95.1462888718, ,95.1161
spel2sattwin,False,2,oneigd_graph-pp.dimacs,59,622,622,77.5571000576, ,77.5214
spel2sattwin,False,2,oneigq_graph.dimacs,54,503,503,141.270973921, ,141.2657
spel2sattwin,False,2,oneigq_graph-pp.dimacs,52,493,493,73.6290369034, ,73.6006
spel2sattwin,False,2,onej75_graph.dimacs,56,558,558,68.4711098671, ,68.4385
spel2sattwin,False,2,onejo8_graph.dimacs,58,608,608,72.1430521011, ,72.107
spel2sattwin,False,2,onek61_graph.dimacs,60,581,581,78.9948351383, ,78.9582
spel2sattwin,False,2,onek61_graph-pp.dimacs,56,564,564,70.5201439857, ,70.4866
spel2sattwin,False,2,onekq1_graph.dimacs,60,607,607,84.5147099495, ,84.5062
spel2sattwin,False,2,onekq1_graph-pp.dimacs,59,603,603,74.5010719299, ,74.4941
spel2sattwin,False,2,onekth_graph.dimacs,52,426,426,69.7273011208, ,69.6867
spel2sattwin,False,2,onekth_graph-pp.dimacs,51,421,421,135.930184126, ,135.8616
spel2sattwin,False,2,onekuhree_graph.dimacs,61,585,585,72.6420018673, ,72.6047
spel2sattwin,False,2,onekuhree_graph-pp.dimacs,60,581,581,77.6755740643, ,77.635
spel2sattwin,False,2,onekw4_graph.dimacs,67,672,672,130.497520924, ,130.4921
spel2sattwin,False,2,onel9l_graph.dimacs,70,697,697,100.769778967, ,100.7358
spel2sattwin,False,2,oneoai_graph.dimacs,58,524,524,81.5217199326, ,81.4852
spel2sattwin,False,2,oneoai_graph-pp.dimacs,57,518,518,77.4767971039, ,77.4359
spel2sattwin,False,2,onepwt_graph.dimacs,61,657,657,92.1712188721, ,92.1504
spel2sattwin,False,2,onepwt_graph-pp.dimacs,59,648,648,77.4520580769, ,77.4171
spel2sattwin,False,2,oner69_graph.dimacs,63,692,692,82.1666080952, ,82.1222
spel2sattwin,False,2,onerb9_graph.dimacs,48,412,412,74.281981945, ,74.2506
spel2sattwin,False,2,onesem_graph.dimacs,57,570,570,76.4285850525, ,76.392
spel2sattwin,False,2,onesem_graph-pp.dimacs,56,565,565,70.5187580585, ,70.5131
spel2sattwin,False,2,oneubq-pp,47,170,170,73.7310459614, ,73.6951
spel2sattwin,True,4,oow_bas,27,54,54,74.0352709293,21.2125,16.7231,17.2506,18.8313
spel2sattwin,True,4,oow_bas-wpp,17,35,35,150.33515811,40.2568,30.9611,39.1898,39.9095
spel2sattwin,False,2,oow_solo,40,87,87,76.2054228783, ,76.1602
spel2sattwin,True,6,oow-solo-pp-001,14,34,34,38.4105830193,6.2393,6.4319,6.3676,6.4317,6.4179,6.502
spel2sattwin,True,6,oow-solo-pp-002,16,35,35,154.926381111,24.4975,25.7987,26.0951,26.4835,24.93,27.0942
spel2sattwin,True,6,oow_solo-pp,27,63,63,164.674528122,67.4242,15.8144,15.8608,17.2219,22.3033,26.0223
spel2sattwin,True,6,oow_solo-wpp,29,66,66,273.071951151,80.9615,23.3583,23.5547,26.2773,46.5472,72.3355
spel2sattwin,True,6,oow-trad,33,72,72,772.376612902,151.8249,48.9015,49.5503,50.8231,125.1533,346.0896
spel2sattwin,True,6,oow-trad-pp-001,21,50,50,2857.72384596,487.1872,440.2115,428.2634,442.5376,519.2633,540.2189
spel2sattwin,True,6,oow-trad-pp,23,54,54,76.4113631248,9.9791,7.5573,7.2183,8.3192,16.3279,26.9792
spel2sattwin,True,6,oow-trad-wpp,25,57,57,192.695789099,30.625,11.4013,11.5462,12.0352,19.3263,107.7348
spel2sattwin,True,12,Paley17,17,68,68,669.039648771,28.5644,25.7109,26.5169,26.8918,26.8101,26.202,27.0486,27.0245,29.7717,35.422,39.4293,349.5961
spel2sattwin,True,8,Paley1hree,13,39,39,24.5458478928,2.9362,2.9208,2.7795,2.7535,2.8646,2.7986,3.242,4.2168
spel2sattwin,True,7,Pappus,18,27,27,1843.65495396,144.2075,172.2538,165.4826,143.864,163.0986,232.3583,822.3445
spel2sattwin,True,6,pathfinder-pp,12,43,43,6.75362086296,1.1559,1.1183,1.1184,1.1103,1.1235,1.1043
spel2sattwin,True,5,petersen,10,15,15,2.83664703369,0.4876,0.5269,0.5172,0.5561,0.7309
spel2sattwin,True,3,pignet2-pp-minor-0004,4,6,6,0.23796582222,0.0883,0.0439,0.095
spel2sattwin,True,4,pignet2-pp-minor-0005,5,10,10,0.263766050339,0.0329,0.0764,0.0401,0.0984
spel2sattwin,True,5,pignet2-pp-minor-0006,6,15,15,0.283966064453,0.0516,0.0354,0.0567,0.044,0.0784
spel2sattwin,True,6,pignet2-pp-minor-0007,7,21,21,0.434468984604,0.1558,0.0322,0.0757,0.0757,0.0379,0.0325
spel2sattwin,True,7,pignet2-pp-minor-0008,8,28,28,0.548304080963,0.058,0.1305,0.0726,0.0672,0.0676,0.0651,0.059
spel2sattwin,True,8,pignet2-pp-minor-0009,9,36,36,0.924811840057,0.1426,0.0983,0.1168,0.0885,0.1474,0.1141,0.084,0.1001
spel2sattwin,True,9,pignet2-pp-minor-0010,10,45,45,1.09105491638,0.1115,0.1099,0.1174,0.1128,0.0888,0.1558,0.1185,0.1215,0.1208
spel2sattwin,True,10,pignet2-pp-minor-0011,11,55,55,1.52355885506,0.1616,0.1808,0.1618,0.1545,0.1363,0.1466,0.1272,0.1365,0.1341,0.1523
spel2sattwin,True,11,pignet2-pp-minor-0012,12,66,66,2.31861710548,0.2198,0.2071,0.2002,0.2056,0.2166,0.2058,0.2084,0.2004,0.2006,0.2154,0.2018
spel2sattwin,True,13,pignet2-pp-minor-0014,14,91,91,5.33100485802,0.3997,0.4006,0.4673,0.4101,0.3929,0.4097,0.3816,0.402,0.4021,0.3981,0.3924,0.4133,0.4097
spel2sattwin,True,14,pignet2-pp-minor-0015,15,105,105,7.67788791656,0.5479,0.5389,0.5464,0.548,0.5429,0.5374,0.5567,0.5438,0.5476,0.5356,0.5434,0.5436,0.5471,0.5474
spel2sattwin,True,15,pignet2-pp-minor-0016,16,120,120,11.1404681206,0.7279,0.7251,0.7501,0.7285,0.732,0.7501,0.7378,0.7385,0.731,0.7476,0.7342,0.747,0.7637,0.7362,0.7384
spel2sattwin,True,16,pignet2-pp-minor-0017,17,136,136,15.7897109985,0.979,0.9675,0.9883,0.9798,0.987,0.973,0.9848,0.9876,0.9899,1.0111,0.981,0.9822,0.9873,0.974,0.975,0.9844
spel2sattwin,True,17,pignet2-pp-minor-0018,18,153,153,22.037266016,1.2925,1.3115,1.269,1.2851,1.3295,1.2874,1.2819,1.2933,1.2932,1.2701,1.2919,1.3123,1.2985,1.2974,1.3068,1.2782,1.2798
spel2sattwin,True,18,pignet2-pp-minor-0019,19,171,171,30.0798418522,1.6993,1.6591,1.6634,1.6672,1.6506,1.6676,1.6535,1.6402,1.6799,1.6581,1.6434,1.668,1.6713,1.6714,1.6823,1.6857,1.6741,1.6863
spel2sattwin,True,12,pignet2-pp-minor-001hree,13,78,78,3.53690814972,0.2851,0.2854,0.3088,0.279,0.2848,0.2847,0.2946,0.3027,0.2809,0.2918,0.2932,0.2958
spel2sattwin,True,19,pignet2-pp-minor-0020,20,190,190,41.1689059734,2.1775,2.151,2.1425,2.1924,2.2458,2.1581,2.1862,2.182,2.1644,2.1459,2.1521,2.1538,2.1413,2.1525,2.1346,2.1494,2.1777,2.1408,2.16
spel2sattwin,True,20,pignet2-pp-minor-0021,21,210,210,56.1757490635,2.8161,2.8207,2.8185,2.8271,2.7997,2.8187,2.8153,2.8128,2.808,2.8087,2.8194,2.7779,2.7881,2.7836,2.8071,2.8179,2.7973,2.7821,2.7886,2.7921
spel2sattwin,True,21,pignet2-pp-minor-0022,22,231,231,73.3161799908,3.4712,3.4889,3.4776,3.4065,3.5094,3.5316,3.4857,3.5207,3.5018,3.451,3.5013,3.489,3.4735,3.4862,3.5414,3.5118,3.4836,3.4813,3.5002,3.4607,3.4556
spel2sattwin,True,23,pignet2-pp-minor-0024,24,276,276,122.615621805,5.3144,5.1825,5.2387,5.3209,5.3231,5.323,5.2943,5.3457,5.3397,5.3143,5.4483,5.3368,5.4125,5.3521,5.2991,5.3693,5.3666,5.3331,5.3528,5.336,5.3227,5.2979,5.2954
spel2sattwin,True,24,pignet2-pp-minor-0025,25,300,300,157.183866024,6.5518,6.5267,6.4438,6.4523,6.4219,6.4329,6.4203,6.4161,6.5144,6.4738,8.0386,6.4652,6.3434,6.412,6.5127,6.4998,6.5405,6.4812,6.5242,6.5345,6.5278,6.5221,6.5187,6.5005
spel2sattwin,True,25,pignet2-pp-minor-0026,26,325,325,200.214920044,8.0456,7.9829,7.9854,8.004,7.979,7.8367,7.9451,7.8854,7.9803,8.0257,8.0477,8.0905,8.0382,8.0174,7.9842,8.0692,8.0382,8.05,7.9724,7.9624,8.1087,8.0496,7.9623,8.021,8.025
spel2sattwin,True,26,pignet2-pp-minor-0027,27,351,351,249.295347929,9.8393,9.4636,9.5822,9.5297,9.4677,9.5155,9.5061,9.3606,9.5871,9.4457,9.4817,9.4652,9.6533,9.8048,9.686,9.6344,9.652,9.5979,9.6264,9.5988,9.6021,9.5735,9.5681,9.6737,9.6659,9.6067
spel2sattwin,True,27,pignet2-pp-minor-0028,28,378,378,312.322036028,11.7195,11.5192,11.5905,11.5131,11.67,11.61,11.5581,11.6243,11.6308,11.6267,11.5909,11.6769,11.5308,11.4711,11.5101,11.5664,11.5011,11.4195,11.4679,11.5324,11.5106,11.5301,11.5727,11.4391,11.6149,11.6276,11.5758
spel2sattwin,True,28,pignet2-pp-minor-0029,29,406,406,385.824792147,13.8119,13.5895,13.5685,13.5655,13.7094,13.7579,13.6852,13.6844,13.7014,13.8284,13.7146,13.7109,13.7282,13.6823,13.7856,13.7073,13.881,13.7634,13.7093,13.7135,13.7624,13.8417,13.7047,13.7427,13.6945,13.7102,13.8356,15.1061
spel2sattwin,True,22,pignet2-pp-minor-002hree,23,253,253,95.2202069759,4.323,4.3576,4.3758,4.356,4.3672,4.35,4.3088,4.3016,4.3059,4.3031,4.3409,4.3266,4.3455,4.34,4.3373,4.3439,4.3435,4.2889,4.2978,4.267,4.27,4.2823
spel2sattwin,True,37,pignet2-pp-minor-0040,40,766,766,4078.29153109,98.2795,86.0708,86.6375,86.8441,83.9737,83.2081,86.3149,87.2835,87.1882,86.9195,103.9518,95.7395,86.7319,122.1546,87.6477,88.0188,87.4755,104.5261,87.2909,87.4268,88.0906,87.7377,87.247,95.629,95.7148,96.7094,97.171,97.2678,154.3548,124.7456,118.5155,123.6117,194.0767,158.9383,160.9269,246.3447,227.2742
spel2sattwin,False,20,pignet2-pp-minor-0041,41,800,800,2026.07511878, ,104.9626,104.9264,103.2349,104.0109,103.7645,104.2586,104.925,111.1991,106.3658,104.8432,106.145,108.7669,106.5267,105.8872,105.1372,105.1707,109.6726,105.7503,120.3963
spel2sattwin,False,2,pignet2-pp-minor-0042,42,832,832,89.1926720142, ,89.1635
spel2sattwin,False,2,pignet2-pp-minor-0044,44,896,896,82.8569779396, ,82.8251
spel2sattwin,False,2,pignet2-pp-minor-0045,45,927,927,76.6602039337, ,76.6471
spel2sattwin,False,2,pignet2-pp-minor-0046,46,958,958,83.2659358978, ,83.2262
spel2sattwin,False,2,pignet2-pp-minor-0047,47,987,987,75.0477211475, ,75.0084
spel2sattwin,False,2,pignet2-pp-minor-0048,48,1016,1016,81.737626791, ,81.7319
spel2sattwin,False,2,pignet2-pp-minor-0049,49,1047,1047,96.3511228561, ,96.3336
spel2sattwin,False,2,pignet2-pp-minor-004hree,43,864,864,83.6244831085, ,83.5882
spel2sattwin,False,2,pignet2-pp-minor-0050,50,1075,1075,70.0390238762, ,70.0105
spel2sattwin,False,2,pignet2-pp-minor-0051,51,1102,1102,123.187896013, ,123.1827
spel2sattwin,False,2,pignet2-pp-minor-0052,52,1129,1129,69.9999101162, ,69.969
spel2sattwin,False,2,pignet2-pp-minor-0054,54,1179,1179,71.3457779884, ,71.3331
spel2sattwin,False,2,pignet2-pp-minor-0055,55,1204,1204,65.0068819523, ,64.9877
spel2sattwin,False,2,pignet2-pp-minor-0056,56,1230,1230,128.955304146, ,128.9421
spel2sattwin,False,2,pignet2-pp-minor-0057,57,1252,1252,86.067510128, ,86.0588
spel2sattwin,False,2,pignet2-pp-minor-0058,58,1274,1274,80.1038110256, ,80.0579
spel2sattwin,False,2,pignet2-pp-minor-0059,59,1295,1295,155.477831125, ,155.4458
spel2sattwin,False,2,pignet2-pp-minor-005hree,53,1155,1155,67.4186580181, ,67.3983
spel2sattwin,False,2,pignet2-pp-minor-0060,60,1316,1316,125.377249002, ,125.3718
spel2sattwin,False,2,pignet2-pp-minor-0061,61,1338,1338,79.505906105, ,79.4758
spel2sattwin,False,2,pignet2-pp-minor-0062,62,1357,1357,111.829949141, ,111.7821
spel2sattwin,False,2,pignet2-pp-minor-0064,64,1396,1396,143.682839155, ,143.6776
spel2sattwin,False,2,pignet2-pp-minor-0065,65,1413,1413,71.3831019402, ,71.3429
spel2sattwin,False,2,pignet2-pp-minor-0066,66,1432,1432,97.035738945, ,97.0294
spel2sattwin,False,2,pignet2-pp-minor-0067,67,1448,1448,176.427899837, ,176.3619
spel2sattwin,False,2,pignet2-pp-minor-0068,68,1467,1467,73.8605511189, ,73.84
spel2sattwin,False,2,pignet2-pp-minor-0069,69,1484,1484,121.059782982, ,121.0542
spel2sattwin,False,2,pignet2-pp-minor-006hree,63,1377,1377,80.8832740784, ,80.8469
spel2sattwin,False,2,pignet2-pp-minor-0070,70,1495,1495,82.9752061367, ,82.9306
spel2sattwin,True,29,pignet2-pp-minor-00hree0,30,435,435,470.509732962,16.3942,16.0712,16.0936,16.2198,16.2699,16.3095,16.3828,16.2763,16.2662,16.2328,16.2477,16.2767,16.1662,16.1551,16.2152,16.1555,16.245,16.3801,16.201,16.16,16.1987,16.1618,16.1848,16.1872,16.1545,16.1938,16.1544,16.2509,16.153
spel2sattwin,True,30,pignet2-pp-minor-00hree1,31,465,465,566.883868933,18.9972,18.8471,19.0235,18.9137,18.9749,18.8831,19.0121,19.1301,19.035,19.2148,19.0426,18.898,18.8106,18.8121,18.8652,18.7783,19.0003,18.7584,18.7313,18.8929,18.8863,18.856,18.7988,18.8184,18.81,18.7933,18.753,18.7703,18.6675,18.9864
spel2sattwin,True,31,pignet2-pp-minor-00hree2,32,496,496,693.061122179,22.7649,22.1891,22.0794,22.0384,21.9808,22.8201,22.1048,22.0175,21.9864,22.112,22.032,21.9526,22.0719,22.0526,22.0198,22.408,22.5237,22.6179,22.5307,22.4816,22.6096,22.4847,22.5682,22.5322,22.6224,22.4348,22.5806,22.5763,22.5859,22.5754,22.5699
spel2sattwin,True,33,pignet2-pp-minor-00hree4,34,561,561,1001.34310603,30.4365,30.4352,30.3948,30.4089,30.4131,30.3558,30.3933,30.3782,30.5269,30.6681,30.1496,30.3867,30.486,30.2592,30.1653,30.1731,30.2404,30.2042,30.1826,30.2869,30.2208,30.4699,30.5842,30.4483,30.9739,30.0657,30.2503,30.0264,30.2133,30.0528,30.0787,30.4693,30.362
spel2sattwin,True,34,pignet2-pp-minor-00hree5,35,595,595,1201.26750803,34.9692,35.1496,35.3025,35.1074,35.3361,35.1183,35.2613,35.2164,35.0283,35.4367,35.5499,35.8352,35.5448,35.3852,35.3468,35.0894,35.3533,35.8101,35.4402,35.3346,35.4038,35.4565,35.4577,35.4903,35.5669,34.8878,35.5177,35.6532,35.5115,35.4875,35.4432,34.9317,34.7527,34.9245
spel2sattwin,True,35,pignet2-pp-minor-00hree6,36,630,630,1422.477772,40.2108,40.6177,40.7514,40.7113,40.4742,40.6081,40.8895,41.0317,40.7379,40.6634,40.5298,40.9675,40.8692,40.8261,40.6118,41.1072,40.7452,40.7977,40.739,40.8807,41.0891,40.9311,41.1786,41.1295,40.7023,39.928,39.8824,39.7116,40.8245,40.8464,40.6489,40.2743,40.3974,39.9855,39.9949
spel2sattwin,True,35,pignet2-pp-minor-00hree7,37,664,664,1721.38153005,50.6456,48.2974,48.7221,48.2367,48.1825,48.4625,48.9634,48.831,48.8362,48.8222,48.6455,48.6523,48.531,48.5022,48.3118,48.204,48.2335,48.3234,50.1659,49.0237,48.955,48.7872,49.5557,49.4778,49.7049,49.7155,49.3985,49.7312,49.7758,49.7946,49.8781,49.8074,50.4973,50.8841,50.6547
spel2sattwin,True,36,pignet2-pp-minor-00hree8,38,699,699,2152.95632601,61.7201,58.4966,58.7511,59.1955,58.9106,59.1495,60.0614,58.5318,58.7172,58.7996,58.9993,59.2487,59.0457,59.3922,58.8239,59.5234,59.5674,59.4621,59.4936,59.272,61.0985,58.3707,60.5848,58.9684,59.2021,59.2557,58.948,58.708,58.8127,61.1748,61.111,61.9628,61.56,62.3569,62.2767,63.2247
spel2sattwin,True,36,pignet2-pp-minor-00hree9,39,733,733,2642.74305105,84.0486,69.5324,69.2535,69.2281,69.1344,68.9852,69.2547,69.6473,69.5366,70.123,68.9177,69.8008,70.0603,70.3063,69.5423,70.5597,70.743,70.4391,70.4355,70.5226,77.0033,70.2412,70.5472,70.6096,70.7288,70.4256,75.5979,75.7305,76.0113,76.2628,81.8094,79.5667,79.8685,85.5927,84.4828,87.9677
spel2sattwin,True,32,pignet2-pp-minor-00hreehree,33,528,528,832.170340061,26.1367,26.3056,26.1242,25.9812,26.0612,25.6158,26.0399,26.079,26.0747,26.0978,25.8253,25.862,25.8646,26.0525,26.0726,26.3684,25.8897,26.0064,26.0296,26.0108,25.8366,25.9475,25.9108,26.1711,25.9919,25.9009,25.9816,25.9788,25.9053,26.0001,26.0415,25.8323
spel2sattwin,False,2,pigs-pp-001,47,134,134,71.1913878918, ,71.1762
spel2sattwin,False,2,pigs-pp,48,137,137,72.8619959354, ,72.8566
spel2sattwin,True,4,Pmin,9,12,12,1.16033887863,0.2679,0.3246,0.2819,0.2733
spel2sattwin,True,6,Poussin,15,39,39,75.2321848869,12.5693,12.3853,12.303,12.2918,12.4659,13.1913
spel2sattwin,True,3,Prism,6,9,9,0.162462949753,0.0676,0.043,0.0419
spel2sattwin,False,15,queen5_5,25,320,320,4021.72613692, ,11.2812,11.4149,11.1064,11.1601,11.456,12.5063,19.48,26.3887,54.2477,134.7239,210.5847,756.4859,750.7451,2000.0755
spel2sattwin,False,2,queen6_6,36,580,580,60.3687679768, ,60.3636
spel2sattwin,False,2,queen7_7,49,952,952,71.6519830227, ,71.6362
spel2sattwin,False,2,queen8_8,64,1456,1456,71.9795198441, ,71.9431
spel2sattwin,True,8,Robertson,19,38,38,2108.99219084,278.5857,210.3534,207.065,211.5451,211.5497,217.1506,289.6977,482.9803
spel2sattwin,False,2,ship-ship,50,114,114,68.5098109245, ,68.504
spel2sattwin,True,4,ship-ship-pp-001,6,12,12,0.268265008926,0.0452,0.075,0.0473,0.0863
spel2sattwin,True,8,ship-ship-pp-002,24,65,65,236.55027914,54.1343,9.2106,8.7696,9.3533,9.7709,23.3856,19.5824,102.3049
spel2sattwin,True,4,ship-ship-pp-00hree,6,12,12,0.269598007202,0.0645,0.0951,0.0495,0.0453
spel2sattwin,True,8,ship-ship-pp,30,77,77,805.39573288,216.9711,29.0734,29.1734,29.6439,37.2252,46.8292,174.9405,241.4919
spel2sattwin,False,2,ship-ship-wpp,38,91,91,101.590274811, ,101.5847
spel2sattwin,True,9,Shrikhande,16,48,48,242.353868961,22.4913,21.7209,21.5668,21.74,22.2165,22.7704,24.971,32.0255,52.8072
spel2sattwin,True,5,Sousselier,16,27,27,152.110343933,30.2012,30.4749,30.1085,30.3119,30.99
spel2sattwin,False,2,te,62,164,170,80.4427628517, ,80.4374
spel2sattwin,True,3,threex3-grid,9,12,12,0.761178016663,0.2562,0.2397,0.2524
spel2sattwin,True,3,threexhree-grid,9,12,12,0.706338167191,0.2405,0.223,0.2321
spel2sattwin,True,5,Tietze,12,18,18,13.7293930054,3.4763,2.579,2.3004,2.3233,3.0196
spel2sattwin,False,2,vsd-hugin,38,62,62,74.2924480438, ,74.2867
spel2sattwin,True,4,Wagner,8,12,12,2.09445095062,0.4509,0.6091,0.4284,0.5907
spel2sattwin,True,10,water,32,123,123,1167.25349498,50.6725,41.0618,39.7367,40.9875,43.5386,51.2076,60.5039,129.2194,251.212,459.0578
spel2sattwin,True,9,water-pp-001,21,94,94,2584.05917597,255.3681,280.7715,313.3138,289.1884,286.6444,285.4592,306.3846,287.2632,279.6012
spel2sattwin,True,9,water-pp,22,96,96,3863.11129689,280.0929,555.1909,548.5996,505.6833,518.9696,429.4324,375.3999,343.8677,305.8127
spel2sattwin,True,9,water-wpp,22,96,96,4303.48052287,360.1971,587.8886,527.0567,552.2779,520.5411,479.0833,449.035,446.2869,381.051
spel2sattwin,False,2,Watsin,50,75,75,75.932320118, ,75.9032
spel2sattwin,True,7,weeduk,15,49,49,24.1248540878,5.7089,0.6957,0.6938,0.6942,4.8406,5.7323,5.7329
spel2sattwin,True,3,wilson-hugin,21,27,27,1593.15784097,552.621,510.2376,530.2791
spel2sattwin,False,2,zeroin.i.1-pp,54,1267,1267,115.918559074, ,115.9118
spel2sattwin,False,2,zeroin.i.2-pp,57,1097,1097,153.59641099, ,153.5905
spel2sattwin,False,2,zeroin.i.hree-pp,57,1097,1097,88.8755569458, ,88.8684
