spel2sat,False,2,alarm,37,65,65,67.6267781258, ,67.6203
spel2sat,True,12,anna-pp,22,148,148,3285.26806903,339.8174,155.2837,193.7926,260.4176,233.7821,244.942,258.1151,248.5057,306.2779,353.7977,334.5802,355.8749
spel2sat,False,2,B10Cage,70,106,105,72.3935720921, ,72.3744
spel2sat,False,2,barley,48,126,126,71.9734141827, ,71.967
spel2sat,True,7,barley-pp-001,16,50,50,125.756756067,18.1237,16.4573,16.1758,18.2516,17.4953,19.7501,19.4728
spel2sat,True,7,barley-pp,26,78,78,113.111598969,16.4839,13.0582,13.4832,13.5043,16.2975,14.5349,25.7053
spel2sat,True,7,barley-wpp,29,83,83,278.573698044,65.9031,23.4873,25.4607,24.9121,27.5814,37.4351,73.7348
spel2sat,True,4,bcs01.graph-001,5,10,10,0.273295164108,0.0549,0.0373,0.0817,0.0866
spel2sat,True,4,bcs01.graph-002,5,10,10,0.512375116348,0.0571,0.1887,0.1021,0.1521
spel2sat,True,4,bcs01.graph-004,5,10,10,0.533047914505,0.0357,0.1884,0.2197,0.0742
spel2sat,False,2,bcs01.graph-005,44,172,172,69.7244579792, ,69.7186
spel2sat,True,4,bcs01.graph-00hree,5,10,10,0.281461954117,0.0588,0.087,0.0574,0.0663
spel2sat,False,2,bcs01-pp,44,172,172,69.3328630924, ,69.3271
spel2sat,True,3,bcs05.graph-001,4,6,6,0.178473949432,0.0433,0.0704,0.0551
spel2sat,True,3,bcs05.graph-002,4,6,6,0.328764915466,0.0758,0.1267,0.1173
spel2sat,False,2,BN_0-pp-minor-40,40,173,173,83.2313158512, ,79.1381
spel2sat,False,2,BN_0-pp-minor-41,41,176,176,79.0101020336, ,78.9663
spel2sat,False,2,BN_0-pp-minor-42,42,179,179,72.9464459419, ,70.6824
spel2sat,False,2,BN_0-pp-minor-44,44,183,183,76.6208050251, ,76.6129
spel2sat,False,2,BN_0-pp-minor-45,45,187,187,71.1855230331, ,71.1805
spel2sat,False,2,BN_0-pp-minor-46,46,192,192,68.4343841076, ,68.42
spel2sat,False,2,BN_0-pp-minor-47,47,196,196,69.9096419811, ,69.9047
spel2sat,False,2,BN_0-pp-minor-48,48,197,197,99.8667089939, ,99.8335
spel2sat,False,2,BN_0-pp-minor-49,49,202,202,102.068026066, ,102.0589
spel2sat,False,2,BN_0-pp-minor-4hree,43,180,180,77.3621490002, ,77.3279
spel2sat,False,2,BN_0-pp,67,243,243,78.9550302029, ,78.9449
spel2sat,False,2,BN_100,58,273,273,102.099041939, ,102.0921
spel2sat,False,2,BN_100-pp,51,252,252,103.997693062, ,103.9919
spel2sat,False,2,BN_101,58,273,273,110.307044029, ,110.288
spel2sat,False,2,BN_101-pp,51,252,252,116.785657883, ,116.7419
spel2sat,False,2,BN_102-pp,64,328,328,72.6880149841, ,72.6764
spel2sat,False,2,BN_104,50,731,731,144.089246988, ,144.0487
spel2sat,False,2,BN_105,50,731,731,73.2056410313, ,73.1658
spel2sat,False,2,BN_106,50,760,760,116.819422007, ,116.8139
spel2sat,False,2,BN_107,50,760,760,71.4574511051, ,71.4488
spel2sat,False,2,BN_108,50,740,740,79.1628930569, ,79.1262
spel2sat,False,2,BN_109,50,740,740,133.667994976, ,133.6624
spel2sat,False,2,BN_10hree-pp,64,328,328,142.088763952, ,141.9846
spel2sat,False,2,BN_10-pp-minor-40,40,211,211,140.447986841, ,140.3615
spel2sat,False,2,BN_10-pp-minor-41,41,214,214,79.5150308609, ,79.5089
spel2sat,False,2,BN_10-pp-minor-42,42,217,217,72.9591920376, ,72.9159
spel2sat,False,2,BN_10-pp-minor-44,44,223,223,82.3366670609, ,82.3304
spel2sat,False,2,BN_10-pp-minor-45,45,227,227,71.5726749897, ,71.5321
spel2sat,False,2,BN_10-pp-minor-46,46,231,231,91.0998489857, ,91.0842
spel2sat,False,2,BN_10-pp-minor-47,47,235,235,97.0369448662, ,97.0245
spel2sat,False,2,BN_10-pp-minor-48,48,237,237,80.8919780254, ,80.853
spel2sat,False,2,BN_10-pp-minor-49,49,241,241,109.846963167, ,109.8032
spel2sat,False,2,BN_10-pp-minor-4hree,43,220,220,77.6547269821, ,77.6086
spel2sat,False,2,BN_10-pp,57,257,257,120.936145067, ,120.9004
spel2sat,False,2,BN_110,50,741,741,74.5961301327, ,74.551
spel2sat,False,2,BN_111,50,741,741,78.5495049953, ,78.5049
spel2sat,False,2,BN_112,50,719,719,75.389786005, ,75.3492
spel2sat,False,2,BN_114,50,731,731,131.049578905, ,131.0098
spel2sat,False,2,BN_115,50,731,731,127.346775055, ,127.3312
spel2sat,False,2,BN_116,50,742,742,82.6472270489, ,82.6411
spel2sat,False,2,BN_117,50,742,742,72.5594849586, ,72.5189
spel2sat,False,2,BN_118,50,735,735,73.3816518784, ,73.3731
spel2sat,False,2,BN_119,50,735,735,75.3111131191, ,75.2614
spel2sat,False,2,BN_11hree,50,719,719,74.7979371548, ,74.7533
spel2sat,False,2,BN_120,50,737,737,73.4138350487, ,73.3779
spel2sat,False,2,BN_121,50,737,737,71.9387748241, ,71.9019
spel2sat,False,2,BN_122,50,731,731,97.8114099503, ,97.7757
spel2sat,False,2,BN_124,50,740,740,88.2482721806, ,88.211
spel2sat,False,2,BN_125,50,740,740,78.7334699631, ,78.7275
spel2sat,False,2,BN_12hree,50,731,731,75.253880024, ,75.2173
spel2sat,True,3,BN_14-pp-minor-04,4,6,6,0.624800205231,0.2419,0.1288,0.14
spel2sat,True,4,BN_14-pp-minor-05,5,10,10,0.383405923843,0.0647,0.0846,0.0891,0.0934
spel2sat,True,5,BN_14-pp-minor-06,6,15,15,0.51996088028,0.0605,0.1112,0.1374,0.114,0.0757
spel2sat,True,6,BN_14-pp-minor-07,7,21,21,0.587505102158,0.0673,0.1327,0.1078,0.0896,0.0713,0.0877
spel2sat,True,7,BN_14-pp-minor-08,8,28,28,2.54528307915,0.454,0.4112,0.3918,0.364,0.3242,0.3517,0.1672
spel2sat,True,8,BN_14-pp-minor-09,9,36,36,1.40777301788,0.1249,0.1306,0.2139,0.2489,0.2232,0.1442,0.1542,0.1394
spel2sat,True,9,BN_14-pp-minor-10,10,45,45,2.04767513275,0.1921,0.2744,0.2691,0.2599,0.2038,0.2354,0.1963,0.183,0.1967
spel2sat,True,10,BN_14-pp-minor-11,11,55,55,7.46758008003,0.7213,0.7828,0.6646,0.4489,0.5971,0.8017,0.7365,0.7256,1.0167,0.9372
spel2sat,True,10,BN_14-pp-minor-12,12,65,65,4.77272701263,0.4276,0.4982,0.5232,0.5331,0.5293,0.4372,0.4461,0.4453,0.4191,0.4707
spel2sat,True,12,BN_14-pp-minor-14,14,85,85,15.769931078,1.2424,1.6064,1.2901,1.2651,1.2385,1.2441,1.2371,1.2124,1.3139,1.343,1.379,1.3484
spel2sat,True,12,BN_14-pp-minor-15,15,96,96,41.0890641212,2.1861,2.8239,2.7959,6.2102,3.5833,7.4274,4.9256,2.2179,2.2243,2.2185,2.2165,2.2088
spel2sat,True,13,BN_14-pp-minor-16,16,107,107,53.380589962,3.889,4.2206,4.2591,3.8148,3.8485,3.8768,3.9402,3.8879,3.936,4.038,4.1858,4.4501,4.9742
spel2sat,True,14,BN_14-pp-minor-17,17,115,115,117.46634984,7.6279,8.4297,8.2759,8.2374,7.5915,7.6598,7.6638,7.4936,7.5952,7.6553,8.5409,8.6727,9.1664,12.7973
spel2sat,True,14,BN_14-pp-minor-18,18,125,125,207.938113928,15.2706,14.259,15.4318,13.8957,13.8727,13.5092,13.8611,14.0873,13.6157,13.9418,14.1226,15.9332,16.4367,19.6347
spel2sat,True,14,BN_14-pp-minor-19,19,134,134,370.591711044,24.6472,25.9941,26.0396,26.4421,25.8209,26.0735,26.1482,26.347,26.6309,27.0115,27.0357,25.6327,26.4032,30.2992
spel2sat,True,11,BN_14-pp-minor-1hree,13,75,75,8.76715493202,0.7936,0.7584,0.7967,0.7835,0.7827,0.7825,0.7712,0.7499,0.7146,0.8067,0.9771
spel2sat,True,15,BN_14-pp-minor-20,20,142,142,973.849759102,52.6914,62.5961,61.9439,69.9556,70.652,69.5788,62.8052,61.9455,62.8631,63.9315,62.2252,63.7572,61.9734,63.8117,83.0078
spel2sat,True,16,BN_14-pp-minor-21,21,149,149,2254.73951197,120.2933,95.8676,96.8293,98.686,108.7139,113.5425,113.4381,116.0302,124.744,128.5096,128.7634,128.6778,133.136,145.5538,157.9128,443.9299
spel2sat,True,16,BN_14-pp-minor-22,22,157,157,3636.36255503,190.1734,242.913,241.9354,219.412,225.128,231.5756,214.6871,186.3096,192.5798,189.9943,189.3289,191.3517,190.3175,204.6811,307.9535,417.9094
spel2sat,False,15,BN_14-pp-minor-24,24,169,169,3392.55163908, ,9.559,9.1304,9.3815,9.4645,10.0414,11.1853,15.3346,35.4208,92.9497,91.0952,120.5271,242.5196,735.7871,2000.0728
spel2sat,False,16,BN_14-pp-minor-25,25,176,176,5317.50105619, ,11.3358,11.3498,11.4796,11.7573,12.863,18.9216,17.3826,23.2115,51.6635,53.397,206.5941,518.2146,1288.8394,1080.2663,2000.1238
spel2sat,False,15,BN_14-pp-minor-26,26,183,183,4771.88077903, ,13.8847,15.1859,14.1794,14.3526,14.6627,18.4947,19.771,27.7761,39.9086,55.1226,344.2361,628.2822,1565.8418,2000.1053
spel2sat,False,15,BN_14-pp-minor-27,27,190,190,4827.7773509, ,17.5451,17.6391,17.9585,17.7151,19.4605,20.1643,30.9217,25.0043,37.5879,93.3975,695.571,369.8434,1464.7766,2000.0997
spel2sat,False,14,BN_14-pp-minor-28,28,195,195,3760.64015794, ,21.3261,20.7615,21.1159,21.0141,22.5612,24.567,28.264,34.2576,151.6797,132.3008,484.7748,797.8103,2000.1152
spel2sat,False,15,BN_14-pp-minor-29,29,202,202,5843.13089919, ,24.5039,24.4487,24.6581,26.0554,26.8718,28.2902,51.4931,74.4242,72.7788,176.2641,386.4205,1072.6033,1854.0815,2000.1533
spel2sat,True,16,BN_14-pp-minor-2hree,23,163,163,5688.38285017,19.7765,7.3441,7.2897,7.393,7.5392,7.5949,7.9701,10.5674,14.0592,28.9778,54.8692,111.2904,637.58,1213.0858,1909.5609,1643.3965
spel2sat,False,2,BN_14-pp-minor-40,40,256,256,79.10688591, ,79.0663
spel2sat,False,2,BN_14-pp-minor-41,41,260,260,70.1396460533, ,70.1327
spel2sat,False,2,BN_14-pp-minor-42,42,262,262,78.8929429054, ,78.8876
spel2sat,False,2,BN_14-pp-minor-44,44,267,267,73.8316280842, ,73.8159
spel2sat,False,2,BN_14-pp-minor-45,45,269,269,92.650028944, ,92.6063
spel2sat,False,2,BN_14-pp-minor-46,46,273,273,72.5637419224, ,72.5272
spel2sat,False,2,BN_14-pp-minor-47,47,276,276,88.6575028896, ,88.6439
spel2sat,False,2,BN_14-pp-minor-48,48,279,279,80.6064920425, ,80.5616
spel2sat,False,2,BN_14-pp-minor-49,49,283,283,139.011111021, ,138.9714
spel2sat,False,2,BN_14-pp-minor-4hree,43,265,265,97.1510999203, ,97.1446
spel2sat,False,2,BN_14-pp-minor-50,50,288,288,76.6479680538, ,76.607
spel2sat,False,2,BN_14-pp-minor-51,51,293,293,75.2189331055, ,75.1784
spel2sat,False,2,BN_14-pp-minor-52,52,295,295,76.7252130508, ,76.6871
spel2sat,False,2,BN_14-pp-minor-54,54,304,304,132.633701801, ,132.6213
spel2sat,False,2,BN_14-pp-minor-55,55,308,308,71.4440248013, ,71.4071
spel2sat,False,2,BN_14-pp-minor-56,56,310,310,159.838018894, ,159.8178
spel2sat,False,2,BN_14-pp-minor-57,57,313,313,83.6322891712, ,83.5903
spel2sat,False,2,BN_14-pp-minor-58,58,317,317,79.7971248627, ,79.7915
spel2sat,False,2,BN_14-pp-minor-59,59,321,321,112.086956024, ,112.0739
spel2sat,False,2,BN_14-pp-minor-5hree,53,298,298,134.301537037, ,134.2963
spel2sat,False,2,BN_14-pp-minor-60,60,322,322,99.8382670879, ,99.8025
spel2sat,False,2,BN_14-pp-minor-61,61,325,325,77.2891168594, ,77.2486
spel2sat,False,2,BN_14-pp-minor-62,62,328,328,109.755255938, ,109.7492
spel2sat,False,2,BN_14-pp-minor-64,64,335,335,156.711937189, ,156.7038
spel2sat,False,2,BN_14-pp-minor-65,65,338,338,70.9976320267, ,70.982
spel2sat,False,2,BN_14-pp-minor-66,66,341,341,109.916260004, ,109.9108
spel2sat,False,2,BN_14-pp-minor-67,67,346,346,84.5717999935, ,84.5432
spel2sat,False,2,BN_14-pp-minor-68,68,348,348,83.0524020195, ,83.0279
spel2sat,False,2,BN_14-pp-minor-69,69,350,350,93.7808840275, ,93.7404
spel2sat,False,2,BN_14-pp-minor-6hree,63,332,332,82.0833969116, ,82.0427
spel2sat,False,2,BN_14-pp-minor-70,70,352,352,142.751588106, ,142.7427
spel2sat,False,14,BN_14-pp-minor-hree0,30,207,207,4780.90692997, ,60.1387,57.7907,67.609,32.2311,35.3573,55.583,39.6647,67.7708,158.0433,519.2241,529.3358,1157.8888,2000.1866
spel2sat,False,14,BN_14-pp-minor-hree1,31,209,209,5641.61440396, ,77.2726,57.6875,51.383,53.8517,56.0655,61.3654,80.0489,144.9289,217.6968,437.5155,602.3118,1801.2578,2000.1457
spel2sat,False,13,BN_14-pp-minor-hree2,32,213,213,4977.83162498, ,44.2854,44.5991,48.2389,45.4369,47.5835,62.5204,69.0924,88.7553,478.6022,1161.1811,887.1737,2000.2668
spel2sat,False,13,BN_14-pp-minor-hree4,34,226,226,4975.23390603, ,57.2522,57.2793,57.8042,58.3835,63.1667,78.1924,120.7443,320.7473,293.7809,567.7436,1299.8132,2000.2425
spel2sat,False,12,BN_14-pp-minor-hree5,35,231,231,4468.83179903, ,68.1654,68.2484,69.3317,71.8067,76.0992,99.0104,192.127,442.8047,486.5595,894.278,2000.3221
spel2sat,False,2,BN_14-pp-minor-hree6,36,234,234,62.1546599865, ,62.1433
spel2sat,False,2,BN_14-pp-minor-hree7,37,241,241,72.8198289871, ,72.8009
spel2sat,False,2,BN_14-pp-minor-hree8,38,245,245,73.1306941509, ,73.1102
spel2sat,False,2,BN_14-pp-minor-hree9,39,252,252,73.0843930244, ,73.0404
spel2sat,False,13,BN_14-pp-minor-hreehree,33,219,219,4475.445889, ,48.9527,48.6555,49.2675,51.593,51.7323,59.7395,70.6089,102.967,308.815,349.1984,1333.5009,2000.3204
spel2sat,True,3,BN_15-pp-minor-04,4,6,6,0.202397823334,0.0422,0.0556,0.0937
spel2sat,True,4,BN_15-pp-minor-05,5,10,10,0.245401144028,0.0518,0.0446,0.0656,0.0666
spel2sat,True,5,BN_15-pp-minor-06,6,15,15,0.471705913544,0.0957,0.0878,0.0865,0.0735,0.1006
spel2sat,True,6,BN_15-pp-minor-07,7,21,21,0.461505889893,0.0636,0.0778,0.0719,0.0538,0.0639,0.1055
spel2sat,True,7,BN_15-pp-minor-08,8,28,28,0.619812011719,0.0823,0.1232,0.0777,0.0705,0.0804,0.0835,0.0719
spel2sat,True,8,BN_15-pp-minor-09,9,36,36,1.09044194221,0.138,0.1682,0.139,0.124,0.1102,0.1415,0.1185,0.1164
spel2sat,True,9,BN_15-pp-minor-10,10,45,45,1.91632580757,0.2006,0.1695,0.187,0.1933,0.1913,0.1785,0.1908,0.2599,0.3044
spel2sat,True,10,BN_15-pp-minor-11,11,55,55,3.10097718239,0.2749,0.2894,0.2943,0.2905,0.2982,0.2844,0.3382,0.3384,0.3247,0.3235
spel2sat,True,11,BN_15-pp-minor-12,12,66,66,5.20409107208,0.4267,0.4887,0.4686,0.4399,0.4184,0.4654,0.4808,0.481,0.4188,0.5029,0.5672
spel2sat,True,13,BN_15-pp-minor-14,14,91,91,14.9399878979,0.9861,0.9679,0.9339,0.9164,1.1402,1.1306,1.0852,0.9866,1.1467,1.0594,1.0359,1.4418,2.0547
spel2sat,True,14,BN_15-pp-minor-15,15,105,105,20.7336421013,1.4032,1.4389,1.4471,1.424,1.3907,1.4996,1.5582,1.5938,1.3615,1.4809,1.4238,1.495,1.5097,1.6433
spel2sat,True,14,BN_15-pp-minor-16,16,119,119,32.2346739769,2.1739,2.097,2.1481,2.1361,2.2108,2.2568,2.1426,2.1382,2.1181,2.1122,2.1187,2.1801,2.2008,4.149
spel2sat,True,15,BN_15-pp-minor-17,17,132,132,54.1642348766,3.5229,3.5925,3.6901,3.7323,3.4271,3.7609,3.7154,3.318,3.6433,3.5948,3.3185,3.9016,3.5645,3.6736,3.6476
spel2sat,True,15,BN_15-pp-minor-18,18,145,145,91.4781339169,6.0638,6.0673,6.428,6.3169,5.7948,5.8612,5.7176,5.7642,5.8327,6.1937,6.1203,6.0487,6.2414,6.5916,6.3602
spel2sat,True,16,BN_15-pp-minor-19,19,157,157,189.728910208,11.4044,11.6344,11.6051,11.7254,11.6147,11.4079,11.6808,11.7198,11.5228,11.6145,11.765,11.8601,11.7711,11.5682,12.0052,14.7598
spel2sat,True,12,BN_15-pp-minor-1hree,13,78,78,8.48133397102,0.6501,0.6518,0.6825,0.6511,0.6722,0.6481,0.5977,0.606,0.6101,0.6605,0.7629,1.2422
spel2sat,True,16,BN_15-pp-minor-20,20,170,170,293.394494057,18.7473,17.6498,17.4402,17.4068,17.3437,17.3766,17.2736,17.3701,17.3367,17.4081,18.9573,18.9258,19.3185,19.3254,20.0509,21.3895
spel2sat,True,17,BN_15-pp-minor-21,21,182,182,710.58160305,44.8287,37.5791,41.2642,41.6635,40.678,41.594,40.8699,42.9738,37.3924,37.7668,38.9833,41.0259,40.5521,41.7225,41.5624,49.2781,50.7503
spel2sat,True,18,BN_15-pp-minor-22,22,192,192,1530.50427008,70.3842,74.585,74.2261,72.8001,76.1877,68.3608,76.9045,77.4251,77.9912,77.3813,78.2876,76.3258,69.9124,71.0653,71.8569,81.3495,75.5243,259.806
spel2sat,True,18,BN_15-pp-minor-24,24,215,215,3292.8921659,27.373,9.377,9.3554,9.4435,9.6818,9.9487,10.4411,10.2093,13.5936,15.5029,21.6686,26.8204,60.351,306.7998,190.4011,542.3597,797.7915,1221.6697
spel2sat,False,16,BN_15-pp-minor-25,25,226,226,3686.09128499, ,11.6889,11.8248,11.758,11.9318,12.2165,12.3443,14.0932,22.5066,27.2716,37.3502,43.3526,111.4202,156.9151,1201.2487,2000.0961
spel2sat,False,16,BN_15-pp-minor-26,26,236,236,3128.18759489, ,14.6164,15.094,15.128,15.1163,15.561,15.3751,16.478,18.8483,22.7941,46.129,50.9371,76.4427,345.167,460.3083,2000.1045
spel2sat,False,16,BN_15-pp-minor-27,27,242,242,3113.83384204, ,17.057,17.1867,17.0367,16.8192,17.3923,18.1385,21.3471,19.3655,25.6777,60.2331,69.5163,112.4436,230.7733,470.6577,2000.1078
spel2sat,False,16,BN_15-pp-minor-28,28,251,251,4029.30415392, ,20.8271,20.9127,20.7619,20.9871,21.2666,22.4004,23.756,25.8693,47.6737,84.0423,119.3969,99.5126,757.7137,743.9779,2000.1139
spel2sat,False,15,BN_15-pp-minor-29,29,261,261,3864.49753499, ,26.4672,27.1129,26.0885,26.8132,27.6184,29.5234,30.576,42.0545,39.2046,67.4889,164.7074,733.088,623.5273,2000.1358
spel2sat,True,18,BN_15-pp-minor-2hree,23,202,202,3758.3146112,179.4873,7.093,7.1223,7.1602,7.2956,7.3312,7.5616,8.2368,10.6071,9.6697,36.35,23.7656,97.8215,69.2892,105.35,920.7273,978.68,1274.666
spel2sat,False,2,BN_15-pp-minor-40,40,342,342,79.2260558605, ,79.192
spel2sat,False,2,BN_15-pp-minor-41,41,347,347,74.390045166, ,74.3454
spel2sat,False,2,BN_15-pp-minor-42,42,353,353,71.2541840076, ,71.2153
spel2sat,False,2,BN_15-pp-minor-44,44,362,362,74.0792448521, ,74.0435
spel2sat,False,2,BN_15-pp-minor-45,45,367,367,72.1686508656, ,72.1364
spel2sat,False,2,BN_15-pp-minor-46,46,374,374,75.1393659115, ,75.0944
spel2sat,False,2,BN_15-pp-minor-47,47,379,379,107.170017004, ,107.1262
spel2sat,False,2,BN_15-pp-minor-48,48,383,383,77.2923469543, ,77.2518
spel2sat,False,2,BN_15-pp-minor-49,49,388,388,84.678388834, ,84.6375
spel2sat,False,2,BN_15-pp-minor-4hree,43,357,357,74.0358290672, ,74.0184
spel2sat,False,2,BN_15-pp-minor-50,50,390,390,87.4020569324, ,87.3593
spel2sat,False,2,BN_15-pp-minor-51,51,396,396,112.540191889, ,112.5078
spel2sat,False,2,BN_15-pp-minor-52,52,401,401,77.2170360088, ,77.1782
spel2sat,False,2,BN_15-pp-minor-54,54,410,410,76.8317639828, ,76.7893
spel2sat,False,2,BN_15-pp-minor-55,55,415,415,117.379785061, ,117.364
spel2sat,False,2,BN_15-pp-minor-56,56,420,420,76.9544258118, ,76.9482
spel2sat,False,2,BN_15-pp-minor-57,57,422,422,77.7435832024, ,77.7068
spel2sat,False,2,BN_15-pp-minor-58,58,425,425,77.6372430325, ,77.6316
spel2sat,False,2,BN_15-pp-minor-59,59,428,428,80.0366578102, ,80.0118
spel2sat,False,2,BN_15-pp-minor-5hree,53,407,407,82.8395831585, ,82.8127
spel2sat,False,2,BN_15-pp-minor-60,60,431,431,118.211855888, ,118.1998
spel2sat,False,2,BN_15-pp-minor-61,61,436,436,79.2969470024, ,79.2752
spel2sat,False,2,BN_15-pp-minor-62,62,441,441,79.7014842033, ,79.6595
spel2sat,False,2,BN_15-pp-minor-64,64,447,447,71.9262850285, ,71.8932
spel2sat,False,2,BN_15-pp-minor-65,65,451,451,138.35176897, ,138.2984
spel2sat,False,2,BN_15-pp-minor-66,66,460,460,76.7406170368, ,76.7322
spel2sat,False,2,BN_15-pp-minor-67,67,463,463,118.424002171, ,118.418
spel2sat,False,2,BN_15-pp-minor-68,68,468,468,86.9407060146, ,86.9063
spel2sat,False,2,BN_15-pp-minor-69,69,470,470,128.584928989, ,128.493
spel2sat,False,2,BN_15-pp-minor-6hree,63,445,445,83.6183240414, ,83.5799
spel2sat,False,2,BN_15-pp-minor-70,70,476,476,85.2197580338, ,85.2001
spel2sat,False,15,BN_15-pp-minor-hree0,30,273,273,3547.16865301, ,40.8839,51.1318,39.8173,53.0406,51.3028,51.4113,34.6393,43.0531,52.4631,76.6956,330.5481,309.1189,412.7667,2000.2072
spel2sat,False,15,BN_15-pp-minor-hree1,31,279,279,4116.48751593, ,33.8066,34.2711,34.0568,34.2535,40.7285,53.2587,70.3463,65.332,153.0615,184.4692,180.1147,438.2833,794.2037,2000.2115
spel2sat,False,15,BN_15-pp-minor-hree2,32,288,288,4777.33361197, ,40.6295,40.8476,41.8877,43.5358,44.9288,48.9963,48.6389,69.2045,155.0873,304.0222,321.6774,252.5261,1365.0415,2000.2174
spel2sat,False,14,BN_15-pp-minor-hree4,34,304,304,5001.99204493, ,56.2191,56.8929,56.7936,58.7682,59.0922,61.0354,77.1303,98.8348,147.9049,244.1541,342.382,1742.3943,2000.2971
spel2sat,False,15,BN_15-pp-minor-hree5,35,309,309,4820.23138094, ,66.6859,64.7813,64.616,65.3337,68.5487,73.5601,80.2341,86.8604,169.6293,273.7339,510.9119,359.2465,935.7588,2000.2343
spel2sat,False,2,BN_15-pp-minor-hree6,36,315,315,61.0813310146, ,61.0753
spel2sat,False,2,BN_15-pp-minor-hree7,37,323,323,127.583906889, ,127.5696
spel2sat,False,2,BN_15-pp-minor-hree8,38,329,329,69.4539458752, ,69.4277
spel2sat,False,2,BN_15-pp-minor-hree9,39,336,336,72.6298909187, ,72.5893
spel2sat,False,14,BN_15-pp-minor-hreehree,33,298,298,4056.42274809, ,49.5131,51.3648,51.1594,51.9672,55.8948,60.4479,66.4166,98.5549,90.393,303.5647,873.1535,303.6486,2000.2614
spel2sat,False,12,BN_16-pp.dgf-015,34,156,156,3784.2657249, ,61.3343,62.2905,61.5976,62.811,63.3812,73.0831,89.6964,207.9176,477.7124,624.0768,2000.2853
spel2sat,True,5,BN_28,24,49,49,48.2610769272,10.7008,9.2427,9.2177,9.4163,9.6637
spel2sat,True,5,BN_29,24,49,49,52.2116980553,10.9329,9.8446,10.0534,10.2916,11.0674
spel2sat,False,2,BN_78,54,226,226,75.2247610092, ,75.1842
spel2sat,False,13,BN_78-pp,33,174,174,3717.53849697, ,46.8596,47.2535,48.9895,50.0359,50.3676,62.3641,56.1325,93.0848,121.0841,510.1679,630.8972,2000.2306
spel2sat,False,2,BN_79,54,226,226,78.6790130138, ,78.6347
spel2sat,False,13,BN_79-pp,33,174,174,4820.65078592, ,48.4238,48.1516,48.1406,51.7754,48.3675,52.2841,60.4609,231.2802,93.3328,683.8063,1454.2949,2000.258
spel2sat,False,18,BN_80-pp,29,287,287,4410.78347516, ,23.7117,23.7023,23.9425,24.1578,24.8555,24.6543,25.2802,26.1757,30.8363,30.5898,39.0433,60.2986,134.608,194.8736,124.2737,1599.5545,2000.1259
spel2sat,False,19,BN_81-pp,29,287,287,4156.42372298, ,24.5756,24.5554,25.2681,24.3854,25.3342,27.2525,26.2761,27.9562,34.3654,33.9043,43.2019,33.9889,210.0114,147.1123,367.3931,216.1801,864.3809,2000.1618
spel2sat,False,20,BN_82-pp,29,287,287,4998.85492706, ,24.9661,25.2744,26.5913,25.8156,26.4675,26.1082,28.4603,27.1871,36.5267,50.7442,46.3824,55.2305,58.4145,707.6488,264.4983,238.4863,991.4028,338.3588,2000.1637
spel2sat,False,19,BN_84-pp,29,287,287,3632.63515878, ,24.2031,24.3171,24.4246,24.4511,25.1093,25.8068,28.4568,28.5129,29.115,90.7622,49.3236,48.6327,63.5549,240.4501,279.413,159.3725,466.4872,2000.1476
spel2sat,True,20,BN_85-pp,29,287,287,3947.23322606,47.4232,25.4832,25.5216,26.7116,25.7845,26.5934,26.1567,27.3763,29.2654,35.9252,37.0033,39.9353,34.2478,198.8464,56.297,135.3132,312.9966,1012.4396,331.7417,1492.0513
spel2sat,False,2,BN_86-pp,38,394,394,69.3471591473, ,69.3086
spel2sat,False,2,BN_87-pp,38,394,394,70.763258934, ,70.7433
spel2sat,False,2,BN_88-pp,38,394,394,71.3622879982, ,71.3567
spel2sat,False,2,BN_89-pp,38,394,394,72.3330860138, ,72.2887
spel2sat,False,20,BN_8hree-pp,29,287,287,6247.60213494, ,25.6807,25.6427,25.7494,25.7768,26.0834,26.8967,27.7099,29.15,29.2085,29.403,50.9965,57.2618,109.538,501.9772,548.0921,878.8862,778.152,1051.1365,2000.1504
spel2sat,False,2,BN_90-pp,38,394,394,73.7718830109, ,73.7513
spel2sat,False,2,BN_91-pp,38,394,394,70.8990590572, ,70.8932
spel2sat,False,2,BN_92-pp,38,394,394,71.9238729477, ,71.8801
spel2sat,False,2,BN_94,53,245,245,72.3592948914, ,72.3428
spel2sat,False,2,BN_94-pp,44,220,220,70.1035189629, ,70.0976
spel2sat,False,2,BN_95,53,245,245,99.8709759712, ,99.829
spel2sat,False,2,BN_95-pp,44,220,220,107.510741949, ,107.467
spel2sat,False,2,BN_96,54,249,249,75.8523221016, ,75.821
spel2sat,False,2,BN_96-pp,48,234,234,74.2015800476, ,74.192
spel2sat,False,2,BN_97,54,249,249,70.9364211559, ,70.9009
spel2sat,False,2,BN_97-pp,48,234,234,78.3993730545, ,78.374
spel2sat,False,2,BN_98,57,270,270,72.3651080132, ,72.3275
spel2sat,False,2,BN_98-pp,47,241,241,78.2634139061, ,78.2187
spel2sat,False,2,BN_99,57,270,270,83.5262360573, ,83.4818
spel2sat,False,2,BN_99-pp,47,241,241,77.9198811054, ,77.9042
spel2sat,False,2,BN_9hree-pp,38,394,394,71.2055528164, ,71.1737
spel2sat,True,8,Brinkmann,21,42,42,4116.68073702,571.6943,494.846,486.7136,454.0214,448.641,431.3563,521.8062,707.5526
spel2sat,True,2,Bull,5,5,5,0.289295911789,0.1062,0.1512
spel2sat,True,2,Butterfly,5,6,6,0.120296001434,0.0617,0.0505
spel2sat,True,2,c4,4,4,4,0.340548992157,0.1478,0.1397
spel2sat,True,2,C5,5,5,5,0.303059101105,0.1102,0.1389
spel2sat,True,2,C5+,5,6,6,0.0911910533905,0.0448,0.0395
spel2sat,False,2,celar01-pp-001,47,275,275,72.1343510151, ,72.1136
spel2sat,True,10,celar01-pp-002,19,112,112,492.68748498,50.0368,48.3105,48.2197,48.9453,49.1585,49.4295,49.7881,49.295,48.4533,50.9952
spel2sat,False,2,celar01-pp-00hree,58,311,311,83.9764499664, ,83.9668
spel2sat,True,10,celar02-pp_1,19,115,115,382.881469965,38.6162,35.9718,36.1026,35.9364,35.916,45.5314,37.8107,38.6322,39.1002,39.2187
spel2sat,True,10,celar02-pp,19,115,115,536.065551996,54.5391,54.6759,55.7454,56.6657,55.3442,50.8551,52.9062,51.7783,49.87,53.6312
spel2sat,True,10,celar02-wpp_1,30,144,144,349.777512074,31.7475,28.3628,28.4481,28.7588,29.1205,32.0322,30.8918,35.3892,46.8586,58.1168
spel2sat,True,10,celar02-wpp,30,144,144,353.306309938,32.4811,28.8025,28.7361,30.098,29.279,31.6823,30.3226,34.9473,47.2558,59.6463
spel2sat,True,10,celar04-pp-001,16,93,93,66.7999370098,6.7506,6.6799,6.7262,6.6995,6.6587,6.6959,6.5648,6.6726,6.623,6.6892
spel2sat,False,2,celar04-pp-002,62,316,316,79.0484549999, ,79.0206
spel2sat,True,11,celar05-pp-001,19,113,113,531.657348871,39.1862,67.2604,62.9941,56.7509,61.2163,45.2329,44.299,38.8606,38.491,38.6073,38.6927
spel2sat,False,2,celar05-pp-002,47,271,271,71.797826767, ,71.7571
spel2sat,True,3,celar05-wpp.dgf-004,4,6,6,0.296905040741,0.0596,0.1185,0.1021
spel2sat,True,3,celar05-wpp.dgf-005,4,6,6,0.155959844589,0.0325,0.0637,0.0481
spel2sat,True,3,celar05-wpp.dgf-006,4,6,6,0.191025972366,0.0761,0.0514,0.0525
spel2sat,True,3,celar05-wpp.dgf-007,4,6,6,0.165591001511,0.0406,0.0555,0.0588
spel2sat,True,4,celar05-wpp.dgf-008,5,10,10,0.224159955978,0.0501,0.0475,0.053,0.0607
spel2sat,True,4,celar05-wpp.dgf-009,5,10,10,0.230371952057,0.0522,0.0527,0.0638,0.0463
spel2sat,True,3,celar05-wpp.dgf-00hree,4,6,6,0.164297103882,0.0527,0.0452,0.0561
spel2sat,True,4,celar05-wpp.dgf-010,5,10,10,0.272725105286,0.0534,0.0604,0.0508,0.0923
spel2sat,True,4,celar05-wpp.dgf-011,5,10,10,0.209818840027,0.0417,0.0478,0.0523,0.0529
spel2sat,True,4,celar05-wpp.dgf-012,5,10,10,0.223155975342,0.0563,0.0459,0.0535,0.0523
spel2sat,True,4,celar05-wpp.dgf-014,5,10,10,0.587928056717,0.1281,0.1118,0.1318,0.1034
spel2sat,True,5,celar05-wpp.dgf-015,6,15,15,0.339370012283,0.0639,0.0572,0.0689,0.0652,0.0654
spel2sat,True,5,celar05-wpp.dgf-016,6,15,15,0.268362998962,0.0367,0.0688,0.0436,0.0572,0.0458
spel2sat,True,7,celar05-wpp.dgf-017,8,28,28,0.573859930038,0.0766,0.0752,0.082,0.0805,0.0808,0.0819,0.0727
spel2sat,True,8,celar05-wpp.dgf-018,9,36,36,1.05469107628,0.1296,0.119,0.1402,0.1479,0.1226,0.1199,0.1141,0.1279
spel2sat,True,11,celar05-wpp.dgf-019,19,113,113,433.712293148,39.8239,40.0228,39.5369,39.2548,39.2881,39.0221,38.9466,39.2384,39.244,39.1322,40.1515
spel2sat,True,4,celar05-wpp.dgf-01hree,5,10,10,0.352803945541,0.0686,0.0953,0.0808,0.0941
spel2sat,False,2,celar05-wpp.dgf-020,47,271,271,75.3387711048, ,75.2934
spel2sat,True,11,celar06-pp_1,16,101,101,51.992208004,5.2168,4.6409,4.6786,4.6807,4.6744,4.6597,4.7147,4.6649,4.688,4.6727,4.6596
spel2sat,True,11,celar06-pp,16,101,101,55.81584692,4.8342,5.0772,5.0897,5.0708,5.0504,5.086,5.118,5.1476,5.1915,5.1704,4.9249
spel2sat,True,11,celar06-wpp_1,34,156,156,649.410279036,59.7986,54.9794,54.9688,55.0088,55.2179,56.5454,58.8868,61.7293,62.6125,64.7325,64.87
spel2sat,True,11,celar06-wpp,34,156,156,642.515779018,59.0422,57.5403,57.0545,55.7168,54.4928,56.0334,55.0375,59.7563,61.5106,64.0679,62.1976
spel2sat,False,2,celar07-pp-001,45,320,320,99.2223329544, ,99.2174
spel2sat,True,7,celar07-pp-002,16,54,54,140.134330988,20.5272,19.6636,19.4204,19.374,19.884,20.5251,20.7049
spel2sat,True,4,celar07-pp.dgf-004,5,10,10,0.702316999435,0.1118,0.1502,0.1411,0.1625
spel2sat,True,4,celar07-pp.dgf-005,5,10,10,0.716652154922,0.1752,0.136,0.1565,0.1478
spel2sat,True,5,celar07-pp.dgf-006,6,15,15,0.305382013321,0.0484,0.0656,0.0728,0.0515,0.0484
spel2sat,True,5,celar07-pp.dgf-007,6,15,15,0.302998065948,0.0511,0.0585,0.0575,0.0585,0.0608
spel2sat,True,5,celar07-pp.dgf-008,6,15,15,0.302459955215,0.0495,0.0715,0.0667,0.0487,0.0488
spel2sat,True,5,celar07-pp.dgf-009,6,15,15,1.02734494209,0.2143,0.1719,0.2039,0.1518,0.1561
spel2sat,True,3,celar07-pp.dgf-00hree,4,6,6,0.492650032043,0.1438,0.1119,0.1318
spel2sat,True,5,celar07-pp.dgf-010,6,15,15,0.277294158936,0.0527,0.0595,0.0487,0.0507,0.0487
spel2sat,True,5,celar07-pp.dgf-011,6,15,15,0.293715000153,0.0607,0.0461,0.0526,0.0565,0.0596
spel2sat,True,4,celar07-pp.dgf-012,7,15,15,1.23475694656,0.2567,0.3551,0.3328,0.2766
spel2sat,True,11,celar07-pp.dgf-014,12,66,66,10.6822221279,1.1934,0.988,0.6515,0.8926,0.6907,1.1291,1.1994,1.1161,0.7951,0.9302,1.0467
spel2sat,True,11,celar07-pp.dgf-015,12,66,66,11.5384531021,0.4154,1.2779,1.1711,0.7936,0.9012,1.4216,1.1121,0.7828,0.9413,1.2209,1.4397
spel2sat,True,7,celar07-pp.dgf-016,16,54,54,131.122672081,18.6706,18.6213,18.679,18.8019,18.7295,18.9222,18.6685
spel2sat,False,2,celar07-pp.dgf-017,45,320,320,96.7068378925, ,96.701
spel2sat,True,6,celar07-pp.dgf-01hree,7,21,21,0.413614988327,0.0641,0.0553,0.0562,0.061,0.0824,0.0721
spel2sat,True,3,celar07pp-pp.dgf-001,4,6,6,0.172556877136,0.055,0.0498,0.0573
spel2sat,True,4,celar07pp-pp.dgf-002,5,10,10,0.651892900467,0.1796,0.0954,0.1879,0.1322
spel2sat,True,5,celar07pp-pp.dgf-004,6,15,15,0.442811012268,0.0785,0.0715,0.0742,0.0999,0.1007
spel2sat,True,5,celar07pp-pp.dgf-005,6,15,15,0.366061925888,0.0723,0.0901,0.0641,0.0629,0.0586
spel2sat,True,5,celar07pp-pp.dgf-006,6,15,15,0.454540014267,0.0918,0.0794,0.0938,0.1003,0.0702
spel2sat,True,5,celar07pp-pp.dgf-007,6,15,15,0.300919055939,0.0518,0.0554,0.0613,0.0509,0.0646
spel2sat,True,5,celar07pp-pp.dgf-008,6,15,15,0.32749915123,0.0729,0.0631,0.0565,0.0521,0.0645
spel2sat,True,6,celar07pp-pp.dgf-009,7,21,21,0.410449028015,0.0604,0.0714,0.0718,0.0645,0.0608,0.0605
spel2sat,True,5,celar07pp-pp.dgf-00hree,6,15,15,0.309458971024,0.048,0.0715,0.0677,0.0481,0.0543
spel2sat,True,4,celar07pp-pp.dgf-010,8,16,16,1.7287530899,0.3816,0.4442,0.4052,0.4746
spel2sat,True,7,celar07pp-pp.dgf-011,14,47,47,34.649116993,4.8565,4.9902,4.9427,4.8089,5.0024,4.963,5.0594
spel2sat,False,2,celar07pp-pp.dgf-012,45,320,320,99.1042990685, ,99.0692
spel2sat,False,2,celar08-pp-001,39,283,283,72.8511860371, ,72.8146
spel2sat,True,8,celar08-pp-002,16,61,61,125.73268795,15.7482,15.6596,15.548,15.7238,15.6575,15.6577,15.7291,15.9727
spel2sat,True,3,celar08pp-pp.dgf-001,4,6,6,0.240654945374,0.0643,0.0956,0.0699
spel2sat,True,3,celar08pp-pp.dgf-002,4,6,6,0.163982868195,0.0502,0.0523,0.0518
spel2sat,True,3,celar08pp-pp.dgf-004,4,6,6,0.144450187683,0.0355,0.0315,0.0672
spel2sat,True,3,celar08pp-pp.dgf-005,4,6,6,0.18030500412,0.0405,0.0674,0.0614
spel2sat,True,3,celar08pp-pp.dgf-006,4,6,6,0.135240077972,0.0449,0.0311,0.049
spel2sat,True,4,celar08pp-pp.dgf-007,5,10,10,0.250056028366,0.0302,0.0451,0.1035,0.0566
spel2sat,True,4,celar08pp-pp.dgf-008,5,10,10,0.255244970322,0.0421,0.0978,0.0487,0.051
spel2sat,True,4,celar08pp-pp.dgf-009,5,10,10,0.197993993759,0.0391,0.0454,0.0471,0.0515
spel2sat,True,3,celar08pp-pp.dgf-00hree,4,6,6,0.198626041412,0.1017,0.0521,0.0344
spel2sat,True,4,celar08pp-pp.dgf-010,5,10,10,0.233236074448,0.0357,0.0556,0.0553,0.0698
spel2sat,True,4,celar08pp-pp.dgf-011,5,10,10,0.220626115799,0.0507,0.0512,0.0431,0.0595
spel2sat,True,4,celar08pp-pp.dgf-012,5,10,10,0.228244066238,0.0528,0.0613,0.0552,0.0443
spel2sat,True,4,celar08pp-pp.dgf-014,5,10,10,0.235769987106,0.0359,0.0379,0.0391,0.1075
spel2sat,True,4,celar08pp-pp.dgf-015,5,10,10,0.221415042877,0.0656,0.0317,0.0402,0.0684
spel2sat,True,4,celar08pp-pp.dgf-016,5,10,10,0.305261850357,0.0392,0.0792,0.0823,0.0908
spel2sat,True,4,celar08pp-pp.dgf-017,5,10,10,0.242790937424,0.0694,0.0517,0.0559,0.0525
spel2sat,True,4,celar08pp-pp.dgf-018,5,10,10,0.298020839691,0.0343,0.1209,0.0661,0.0587
spel2sat,True,4,celar08pp-pp.dgf-019,5,10,10,0.257066011429,0.0454,0.0739,0.0452,0.0786
spel2sat,True,4,celar08pp-pp.dgf-01hree,5,10,10,0.290332078934,0.053,0.0587,0.1077,0.0558
spel2sat,True,4,celar08pp-pp.dgf-020,5,10,10,0.24737906456,0.0559,0.0477,0.0859,0.0415
spel2sat,True,4,celar08pp-pp.dgf-021,5,10,10,0.241240978241,0.0339,0.0625,0.0974,0.0333
spel2sat,True,5,celar08pp-pp.dgf-022,6,15,15,0.319922924042,0.0416,0.0359,0.0444,0.0792,0.1004
spel2sat,True,6,celar08pp-pp.dgf-024,7,21,21,0.366356134415,0.0376,0.0769,0.047,0.0725,0.0524,0.0593
spel2sat,True,6,celar08pp-pp.dgf-025,8,24,24,0.600528001785,0.0881,0.0752,0.0892,0.1102,0.1239,0.0915
spel2sat,True,7,celar08pp-pp.dgf-026,8,28,28,0.708201885223,0.0841,0.1251,0.1206,0.1393,0.0775,0.0644,0.0703
spel2sat,True,8,celar08pp-pp.dgf-027,9,36,36,1.02795290947,0.1351,0.1112,0.1345,0.1084,0.1108,0.1393,0.1283,0.1306
spel2sat,True,9,celar08pp-pp.dgf-028,10,45,45,1.71131491661,0.1867,0.1796,0.1863,0.1936,0.1778,0.2001,0.1977,0.1799,0.1748
spel2sat,True,9,celar08pp-pp.dgf-029,10,45,45,1.70282101631,0.1784,0.1703,0.1822,0.2008,0.1804,0.169,0.2023,0.197,0.186
spel2sat,True,5,celar08pp-pp.dgf-02hree,6,15,15,0.365787029266,0.0731,0.0664,0.0519,0.1103,0.0457
spel2sat,True,9,celar08pp-pp.dgf-0hree0,10,45,45,1.75111317635,0.1684,0.1717,0.2058,0.2044,0.1948,0.195,0.1892,0.1995,0.1871
spel2sat,True,9,celar08pp-pp.dgf-0hree1,10,45,45,1.6240530014,0.1666,0.1744,0.2015,0.1688,0.1605,0.186,0.1709,0.1844,0.1806
spel2sat,True,8,celar08pp-pp.dgf-0hree2,16,61,61,121.516640902,15.2264,14.4791,14.7711,15.7708,15.2571,15.1499,15.3581,15.4692
spel2sat,False,2,celar08pp-pp.dgf-0hreehree,39,283,283,75.2600469589, ,75.2427
spel2sat,True,8,celar09-pp-001,16,61,61,126.804347038,16.005,15.8197,15.7865,15.5851,15.671,15.7189,15.927,16.2561
spel2sat,True,1,celar09pp_1,67,165,165,0.223562002182,0.2197
spel2sat,True,1,celar09pp,67,165,165,0.21525812149,0.2112
spel2sat,False,2,celar0hree-pp-001,38,238,238,69.9780499935, ,69.9634
spel2sat,True,3,celar0hree-pp2.dgf-002,4,6,6,0.142632007599,0.0605,0.0305,0.0402
spel2sat,True,3,celar0hree-pp2.dgf-004,4,6,6,0.217423915863,0.0931,0.0329,0.0799
spel2sat,True,4,celar0hree-pp2.dgf-005,5,10,10,0.252842187881,0.0743,0.0522,0.0418,0.0706
spel2sat,True,4,celar0hree-pp2.dgf-006,5,10,10,0.225098133087,0.0532,0.0409,0.052,0.0629
spel2sat,True,4,celar0hree-pp2.dgf-007,5,10,10,0.21871304512,0.0528,0.0475,0.0465,0.0587
spel2sat,True,4,celar0hree-pp2.dgf-008,5,10,10,0.251487970352,0.0405,0.1076,0.042,0.042
spel2sat,True,4,celar0hree-pp2.dgf-009,5,10,10,0.229956150055,0.0554,0.0595,0.0409,0.0608
spel2sat,True,3,celar0hree-pp2.dgf-00hree,4,6,6,0.163079023361,0.0366,0.0699,0.0452
spel2sat,True,4,celar0hree-pp2.dgf-010,5,10,10,0.205636024475,0.0675,0.0305,0.0498,0.044
spel2sat,True,4,celar0hree-pp2.dgf-011,6,12,12,0.291718006134,0.0682,0.0569,0.0831,0.0696
spel2sat,True,5,celar0hree-pp2.dgf-012,6,15,15,0.368986129761,0.0629,0.065,0.043,0.0738,0.1073
spel2sat,True,7,celar0hree-pp2.dgf-014,8,28,28,0.626702070236,0.0664,0.0931,0.0806,0.1103,0.0829,0.0824,0.0854
spel2sat,False,2,celar0hree-pp2.dgf-015,38,238,238,70.8035209179, ,70.7977
spel2sat,True,6,celar0hree-pp2.dgf-01hree,7,21,21,0.424376964569,0.0956,0.0584,0.0755,0.0712,0.0459,0.0577
spel2sat,False,2,celar0hree-pp2,64,317,317,73.3591740131, ,73.3235
spel2sat,True,8,celar10-pp-001,16,61,61,124.327046156,15.6836,15.1328,15.3662,15.5463,15.5594,15.4308,15.6155,15.9578
spel2sat,True,10,celar11-pp-001,19,112,112,476.041349173,47.5483,49.233,49.1001,50.4544,46.9572,47.5392,47.3005,47.4132,46.4281,44.0175
spel2sat,True,7,celar11-pp-002,13,46,46,15.6450338364,2.2558,2.2131,2.209,2.2283,2.2292,2.2186,2.2673
spel2sat,True,6,celar11-pp-004,16,43,43,136.617969036,22.1532,23.8924,23.2658,21.9953,22.1761,23.1085
spel2sat,False,2,celar11-pp-00hree,48,264,264,74.9813549519, ,74.9708
spel2sat,True,6,Chvatal,12,24,24,12.8315579891,2.1384,2.6633,1.878,1.8561,1.9379,2.3325
spel2sat,True,9,Clebsch,16,40,40,320.721575975,23.6167,23.6189,23.5216,23.4214,23.6193,24.2383,26.7171,32.4395,119.4875
spel2sat,True,7,csf,32,94,94,330.506238937,48.8738,41.4026,40.3263,41.1747,47.1193,49.0903,62.4822
spel2sat,True,13,david-pp,29,191,191,713.810315847,31.0123,23.8631,24.5206,25.133,25.6138,24.6784,24.9856,47.4653,28.7482,36.1046,55.7924,186.2921,179.5293
spel2sat,True,6,Desargues,20,30,30,2337.5564239,327.8662,360.4181,381.1665,392.0266,399.3383,476.7019
spel2sat,True,4,diabetes-pp-001,6,12,12,0.249558925629,0.0462,0.0401,0.0884,0.0601
spel2sat,True,4,diabetes-pp-002,8,17,17,0.504462957382,0.1161,0.133,0.1277,0.1116
spel2sat,True,2,Diamond,4,5,5,0.0996170043945,0.0405,0.0516
spel2sat,True,6,Dodecahedron,20,30,30,2654.55212498,377.8455,377.4946,403.378,403.9446,436.0776,655.7765
spel2sat,True,4,Durer,12,18,18,9.1620490551,2.2946,2.2495,2.2771,2.3269
spel2sat,False,2,eil51.tsp,51,140,140,69.7793459892, ,69.7594
spel2sat,True,6,Errera,17,45,45,263.751787901,42.8749,41.7113,45.6819,43.9895,46.2247,43.2436
spel2sat,True,4,fivex5-grid,25,40,39,98.9941449165,41.8359,20.0163,11.903,25.2241
spel2sat,True,6,FlowerSnark,20,30,30,2332.98030591,403.8161,353.924,367.1178,376.5765,383.6442,447.8601
spel2sat,True,7,Folkman,20,40,40,2497.57735705,341.9152,369.7874,372.4973,346.3363,343.9134,350.0502,373.0262
spel2sat,True,4,fourx4-grid,16,24,24,118.462220907,28.683,31.5111,29.2744,28.9761
spel2sat,True,5,Franklin,12,18,18,12.7299191952,2.2255,2.2705,2.279,2.3797,3.5578
spel2sat,True,4,Frucht,12,18,18,9.2305829525,2.2485,2.2413,2.2521,2.4748
spel2sat,True,4,fungiuk,15,36,36,49.0141749382,12.2727,12.2368,12.296,12.1937
spel2sat,True,3,games120-pp.dgf-002,4,6,6,0.17813706398,0.0464,0.0741,0.0471
spel2sat,True,9,games120-pp.dgf-00hree,14,63,63,29.6398251057,3.2155,3.3251,3.3062,3.3146,3.2516,3.232,3.2816,3.2928,3.3857
spel2sat,True,4,Goldner,11,27,27,3.14202308655,0.7933,0.7635,0.7626,0.8073
spel2sat,True,4,graph06pp-pp.dgf-001,5,10,10,0.313092947006,0.1067,0.0442,0.0801,0.0641
spel2sat,True,4,graph06pp-pp.dgf-002,5,10,10,0.299939870834,0.117,0.051,0.053,0.0633
spel2sat,True,6,graph06pp-pp.dgf-004,8,23,23,0.744356155396,0.1218,0.1368,0.1091,0.1477,0.0998,0.1067
spel2sat,True,4,graph06pp-pp.dgf-00hree,5,10,10,0.266978979111,0.0389,0.0522,0.1194,0.0411
spel2sat,True,1,graph12pp_1,61,122,122,0.200865983963,0.1973
spel2sat,True,1,graph12pp,61,122,122,0.223391056061,0.22
spel2sat,True,5,Grotzsch,11,20,20,5.0219399929,1.002,0.9869,0.9701,0.9611,1.0844
spel2sat,True,4,Herschel,11,18,18,4.09954690933,1.0065,1.0287,1.0278,1.0233
spel2sat,True,7,Hoffman,16,32,32,229.160828829,26.9134,25.9676,25.9416,26.032,26.8018,33.616,63.8582
spel2sat,False,9,Holt,27,54,54,3632.93130898, ,20.4944,22.4382,24.1915,34.0845,131.3297,336.7548,1063.5001,2000.0876
spel2sat,True,7,Kittell,23,63,63,207.688540936,11.1534,7.3937,7.5991,8.7842,12.5772,30.7979,129.3508
spel2sat,False,2,kneser8-hree,56,280,280,75.2585031986, ,75.2444
spel2sat,False,2,knights8_8,64,168,168,78.1791250706, ,78.166
spel2sat,False,2,knights8_8-pp,60,164,164,84.067512989, ,84.0429
spel2sat,True,3,link-pp-minor-004,4,6,6,0.136407136917,0.0379,0.0393,0.049
spel2sat,True,4,link-pp-minor-005,5,10,10,0.585639953613,0.1372,0.0832,0.1022,0.1559
spel2sat,True,5,link-pp-minor-006,6,15,15,0.2746489048,0.0371,0.0448,0.0423,0.083,0.0503
spel2sat,True,6,link-pp-minor-007,7,21,21,0.450588941574,0.0584,0.0853,0.0599,0.0502,0.1084,0.0648
spel2sat,True,7,link-pp-minor-008,8,28,28,0.696224927902,0.0761,0.1051,0.0863,0.1161,0.1123,0.0856,0.0844
spel2sat,True,8,link-pp-minor-009,9,36,36,0.906755924225,0.1126,0.1055,0.1071,0.0975,0.1034,0.1059,0.122,0.1256
spel2sat,True,9,link-pp-minor-010,10,45,45,1.66189312935,0.1774,0.1888,0.1798,0.1633,0.1832,0.1666,0.1645,0.2108,0.1909
spel2sat,True,10,link-pp-minor-011,11,55,55,2.84385299683,0.2549,0.3098,0.2693,0.3381,0.255,0.2501,0.2778,0.2455,0.2942,0.3089
spel2sat,True,11,link-pp-minor-012,12,66,66,4.84293913841,0.4086,0.4567,0.4127,0.4078,0.4118,0.4396,0.4198,0.4117,0.4202,0.4634,0.5483
spel2sat,True,11,link-pp-minor-014,14,86,86,12.816380024,1.1366,1.1619,1.1664,1.1705,1.1315,1.2084,1.1635,1.1376,1.1664,1.1333,1.1961
spel2sat,True,12,link-pp-minor-015,15,94,94,27.8730640411,2.2496,2.2684,2.2892,2.2954,2.2601,2.2551,2.2853,2.26,2.2842,2.2895,2.3507,2.74
spel2sat,True,12,link-pp-minor-016,16,101,101,63.7977850437,5.2324,5.2008,5.1702,5.2565,5.1689,5.1659,5.1653,5.1936,5.1854,5.2193,5.3157,6.4704
spel2sat,True,12,link-pp-minor-017,17,108,108,146.675889015,11.0979,11.1764,10.1526,24.0392,11.9462,11.1464,15.2594,9.7252,10.7677,11.1005,9.752,10.4444
spel2sat,True,12,link-pp-minor-018,18,114,114,253.387125969,20.5293,20.557,20.6968,20.6363,20.7772,20.5581,20.5429,20.7391,20.6911,22.3204,20.8537,24.4263
spel2sat,True,13,link-pp-minor-019,19,119,119,576.319581985,38.843,44.1194,44.1692,43.8668,43.7633,44.3109,43.6958,43.8268,44.4517,44.354,44.0874,45.4202,51.3466
spel2sat,True,11,link-pp-minor-01hree,13,77,77,6.88050794601,0.6036,0.5923,0.5978,0.5816,0.6487,0.6446,0.5895,0.6166,0.6154,0.6209,0.7325
spel2sat,True,13,link-pp-minor-020,20,125,125,1142.52488494,76.3365,87.4041,92.3216,88.3156,88.8424,89.4051,87.4229,83.5996,82.8349,82.9393,87.8206,86.892,108.2823
spel2sat,True,13,link-pp-minor-021,21,130,130,1887.617805,131.9652,143.0035,138.2863,132.241,136.9772,131.0399,119.0033,186.9031,196.0709,132.3158,138.7414,138.9635,162.03
spel2sat,True,13,link-pp-minor-022,22,137,137,3742.98366904,308.5171,222.6654,267.7899,279.2528,287.2777,289.2692,263.9363,265.8261,282.7594,291.8487,299.4766,309.7923,374.4647
spel2sat,True,13,link-pp-minor-024,24,151,151,1238.32141495,39.574,9.6208,9.7829,9.3429,9.6794,10.9628,11.221,19.9919,20.4252,39.4992,155.2057,485.0428,417.8813
spel2sat,True,13,link-pp-minor-025,25,156,156,1114.03595304,46.4648,11.1358,11.1082,11.4196,11.6264,12.6287,13.2235,13.5915,31.808,57.467,104.8378,314.6418,474.0209
spel2sat,True,13,link-pp-minor-026,26,163,163,1383.76814699,185.4543,13.9762,14.0339,13.9438,14.2543,15.4235,17.8199,24.0027,82.7399,57.1646,223.4468,220.8022,500.6373
spel2sat,True,13,link-pp-minor-027,27,168,168,1688.90992498,165.0174,17.0618,17.1816,16.136,16.3916,20.0884,23.534,38.1228,73.2571,112.1773,184.5413,355.7405,649.5866
spel2sat,True,13,link-pp-minor-028,28,175,175,1526.73352909,154.5702,20.656,21.6377,20.8076,20.6115,21.066,25.9848,39.087,77.6883,71.9571,190.8464,431.3927,430.3545
spel2sat,True,13,link-pp-minor-029,29,179,179,2388.63117194,225.7395,25.6184,24.9917,25.6005,25.356,26.2587,39.8534,41.1827,39.3606,147.8658,203.6735,325.0949,1237.9523
spel2sat,True,13,link-pp-minor-02hree,23,144,144,555.704986095,30.0596,7.43,7.4616,7.4138,7.5062,8.6758,8.3281,14.5138,23.3741,28.7272,86.1315,108.445,217.5772
spel2sat,False,2,link-pp-minor-040,40,223,223,77.0909690857, ,77.0821
spel2sat,False,2,link-pp-minor-041,41,227,227,68.7534379959, ,68.7169
spel2sat,False,2,link-pp-minor-042,42,229,229,70.2782611847, ,70.2371
spel2sat,False,2,link-pp-minor-044,44,235,235,72.7950520515, ,72.7572
spel2sat,False,2,link-pp-minor-045,45,239,239,69.8253540993, ,69.8056
spel2sat,False,2,link-pp-minor-046,46,242,242,72.4029607773, ,72.3824
spel2sat,False,2,link-pp-minor-047,47,246,246,71.1930689812, ,71.1613
spel2sat,False,2,link-pp-minor-048,48,250,250,74.3174209595, ,74.2807
spel2sat,False,2,link-pp-minor-049,49,252,252,75.726485014, ,75.7018
spel2sat,False,2,link-pp-minor-04hree,43,232,232,86.9933569431, ,86.9869
spel2sat,False,2,link-pp-minor-050,50,255,255,67.0226559639, ,66.9909
spel2sat,False,2,link-pp-minor-051,51,261,261,72.674890995, ,72.6407
spel2sat,False,2,link-pp-minor-052,52,263,263,132.871869802, ,132.8321
spel2sat,False,2,link-pp-minor-054,54,268,268,102.641342878, ,102.6348
spel2sat,False,2,link-pp-minor-055,55,270,270,69.8749451637, ,69.8385
spel2sat,False,2,link-pp-minor-056,56,276,276,70.1359210014, ,70.121
spel2sat,False,2,link-pp-minor-057,57,283,283,79.6839029789, ,79.6414
spel2sat,False,2,link-pp-minor-058,58,291,291,161.667871952, ,161.6618
spel2sat,False,2,link-pp-minor-059,59,299,299,80.1710588932, ,80.1345
spel2sat,False,2,link-pp-minor-05hree,53,265,265,69.3623700142, ,69.3186
spel2sat,False,2,link-pp-minor-060,60,307,307,97.1798970699, ,97.1481
spel2sat,False,2,link-pp-minor-061,61,315,315,69.6483559608, ,69.6318
spel2sat,False,2,link-pp-minor-062,62,323,323,74.8782191277, ,74.8696
spel2sat,False,2,link-pp-minor-064,64,339,339,73.2552959919, ,73.2186
spel2sat,False,2,link-pp-minor-065,65,347,347,109.874397039, ,109.8345
spel2sat,False,2,link-pp-minor-066,66,355,355,79.6010918617, ,79.5954
spel2sat,False,2,link-pp-minor-067,67,363,363,163.227710962, ,163.2224
spel2sat,False,2,link-pp-minor-068,68,371,371,76.6215190887, ,76.5895
spel2sat,False,2,link-pp-minor-069,69,379,379,180.103487968, ,180.0934
spel2sat,False,2,link-pp-minor-06hree,63,331,331,144.479068041, ,144.4731
spel2sat,False,2,link-pp-minor-070,70,382,382,78.6732850075, ,78.6538
spel2sat,True,13,link-pp-minor-0hree0,30,185,185,2788.45030999,191.1911,28.6439,28.7548,29.006,29.5585,31.3842,33.7291,76.5431,145.605,151.1444,508.508,325.0462,1209.2607
spel2sat,True,13,link-pp-minor-0hree1,31,192,192,3127.81488109,278.2925,44.8322,34.6647,35.6726,36.8166,49.4365,68.4529,85.4113,80.7953,211.0598,344.406,476.2923,1381.6174
spel2sat,True,13,link-pp-minor-0hree2,32,194,194,4526.01864886,545.0359,40.641,39.8479,40.1426,40.2988,46.7786,52.7336,56.367,206.3214,153.4903,736.3217,740.8425,1827.119
spel2sat,False,13,link-pp-minor-0hree4,34,202,202,4545.46103001, ,76.7986,55.2908,77.9203,60.1138,91.6121,81.8251,104.1086,91.6915,240.0801,795.4907,870.2243,2000.225
spel2sat,False,12,link-pp-minor-0hree5,35,205,205,4309.77325106, ,61.652,62.2443,62.3599,63.0012,65.3034,89.8489,105.3283,166.5629,237.8364,1395.2691,2000.2931
spel2sat,False,2,link-pp-minor-0hree6,36,208,208,63.0890421867, ,63.0826
spel2sat,False,2,link-pp-minor-0hree7,37,212,212,70.8675119877, ,70.8428
spel2sat,False,2,link-pp-minor-0hree8,38,216,216,73.0645339489, ,73.0225
spel2sat,False,2,link-pp-minor-0hree9,39,219,219,74.7474029064, ,74.7412
spel2sat,False,13,link-pp-minor-0hreehree,33,198,198,5250.48565483, ,49.2428,47.4147,49.5991,54.8652,55.7481,106.2751,170.6597,127.0017,393.7454,756.8161,1438.8019,2000.2468
spel2sat,False,2,mainuk,48,198,198,84.5717220306, ,84.5353
spel2sat,True,6,mainuk-pp,9,28,28,0.94659614563,0.1696,0.1431,0.1536,0.1541,0.1484,0.1567
spel2sat,False,7,McGee,24,36,36,2491.08052611, ,8.5762,9.0701,16.144,56.4878,400.6607,2000.0942
spel2sat,True,3,MCSTestGraph2,9,13,13,1.91889214516,0.6834,0.6021,0.6231
spel2sat,True,3,MCSTestGraph,7,11,11,0.226119995117,0.0656,0.0738,0.076
spel2sat,True,5,mildew,35,80,80,416.239535093,115.6533,72.7911,64.8495,64.6784,98.22
spel2sat,True,4,mildew-wpp,15,31,31,59.191300869,14.855,14.7781,14.8465,14.6955
spel2sat,True,3,Moser,7,11,11,0.255086898804,0.1111,0.0619,0.0714
spel2sat,False,2,munin1-pp-001,63,180,180,82.3823440075, ,82.3642
spel2sat,False,2,munin1-pp,66,188,188,115.302849054, ,115.2977
spel2sat,True,4,munin2-pp-001,6,12,12,0.203840970993,0.0604,0.0408,0.0408,0.0486
spel2sat,True,4,munin2-pp-002,6,12,12,0.23361492157,0.0829,0.0393,0.0436,0.0467
spel2sat,True,5,munin2-pp-004,16,36,36,127.994414806,25.7169,25.5777,25.5501,25.4675,25.6617
spel2sat,True,5,munin2-pp-005,16,36,36,145.30798316,37.5358,27.135,26.4621,26.9691,27.1607
spel2sat,True,5,munin2-pp-006,16,36,36,139.03057909,27.7988,30.3026,26.2932,25.9509,28.6616
spel2sat,True,7,munin2-pp-007,17,47,47,324.875836849,51.1552,44.5933,44.6778,42.7435,45.4414,46.4844,49.747
spel2sat,True,7,munin2-pp-008,17,47,47,255.623340845,36.4027,35.8366,35.6119,35.6494,35.7951,35.9819,40.3152
spel2sat,True,6,munin2-pp-009,18,47,47,618.111892939,93.7378,117.483,104.6208,101.1065,99.9741,101.1534
spel2sat,True,5,munin2-pp-00hree,16,36,36,128.426313877,25.4334,25.3796,25.7342,25.8657,25.9911
spel2sat,True,7,munin2-pp-010,17,47,47,351.569830894,48.0444,48.8517,52.6234,51.3929,50.1318,46.5385,53.9516
spel2sat,True,7,munin2-pp-011,17,47,47,320.218792915,46.3386,45.1665,44.2999,43.6338,41.7908,45.0325,53.9192
spel2sat,True,6,munin2-pp-012,18,47,47,505.459954023,96.1346,78.2272,77.2907,87.085,83.4319,83.2536
spel2sat,True,9,munin4-pp-001,23,66,66,992.700467825,28.4615,14.3081,10.9546,14.2675,24.3055,15.9972,42.0269,135.9662,706.2884
spel2sat,True,9,munin4-pp-002,23,66,66,934.877254009,19.2451,7.3436,7.4145,8.0768,16.3496,13.9373,46.4254,112.2729,703.7724
spel2sat,False,2,munin4-pp-004,38,109,109,71.5172019005, ,71.5118
spel2sat,False,2,munin4-pp-005,55,156,156,69.7057909966, ,69.6737
spel2sat,False,2,munin4-pp-006,55,156,156,80.1735370159, ,80.1377
spel2sat,False,2,munin4-pp-00hree,38,109,109,69.9293379784, ,69.9048
spel2sat,True,5,muninhree-pp-001,7,17,17,1.45075392723,0.3319,0.2187,0.2846,0.312,0.2366
spel2sat,True,5,muninhree-pp-002,7,17,17,0.318488836288,0.0632,0.0633,0.0586,0.0655,0.0515
spel2sat,True,5,munin_kgo_complete-pp,16,41,41,132.117030859,23.3911,24.3163,25.7369,29.2402,29.3955
spel2sat,True,5,munin-kgo-pp-001,7,17,17,1.12719011307,0.1744,0.2753,0.2838,0.1873,0.1555
spel2sat,True,5,munin-kgo-pp-002,7,17,17,0.423712015152,0.0785,0.0657,0.0726,0.0921,0.0902
spel2sat,True,2,myciel2,5,5,5,0.099408864975,0.0441,0.0473
spel2sat,True,10,myciel4,23,71,71,628.986948967,21.7278,7.8802,8.0796,7.7392,9.4382,12.2397,34.6978,99.7512,142.1925,285.1751
spel2sat,False,2,myciel5,47,236,236,74.9241359234, ,74.9073
spel2sat,False,2,myciel7-minor-070,70,1689,1689,91.9347548485, ,91.9263
spel2sat,True,5,mycielhree,11,20,20,10.612498045,1.604,3.1137,2.1155,1.415,2.3456
spel2sat,False,7,Nauru,24,36,36,2885.74652314, ,25.485,19.4276,28.0926,107.6324,704.9741,2000.0861
spel2sat,False,2,oesoca42,42,72,72,68.3025491238, ,68.276
spel2sat,False,2,oesoca+-hugin,67,208,208,75.9146430492, ,75.8751
spel2sat,True,11,oesoca+-hugin-pp,14,75,75,21.4991030693,1.9055,1.9058,1.9298,1.9249,1.9148,1.9305,1.9259,1.9218,1.9309,1.9655,2.2009
spel2sat,True,11,oesoca+-hugin-wpp,28,135,135,1122.16585016,124.3243,20.9151,21.0364,21.0501,21.5884,49.6129,24.2115,24.252,179.3998,182.9594,452.7562
spel2sat,False,2,oesoca,39,67,67,75.3296961784, ,75.2887
spel2sat,False,2,oesoca+,67,208,208,93.4891760349, ,93.4833
spel2sat,True,11,oesoca+-pp,14,75,75,23.4724068642,2.0036,2.096,2.127,2.0516,2.0731,2.2992,2.0176,2.1996,2.0489,2.1841,2.3192
spel2sat,False,2,onea8o_graph.dimacs,64,536,536,73.2471570969, ,73.2106
spel2sat,False,2,onea8o,64,536,536,77.1504750252, ,77.1351
spel2sat,False,2,oneail_graph.dimacs,69,631,631,79.6727969646, ,79.6671
spel2sat,False,2,oneail_graph-pp.dimacs,68,628,628,126.992441893, ,126.954
spel2sat,True,6,oneb0n_graph.dimacs-001,7,21,21,1.64409589767,0.1218,0.2918,0.2878,0.3068,0.2237,0.2838
spel2sat,True,7,oneb0n_graph.dimacs-002,8,28,28,0.731454849243,0.0894,0.1189,0.0975,0.0885,0.1122,0.0888,0.1114
spel2sat,True,7,oneb0n_graph.dimacs-004,8,28,28,2.58800601959,0.3484,0.3641,0.3285,0.4038,0.369,0.3682,0.3121
spel2sat,True,7,oneb0n_graph.dimacs-005,8,28,28,0.699738025665,0.1064,0.0992,0.0821,0.0777,0.0979,0.13,0.0802
spel2sat,True,7,oneb0n_graph.dimacs-00hree,8,28,28,2.62384104729,0.3881,0.3558,0.3961,0.3321,0.3483,0.368,0.3752
spel2sat,False,2,oneb67_graph.dimacs,68,559,559,168.620754957, ,168.5988
spel2sat,False,2,oneb67_graph-pp.dimacs,67,555,555,79.4566419125, ,79.417
spel2sat,False,2,onebbz_graph.dimacs,57,543,543,103.506471157, ,103.4741
spel2sat,False,2,onebbz_graph-pp.dimacs,56,538,538,78.8585159779, ,78.8508
spel2sat,False,2,onebbz-pp,56,538,538,140.983916044, ,140.9228
spel2sat,False,2,onebf4_graph.dimacs,63,658,658,106.698628902, ,106.6916
spel2sat,False,2,onebf4_graph-pp.dimacs,57,627,627,104.943783998, ,104.908
spel2sat,False,2,onebrf_graph.dimacs,49,412,412,120.130613089, ,120.1175
spel2sat,False,2,onebrf_graph-pp.dimacs,48,408,408,78.232998848, ,78.2246
spel2sat,False,2,onebx7_graph.dimacs,41,195,195,83.1885588169, ,83.1487
spel2sat,True,11,onebx7_graph-pp.dimacs,34,172,172,1703.622401,104.0072,67.5925,55.7935,56.2201,57.3741,60.7784,147.8334,135.4777,119.6666,328.9299,569.8611
spel2sat,False,2,onec4q_graph.dimacs,67,756,756,72.1050150394, ,72.0605
spel2sat,False,2,onec75_graph.dimacs,69,683,683,151.725553989, ,151.7179
spel2sat,False,2,onec9o_graph.dimacs,66,720,720,72.4625399113, ,72.4563
spel2sat,False,2,onecc8_graph.dimacs,70,813,813,77.6171381474, ,77.6023
spel2sat,False,2,onecka_graph.dimacs,57,605,605,85.2862539291, ,85.2713
spel2sat,False,2,onedhreeb_graph.dimacs,69,682,682,80.3786718845, ,80.3402
spel2sat,False,2,onedhreeb_graph-pp.dimacs,68,677,677,102.103080988, ,102.0882
spel2sat,False,2,onedj7_graph-pp.dimacs,70,726,726,116.004985094, ,115.9984
spel2sat,False,2,onee0b_graph.dimacs,60,518,518,79.3603508472, ,79.3242
spel2sat,False,2,onee0b_graph-pp.dimacs,55,495,495,66.3742880821, ,66.3497
spel2sat,False,2,oneen2_graph.dimacs,69,463,463,79.0853099823, ,79.0672
spel2sat,False,2,oneen2_graph-pp.dimacs,66,451,451,150.4120121, ,150.3721
spel2sat,False,2,oneezg_graph.dimacs,66,541,541,132.579474926, ,132.574
spel2sat,False,2,onefjl_graph.dimacs,65,600,600,77.6622121334, ,77.6217
spel2sat,True,5,onefjl_graph-pp.dimacs-001,6,15,15,1.05637788773,0.1639,0.2072,0.1729,0.2039,0.1994
spel2sat,True,7,onefjl_graph-pp.dimacs-002,8,28,28,2.55066680908,0.3057,0.3747,0.3686,0.3084,0.4085,0.3098,0.3666
spel2sat,False,2,onefjl_graph-pp.dimacs-004,57,563,563,71.5724310875, ,71.5497
spel2sat,True,8,onefjl_graph-pp.dimacs-00hree,11,47,47,5.09178090096,0.3852,1.0641,1.1169,0.7015,0.6508,0.3763,0.3848,0.3837
spel2sat,False,2,onefjl_graph-pp.dimacs,63,595,595,136.003779888, ,135.988
spel2sat,False,2,onefrhree_graph.dimacs,67,618,618,136.523903847, ,136.5038
spel2sat,False,2,onefrhree_graph-pp.dimacs,62,599,599,73.3918919563, ,73.3604
spel2sat,False,2,onefse_graph.dimacs,67,730,730,77.6848499775, ,77.644
spel2sat,False,2,oneg2b_graph.dimacs,62,649,649,73.2341041565, ,73.2138
spel2sat,False,2,oneg2b_graph-pp.dimacs,59,632,632,74.8849859238, ,74.8476
spel2sat,False,2,oneg6x_graph.dimacs,52,405,405,127.185997963, ,127.1794
spel2sat,False,2,onegcq_graph.dimacs,68,742,742,81.8498969078, ,81.8346
spel2sat,False,2,onegcq_graph-pp.dimacs,64,719,719,74.6553649902, ,74.6397
spel2sat,False,2,onegut_graph.dimacs,67,621,621,76.1514120102, ,76.1427
spel2sat,False,2,onegut_graph-pp.dimacs,61,597,597,75.6542930603, ,75.6167
spel2sat,False,2,onehg7_graph.dimacs,66,705,705,69.5434098244, ,69.5017
spel2sat,False,2,onei07_graph.dimacs,59,397,397,74.9268510342, ,74.9063
spel2sat,False,2,onei07_graph-pp.dimacs,51,362,362,70.9802429676, ,70.9605
spel2sat,False,2,onei27_graph-pp.dimacs,70,735,735,75.4632740021, ,75.4181
spel2sat,False,2,onei2t_graph.dimacs,61,644,644,71.7654471397, ,71.7462
spel2sat,False,2,oneigd_graph.dimacs,61,630,630,72.8445370197, ,72.804
spel2sat,False,2,oneigd_graph-pp.dimacs,59,622,622,149.615048885, ,149.609
spel2sat,False,2,oneigq_graph.dimacs,54,503,503,70.5165369511, ,70.504
spel2sat,False,2,oneigq_graph-pp.dimacs,52,493,493,77.188010931, ,77.182
spel2sat,False,2,onej75_graph.dimacs,56,558,558,68.8624560833, ,68.8542
spel2sat,False,2,onejo8_graph.dimacs,58,608,608,71.4086418152, ,71.3678
spel2sat,False,2,onek61_graph.dimacs,60,581,581,79.4762601852, ,79.4467
spel2sat,False,2,onek61_graph-pp.dimacs,56,564,564,69.5720188618, ,69.5474
spel2sat,False,2,onekq1_graph.dimacs,60,607,607,99.3798530102, ,99.3441
spel2sat,False,2,onekq1_graph-pp.dimacs,59,603,603,77.5049989223, ,77.4901
spel2sat,False,2,onekth_graph.dimacs,52,426,426,68.9135611057, ,68.8908
spel2sat,False,2,onekth_graph-pp.dimacs,51,421,421,73.2443349361, ,73.2314
spel2sat,False,2,onekuhree_graph.dimacs,61,585,585,69.6991450787, ,69.6593
spel2sat,False,2,onekuhree_graph-pp.dimacs,60,581,581,82.0445268154, ,82.0199
spel2sat,False,2,onekw4_graph.dimacs,67,672,672,77.3962748051, ,77.3565
spel2sat,False,2,onel9l_graph.dimacs,70,697,697,84.0989661217, ,84.0792
spel2sat,False,2,oneoai_graph.dimacs,58,524,524,146.316293955, ,146.2682
spel2sat,False,2,oneoai_graph-pp.dimacs,57,518,518,106.954944849, ,106.9418
spel2sat,False,2,onepwt_graph.dimacs,61,657,657,109.435851812, ,109.4241
spel2sat,False,2,onepwt_graph-pp.dimacs,59,648,648,74.5157549381, ,74.4793
spel2sat,False,2,oner69_graph.dimacs,63,692,692,71.5231509209, ,71.4998
spel2sat,False,2,onerb9_graph.dimacs,48,412,412,74.3086738586, ,74.2734
spel2sat,False,2,onesem_graph.dimacs,57,570,570,75.9204161167, ,75.8839
spel2sat,False,2,onesem_graph-pp.dimacs,56,565,565,101.600039005, ,101.5683
spel2sat,False,2,oneubq-pp,47,170,170,69.1951220036, ,69.1882
spel2sat,True,4,oow_bas,27,54,54,72.5041821003,20.0928,17.1031,17.2068,18.0823
spel2sat,True,4,oow_bas-wpp,17,35,35,203.271509886,51.9669,50.0034,50.2024,51.0797
spel2sat,False,2,oow_solo,40,87,87,77.2743220329, ,77.2689
spel2sat,True,6,oow-solo-pp-001,14,34,34,40.4644310474,6.5771,6.7579,6.7947,6.5871,6.5905,7.137
spel2sat,True,6,oow-solo-pp-002,16,35,35,154.592339039,25.3162,25.3259,25.0443,25.1951,25.5856,28.0997
spel2sat,True,6,oow_solo-pp,27,63,63,177.755706072,71.2684,16.326,16.7006,18.2944,25.0173,30.1166
spel2sat,True,6,oow_solo-wpp,29,66,66,242.236443996,69.7829,23.1302,23.318,24.1686,40.8453,60.9627
spel2sat,True,6,oow-trad,33,72,72,776.287238836,203.9741,47.7898,48.6058,52.211,74.9544,348.7173
spel2sat,True,6,oow-trad-pp-001,21,50,50,2744.46087313,441.4139,467.8279,455.1064,449.6139,463.1794,467.2845
spel2sat,True,6,oow-trad-pp,23,54,54,71.8421609402,16.6348,7.4515,7.5557,8.4209,12.1063,19.6474
spel2sat,True,6,oow-trad-wpp,25,57,57,117.215045929,25.5965,11.0726,11.6472,11.8364,16.135,40.9032
spel2sat,True,12,Paley17,17,68,68,691.589884996,27.3788,29.5674,30.2769,29.8664,30.0252,30.1042,29.9397,29.9511,32.9468,39.9162,39.0926,342.464
spel2sat,True,8,Paley1hree,13,39,39,24.4098830223,2.82,2.84,2.8343,2.7997,2.8124,2.8551,3.2576,4.1619
spel2sat,True,7,Pappus,18,27,27,1180.35698199,83.6545,119.411,119.686,83.3841,89.8705,140.1904,544.1166
spel2sat,True,6,pathfinder-pp,12,43,43,6.84802103043,1.1818,1.0506,1.1342,1.1475,1.1424,1.1656
spel2sat,True,5,petersen,10,15,15,2.77761697769,0.5052,0.4929,0.5075,0.5268,0.7253
spel2sat,True,3,pignet2-pp-minor-0004,4,6,6,0.131109952927,0.0236,0.0691,0.029
spel2sat,True,4,pignet2-pp-minor-0005,5,10,10,0.207334041595,0.0408,0.0443,0.0523,0.0543
spel2sat,True,5,pignet2-pp-minor-0006,6,15,15,0.283293008804,0.0407,0.057,0.0451,0.0596,0.0633
spel2sat,True,6,pignet2-pp-minor-0007,7,21,21,0.521320104599,0.0517,0.09,0.0603,0.1134,0.103,0.082
spel2sat,True,7,pignet2-pp-minor-0008,8,28,28,0.71179485321,0.0763,0.1194,0.1518,0.0815,0.0895,0.087,0.0768
spel2sat,True,8,pignet2-pp-minor-0009,9,36,36,1.08976793289,0.108,0.2051,0.1024,0.1496,0.1207,0.1174,0.1268,0.1281
spel2sat,True,9,pignet2-pp-minor-0010,10,45,45,1.61468696594,0.1694,0.1756,0.1761,0.1835,0.181,0.1867,0.1759,0.1688,0.1663
spel2sat,True,10,pignet2-pp-minor-0011,11,55,55,2.86839008331,0.2685,0.2743,0.3433,0.2884,0.2688,0.2757,0.247,0.2646,0.288,0.3109
spel2sat,True,11,pignet2-pp-minor-0012,12,66,66,4.523884058,0.3936,0.3832,0.3765,0.3721,0.3951,0.4252,0.3889,0.3984,0.4028,0.4411,0.5015
spel2sat,True,13,pignet2-pp-minor-0014,14,91,91,12.7277259827,0.949,0.8286,0.8548,0.8613,0.8467,0.8493,0.8351,0.8386,0.8483,0.9638,0.8513,1.2455,1.9073
spel2sat,True,14,pignet2-pp-minor-0015,15,105,105,18.6631789207,1.274,1.2835,1.284,1.3977,1.2691,1.3125,1.4359,1.3257,1.3093,1.2915,1.3122,1.3416,1.3926,1.3824
spel2sat,True,15,pignet2-pp-minor-0016,16,120,120,31.296462059,1.895,1.9599,2.0337,2.0438,1.9761,1.8801,1.9841,1.902,1.9017,1.8709,1.8738,2.1068,2.1011,3.448,2.2589
spel2sat,True,16,pignet2-pp-minor-0017,17,136,136,48.2987110615,2.7411,2.9333,3.125,3.0459,2.7376,2.8503,2.8948,2.7431,2.7246,2.7601,2.7484,3.294,3.2174,3.3085,3.2011,3.9092
spel2sat,True,17,pignet2-pp-minor-0018,18,153,153,67.4370100498,3.9216,3.9141,3.8861,3.9197,3.9249,3.8891,3.8899,3.8875,3.897,3.8886,3.8816,3.9411,3.8857,3.9739,4.0889,4.3443,4.2376
spel2sat,True,18,pignet2-pp-minor-0019,19,171,171,98.1117260456,5.3099,5.4356,5.4013,5.4159,5.3661,5.3372,5.3315,5.3113,5.3632,5.4018,5.4437,5.5591,5.5491,5.4544,5.4296,5.8388,5.4335,5.6534
spel2sat,True,12,pignet2-pp-minor-001hree,13,78,78,8.19080495834,0.6128,0.6016,0.6095,0.6291,0.6112,0.6075,0.6252,0.621,0.6065,0.6275,0.7631,1.2296
spel2sat,True,19,pignet2-pp-minor-0020,20,190,190,141.686514854,7.6097,7.251,7.2824,7.2594,7.1339,7.8529,7.757,7.3603,7.5927,7.4864,7.4853,7.1763,7.137,7.2444,7.7217,7.3514,7.4756,7.876,7.5553
spel2sat,True,20,pignet2-pp-minor-0021,21,210,210,195.570435047,9.2873,9.784,10.0007,9.2541,9.2084,9.3109,9.4475,9.4939,9.9489,9.3835,10.2734,9.8341,9.8495,10.212,9.8006,10.1033,10.9037,10.1807,9.8067,9.4057
spel2sat,True,21,pignet2-pp-minor-0022,22,231,231,272.315392971,12.2637,12.5732,12.411,12.3687,12.3238,12.4981,12.4358,12.3677,12.3883,12.4299,12.4242,12.2994,12.031,12.0486,13.3393,13.2165,13.0014,13.1713,14.2221,13.445,18.9696
spel2sat,True,23,pignet2-pp-minor-0024,24,276,276,889.262555838,9.478,8.9504,8.9612,8.994,9.029,9.0661,9.4634,10.593,10.499,9.9409,10.3329,10.9915,21.2289,32.4635,21.5573,17.0612,70.8383,14.2365,230.2829,19.3123,285.4381,34.4581,25.9678
spel2sat,True,24,pignet2-pp-minor-0025,25,300,300,1395.66754389,11.6882,10.805,10.7637,11.6789,11.672,11.7786,12.1843,11.589,12.4456,14.4228,13.7571,19.5253,16.2116,16.9512,20.9531,30.7863,61.0839,16.3737,18.2265,20.5545,65.875,234.7364,708.4249,33.0795
spel2sat,True,25,pignet2-pp-minor-0026,26,325,325,1332.76200318,14.4407,13.8083,14.1969,13.62,13.6504,14.3407,13.9174,14.9073,15.1354,14.5388,16.456,16.7015,16.2661,16.7959,21.3151,26.4113,19.4858,99.2729,251.0359,100.0451,69.3049,47.7416,237.8153,216.9116,34.5143
spel2sat,False,26,pignet2-pp-minor-0027,27,351,351,4368.43666101, ,18.1316,16.8368,16.6821,17.1112,16.7766,17.1367,17.2824,19.8514,19.3496,22.4905,22.9287,21.0519,38.3384,40.3214,49.3066,58.5116,28.5372,98.9413,173.5539,282.4066,410.2106,317.0615,590.4599,54.897,2000.1322
spel2sat,False,27,pignet2-pp-minor-0028,28,378,378,4150.19649792, ,20.4074,20.3547,20.4108,20.4152,20.6201,20.837,22.046,22.8006,21.274,26.0266,25.0258,32.9292,42.2712,58.2999,26.9854,39.0908,63.1046,158.8525,43.109,251.7798,273.2417,306.617,265.1912,108.8427,239.3093,2000.1342
spel2sat,False,27,pignet2-pp-minor-0029,29,406,406,6872.92901611, ,24.1831,24.2338,24.4636,24.029,26.2137,26.5076,26.9304,29.2041,26.4713,30.6278,33.5098,33.8058,28.153,60.7583,61.9809,50.4657,366.6184,59.7029,63.1914,703.1349,1494.0495,503.2595,398.9974,53.7807,698.3489,2000.1481
spel2sat,True,22,pignet2-pp-minor-002hree,23,253,253,472.655607939,7.4273,7.1937,7.1287,7.1984,7.1892,7.3176,7.4314,7.853,9.1841,8.9512,14.5255,13.1012,10.5042,18.5488,26.1567,18.9456,49.0722,42.6064,84.2887,15.0459,78.6106,24.2746
spel2sat,False,2,pignet2-pp-minor-0040,40,766,766,73.9409899712, ,73.9349
spel2sat,False,2,pignet2-pp-minor-0041,41,800,800,71.0940270424, ,71.0574
spel2sat,False,2,pignet2-pp-minor-0042,42,832,832,71.1155519485, ,71.0821
spel2sat,False,2,pignet2-pp-minor-0044,44,896,896,77.8312041759, ,77.7981
spel2sat,False,2,pignet2-pp-minor-0045,45,927,927,68.0821759701, ,68.0426
spel2sat,False,2,pignet2-pp-minor-0046,46,958,958,70.474670887, ,70.4629
spel2sat,False,2,pignet2-pp-minor-0047,47,987,987,69.8838419914, ,69.869
spel2sat,False,2,pignet2-pp-minor-0048,48,1016,1016,87.4132061005, ,87.4065
spel2sat,False,2,pignet2-pp-minor-0049,49,1047,1047,75.838285923, ,75.8103
spel2sat,False,2,pignet2-pp-minor-004hree,43,864,864,68.1948080063, ,68.1885
spel2sat,False,2,pignet2-pp-minor-0050,50,1075,1075,83.3309679031, ,83.2832
spel2sat,False,2,pignet2-pp-minor-0051,51,1102,1102,69.6232700348, ,69.5961
spel2sat,False,2,pignet2-pp-minor-0052,52,1129,1129,76.7830090523, ,76.7425
spel2sat,False,2,pignet2-pp-minor-0054,54,1179,1179,107.086441994, ,107.0747
spel2sat,False,2,pignet2-pp-minor-0055,55,1204,1204,72.4314148426, ,72.4055
spel2sat,False,2,pignet2-pp-minor-0056,56,1230,1230,76.00406003, ,75.9697
spel2sat,False,2,pignet2-pp-minor-0057,57,1252,1252,79.5481231213, ,79.5401
spel2sat,False,2,pignet2-pp-minor-0058,58,1274,1274,82.4033479691, ,82.3962
spel2sat,False,2,pignet2-pp-minor-0059,59,1295,1295,100.758853912, ,100.7431
spel2sat,False,2,pignet2-pp-minor-005hree,53,1155,1155,77.3698310852, ,77.3093
spel2sat,False,2,pignet2-pp-minor-0060,60,1316,1316,126.128010988, ,126.1165
spel2sat,False,2,pignet2-pp-minor-0061,61,1338,1338,73.760447979, ,73.7239
spel2sat,False,2,pignet2-pp-minor-0062,62,1357,1357,71.7709550858, ,71.7344
spel2sat,False,2,pignet2-pp-minor-0064,64,1396,1396,89.6717460155, ,89.6668
spel2sat,False,2,pignet2-pp-minor-0065,65,1413,1413,116.731213093, ,116.7073
spel2sat,False,2,pignet2-pp-minor-0066,66,1432,1432,69.0581510067, ,69.0521
spel2sat,False,2,pignet2-pp-minor-0067,67,1448,1448,75.4037430286, ,75.3885
spel2sat,False,2,pignet2-pp-minor-0068,68,1467,1467,115.329523087, ,115.3234
spel2sat,False,2,pignet2-pp-minor-0069,69,1484,1484,77.9820489883, ,77.9455
spel2sat,False,2,pignet2-pp-minor-006hree,63,1377,1377,78.1079339981, ,78.0757
spel2sat,False,2,pignet2-pp-minor-0070,70,1495,1495,85.4900760651, ,85.4838
spel2sat,False,26,pignet2-pp-minor-00hree0,30,435,435,5669.14464211, ,28.7299,28.7537,29.3932,29.2252,29.6496,29.9698,31.3196,32.5384,32.1838,33.5375,42.6546,65.7498,31.4657,52.3355,79.5582,40.5172,219.2584,297.1429,388.1409,67.2394,160.7936,58.0378,1235.0996,625.559,2000.1436
spel2sat,False,25,pignet2-pp-minor-00hree1,31,465,465,5386.05804515, ,33.2126,33.1945,33.4073,33.6147,33.6475,34.2893,35.0174,36.2306,37.373,42.5575,43.2282,50.3877,58.0888,46.9263,73.1904,61.4891,49.4197,238.0273,931.771,58.4561,523.4115,82.3838,816.4205,2000.182
spel2sat,False,23,pignet2-pp-minor-00hree2,32,496,496,5054.95130897, ,40.3015,40.2171,40.3861,41.183,40.7822,40.8339,41.3612,47.9611,43.6037,45.4331,46.7141,49.1555,63.9697,71.7204,58.4635,127.9193,157.4039,52.2737,232.174,960.408,812.3441,2000.2113
spel2sat,False,23,pignet2-pp-minor-00hree4,34,561,561,4321.80742788, ,54.2454,52.7393,59.1034,54.9679,53.4829,53.7854,54.1416,55.9245,56.2916,56.1457,57.2803,78.3193,87.0512,88.1609,106.1578,129.2669,272.781,117.4255,81.4071,652.2927,100.4932,2000.2242
spel2sat,False,24,pignet2-pp-minor-00hree5,35,595,595,5084.61054802, ,62.1665,63.1222,62.9419,62.57,62.2799,65.1496,64.0771,67.4638,70.8665,67.4892,92.7131,91.1321,78.0531,82.9229,137.7952,84.7746,408.9021,121.9154,371.3045,99.6447,318.3917,548.5041,2000.2743
spel2sat,False,2,pignet2-pp-minor-00hree6,36,630,630,61.1282789707, ,61.1213
spel2sat,False,2,pignet2-pp-minor-00hree7,37,664,664,69.8609321117, ,69.8206
spel2sat,False,2,pignet2-pp-minor-00hree8,38,699,699,70.6813418865, ,70.6483
spel2sat,False,2,pignet2-pp-minor-00hree9,39,733,733,72.2959480286, ,72.2909
spel2sat,False,25,pignet2-pp-minor-00hreehree,33,528,528,5107.0585959, ,45.0631,45.4778,45.5063,45.9897,45.7762,46.32,46.5944,46.4575,51.2406,58.3842,52.7303,56.6426,70.2052,86.2627,79.7928,181.7259,202.6274,119.8708,241.9009,224.9106,226.5153,935.4065,151.2991,2000.2169
spel2sat,False,2,pigs-pp-001,47,134,134,67.3362801075, ,67.3188
spel2sat,False,2,pigs-pp,48,137,137,88.1441168785, ,88.1378
spel2sat,True,4,Pmin,9,12,12,3.10791707039,0.3975,0.9177,0.8994,0.8718
spel2sat,True,6,Poussin,15,39,39,74.7546110153,11.6879,14.3831,12.0955,11.3237,12.3714,12.8694
spel2sat,True,3,Prism,6,9,9,0.183605909348,0.0501,0.0545,0.0673
spel2sat,False,15,queen5_5,25,320,320,4235.37909603, ,11.5039,11.08,10.6384,12.2595,12.4692,13.2935,22.3015,32.5307,69.4627,164.5689,259.982,825.3055,789.821,2000.0871
spel2sat,False,2,queen6_6,36,580,580,60.9230370522, ,60.9179
spel2sat,False,2,queen7_7,49,952,952,74.5344250202, ,74.4978
spel2sat,False,2,queen8_8,64,1456,1456,73.1888668537, ,73.153
spel2sat,True,8,Robertson,19,38,38,1996.49152613,298.281,205.3329,210.9753,212.1809,215.3854,210.6511,276.0604,367.5729
spel2sat,False,2,ship-ship,50,114,114,67.4217140675, ,67.39
spel2sat,True,4,ship-ship-pp-001,6,12,12,0.282454967499,0.0567,0.0692,0.0718,0.0717
spel2sat,True,8,ship-ship-pp-002,24,65,65,232.75709796,53.6363,9.1549,9.1585,9.8042,10.4986,26.8297,17.8791,95.7588
spel2sat,True,4,ship-ship-pp-00hree,6,12,12,1.13196110725,0.2651,0.3078,0.26,0.2152
spel2sat,True,8,ship-ship-pp,30,77,77,948.444163084,265.3393,29.1388,29.2185,30.1097,36.1987,54.0083,214.6961,289.6662
spel2sat,False,2,ship-ship-wpp,38,91,91,69.8327009678, ,69.8135
spel2sat,True,9,Shrikhande,16,48,48,240.730148077,22.6718,23.2812,23.5868,21.7954,22.0088,22.207,24.1433,30.0272,50.9581
spel2sat,True,5,Sousselier,16,27,27,155.077898026,30.3135,30.7502,32.7111,30.2506,31.0285
spel2sat,False,2,te,62,164,170,71.8106608391, ,71.7828
spel2sat,True,3,threex3-grid,9,12,12,0.747313022614,0.2561,0.2366,0.2439
spel2sat,True,3,threexhree-grid,9,12,12,0.738847017288,0.2424,0.2307,0.2548
spel2sat,True,5,Tietze,12,18,18,12.7413361073,2.41,2.3678,2.3091,2.459,3.1597
spel2sat,False,2,vsd-hugin,38,62,62,128.245740891, ,128.1978
spel2sat,True,4,Wagner,8,12,12,0.502562046051,0.1158,0.1198,0.1199,0.1336
spel2sat,True,10,water,32,123,123,1337.00794911,54.9162,55.4924,65.5082,78.1899,66.4266,60.3521,58.3736,123.0423,235.7342,538.9124
spel2sat,True,9,water-pp-001,21,94,94,2411.76287603,238.5055,232.8223,279.3256,282.6794,286.0595,282.0014,273.3938,281.973,254.9332
spel2sat,True,9,water-pp,22,96,96,3831.39061904,313.2367,487.8212,485.819,481.253,479.0816,450.3755,404.6123,392.1424,336.9907
spel2sat,True,9,water-wpp,22,96,96,3752.46072793,305.6991,466.4382,450.7773,434.2924,432.5785,434.5413,433.794,436.262,358.0054
spel2sat,False,2,Watsin,50,75,75,68.4777009487, ,68.4618
spel2sat,True,7,weeduk,15,49,49,70.2325439453,9.6463,10.0867,10.1543,10.1821,10.1868,10.0332,9.9102
spel2sat,True,3,wilson-hugin,21,27,27,1799.22310305,616.5379,593.4409,589.2252
spel2sat,False,2,zeroin.i.1-pp,54,1267,1267,79.0477790833, ,79.0321
spel2sat,False,2,zeroin.i.2-pp,57,1097,1097,79.0706658363, ,79.0371
spel2sat,False,2,zeroin.i.hree-pp,57,1097,1097,85.2467298508, ,85.2032
