spel2sat,True,4,alarm,37,65,65,146.072397947,42.7078,33.5459,31.8888,37.9031
spel2sat,True,12,anna-pp,22,148,148,2265.59483314,198.8744,117.2593,183.8148,194.0401,187.9572,185.4165,200.5301,201.585,195.3712,198.1628,198.2132,204.2752
spel2sat,False,2,B10Cage,70,106,105,66.5952680111, ,66.5756
spel2sat,False,2,barley,48,126,126,70.2756829262, ,70.2665
spel2sat,True,7,barley-pp-001,16,50,50,138.200651884,21.3254,18.7836,17.8293,18.114,18.6677,20.5876,22.8561
spel2sat,True,7,barley-pp,26,78,78,112.04906106,15.8773,12.5096,14.242,12.2382,17.8677,15.3577,23.9191
spel2sat,True,7,barley-wpp,29,83,83,282.306911945,76.9566,20.4122,22.9538,25.2364,26.1995,44.0545,66.4414
spel2sat,True,4,bcs01.graph-001,5,10,10,0.351861953735,0.0703,0.146,0.0485,0.0726
spel2sat,True,4,bcs01.graph-002,5,10,10,0.45108795166,0.1009,0.1142,0.144,0.079
spel2sat,True,4,bcs01.graph-004,5,10,10,0.226165056229,0.0448,0.0704,0.0574,0.0387
spel2sat,False,2,bcs01.graph-005,44,172,172,67.7846341133, ,67.7474
spel2sat,True,4,bcs01.graph-00hree,5,10,10,0.379271030426,0.0775,0.1291,0.1155,0.0408
spel2sat,False,2,bcs01-pp,44,172,172,70.2311079502, ,70.2227
spel2sat,True,3,bcs05.graph-001,4,6,6,0.283988952637,0.0706,0.1262,0.0772
spel2sat,True,3,bcs05.graph-002,4,6,6,0.154241085052,0.0473,0.0484,0.0501
spel2sat,False,2,BN_0-pp-minor-40,40,173,173,75.2102789879, ,75.1861
spel2sat,False,2,BN_0-pp-minor-41,41,176,176,72.9945831299, ,68.8974
spel2sat,False,2,BN_0-pp-minor-42,42,179,179,73.6616239548, ,72.9378
spel2sat,False,2,BN_0-pp-minor-44,44,183,183,107.241621971, ,107.1944
spel2sat,False,2,BN_0-pp-minor-45,45,187,187,67.0553569794, ,67.0456
spel2sat,False,2,BN_0-pp-minor-46,46,192,192,71.3457942009, ,71.3015
spel2sat,False,2,BN_0-pp-minor-47,47,196,196,69.4437119961, ,69.4211
spel2sat,False,2,BN_0-pp-minor-48,48,197,197,86.583865881, ,86.5308
spel2sat,False,2,BN_0-pp-minor-49,49,202,202,70.764193058, ,70.726
spel2sat,False,2,BN_0-pp-minor-4hree,43,180,180,98.3349530697, ,98.3161
spel2sat,False,2,BN_0-pp,67,243,243,73.5471420288, ,73.5299
spel2sat,False,2,BN_100,58,273,273,84.3829860687, ,84.3497
spel2sat,False,2,BN_100-pp,51,252,252,81.5311050415, ,81.4821
spel2sat,False,2,BN_101,58,273,273,99.5710310936, ,99.5554
spel2sat,False,2,BN_101-pp,51,252,252,124.327976942, ,124.2472
spel2sat,False,2,BN_102-pp,64,328,328,132.620607853, ,132.6077
spel2sat,False,2,BN_104,50,731,731,98.9797041416, ,98.8937
spel2sat,False,2,BN_105,50,731,731,71.7019901276, ,71.6113
spel2sat,False,2,BN_106,50,760,760,74.556773901, ,74.4942
spel2sat,False,2,BN_107,50,760,760,79.9890701771, ,79.9537
spel2sat,False,2,BN_108,50,740,740,78.6400809288, ,78.5872
spel2sat,False,2,BN_109,50,740,740,79.2862861156, ,79.267
spel2sat,False,2,BN_10hree-pp,64,328,328,94.8451809883, ,94.7984
spel2sat,False,2,BN_10-pp-minor-40,40,211,211,144.34206295, ,144.3316
spel2sat,False,2,BN_10-pp-minor-41,41,214,214,80.6515538692, ,80.6406
spel2sat,False,2,BN_10-pp-minor-42,42,217,217,85.467854023, ,85.4083
spel2sat,False,2,BN_10-pp-minor-44,44,223,223,75.5688080788, ,75.5454
spel2sat,False,2,BN_10-pp-minor-45,45,227,227,73.9416260719, ,73.9086
spel2sat,False,2,BN_10-pp-minor-46,46,231,231,76.0103228092, ,75.9785
spel2sat,False,2,BN_10-pp-minor-47,47,235,235,79.4894170761, ,79.4391
spel2sat,False,2,BN_10-pp-minor-48,48,237,237,77.0927431583, ,77.0459
spel2sat,False,2,BN_10-pp-minor-49,49,241,241,77.7423381805, ,77.6958
spel2sat,False,2,BN_10-pp-minor-4hree,43,220,220,74.1586308479, ,74.1046
spel2sat,False,2,BN_10-pp,57,257,257,136.359870911, ,136.3362
spel2sat,False,2,BN_110,50,741,741,108.247714996, ,108.2223
spel2sat,False,2,BN_111,50,741,741,108.650422096, ,108.5835
spel2sat,False,2,BN_112,50,719,719,74.4192500114, ,74.4029
spel2sat,False,2,BN_114,50,731,731,80.1146059036, ,80.0886
spel2sat,False,2,BN_115,50,731,731,79.4171760082, ,79.3731
spel2sat,False,2,BN_116,50,742,742,80.0642790794, ,80.0089
spel2sat,False,2,BN_117,50,742,742,78.4163451195, ,78.3858
spel2sat,False,2,BN_118,50,735,735,75.730825901, ,75.6996
spel2sat,False,2,BN_119,50,735,735,81.9542210102, ,81.8951
spel2sat,False,2,BN_11hree,50,719,719,74.5269830227, ,74.4845
spel2sat,False,2,BN_120,50,737,737,75.7260270119, ,75.7091
spel2sat,False,2,BN_121,50,737,737,130.206543207, ,130.1389
spel2sat,False,2,BN_122,50,731,731,75.038588047, ,75.0194
spel2sat,False,2,BN_124,50,740,740,102.500488997, ,102.4363
spel2sat,False,2,BN_125,50,740,740,118.675823927, ,118.6106
spel2sat,False,2,BN_12hree,50,731,731,73.2727639675, ,73.2225
spel2sat,True,3,BN_14-pp-minor-04,4,6,6,0.605731964111,0.2154,0.1792,0.147
spel2sat,True,4,BN_14-pp-minor-05,5,10,10,0.249995946884,0.044,0.0735,0.0711,0.0456
spel2sat,True,5,BN_14-pp-minor-06,6,15,15,0.482434034348,0.1101,0.0912,0.0375,0.0834,0.1385
spel2sat,True,6,BN_14-pp-minor-07,7,21,21,0.766716003418,0.0919,0.1659,0.1093,0.0983,0.1566,0.1145
spel2sat,True,7,BN_14-pp-minor-08,8,28,28,1.12292218208,0.0879,0.1692,0.1466,0.1984,0.2199,0.1289,0.1358
spel2sat,True,8,BN_14-pp-minor-09,9,36,36,1.48287796974,0.1425,0.1628,0.2302,0.1753,0.1846,0.2298,0.1656,0.1568
spel2sat,True,9,BN_14-pp-minor-10,10,45,45,1.96154594421,0.2068,0.2616,0.2235,0.242,0.2242,0.1764,0.1912,0.2014,0.1957
spel2sat,True,10,BN_14-pp-minor-11,11,55,55,3.40077805519,0.2854,0.3504,0.3596,0.3472,0.4035,0.3266,0.3347,0.2963,0.316,0.3257
spel2sat,True,10,BN_14-pp-minor-12,12,65,65,4.62585711479,0.4038,0.5381,0.5546,0.4745,0.4414,0.4107,0.4353,0.4338,0.4044,0.4906
spel2sat,True,12,BN_14-pp-minor-14,14,85,85,16.2214910984,1.3484,1.2846,1.2931,1.3028,1.3213,1.336,1.3152,1.3564,1.2963,1.4684,1.3845,1.4619
spel2sat,True,12,BN_14-pp-minor-15,15,96,96,27.3104920387,2.0812,2.3332,2.2743,2.1683,2.1756,2.3174,2.2095,2.1106,2.2621,2.2512,2.9386,2.1303
spel2sat,True,13,BN_14-pp-minor-16,16,107,107,53.7870841026,4.0155,3.9007,3.8933,3.9255,4.055,4.0988,3.8543,3.8737,3.9187,4.8862,4.7783,4.1899,4.324
spel2sat,True,14,BN_14-pp-minor-17,17,115,115,122.178702116,7.7371,8.2321,7.8376,7.2375,7.3499,7.1879,9.8488,8.9674,12.4395,7.4194,7.8973,7.8048,9.2011,12.9511
spel2sat,True,14,BN_14-pp-minor-18,18,125,125,196.877850056,13.8596,12.9888,13.0488,13.6266,13.2274,14.2357,13.8193,13.6558,13.1028,13.3307,14.5225,14.5249,15.3834,17.4848
spel2sat,True,14,BN_14-pp-minor-19,19,134,134,363.658289909,24.6181,25.9398,25.6863,24.9573,25.001,24.9329,25.6573,25.865,24.7905,25.3413,26.8219,25.6669,26.9515,31.3562
spel2sat,True,11,BN_14-pp-minor-1hree,13,75,75,8.50548195839,0.7518,0.7834,0.7386,0.7312,0.7595,0.752,0.7494,0.724,0.7305,0.7695,0.9678
spel2sat,True,15,BN_14-pp-minor-20,20,142,142,835.90576601,54.9876,61.4079,50.4746,48.1815,48.8176,52.5471,54.4579,55.4355,54.7697,56.3167,56.0773,56.0167,55.9698,56.8407,73.4967
spel2sat,True,16,BN_14-pp-minor-21,21,149,149,2077.67612004,104.4774,108.1458,109.6759,103.2754,107.2726,104.6808,104.6659,110.7541,111.2177,110.6292,106.3921,106.4061,113.4971,122.5815,134.739,419.1549
spel2sat,True,16,BN_14-pp-minor-22,22,157,157,3735.81862187,209.433,183.1692,178.5728,210.7617,212.7857,208.0652,221.5267,220.9399,226.8743,229.3762,235.2468,235.9681,202.4249,214.0214,308.3733,438.1652
spel2sat,False,15,BN_14-pp-minor-24,24,169,169,3290.40503812, ,10.2012,9.1661,9.1821,9.2799,9.7614,10.7706,14.6423,33.8117,89.6922,91.7851,102.2386,247.7506,651.9695,2000.0772
spel2sat,False,14,BN_14-pp-minor-25,25,176,176,3002.85542989, ,11.5361,12.1333,11.617,12.066,11.9,17.11,15.4973,21.1747,45.2737,51.0376,263.5241,529.8098,2000.0939
spel2sat,False,15,BN_14-pp-minor-26,26,183,183,4923.48799706, ,13.7186,13.7621,14.0083,14.0465,16.3796,18.4999,20.1877,29.6014,40.5863,59.2259,401.0525,703.3457,1578.9081,2000.0893
spel2sat,False,15,BN_14-pp-minor-27,27,190,190,4840.45692515, ,18.3146,17.6538,17.6397,16.7961,19.9795,21.0306,30.0187,23.8686,37.7184,94.3944,695.2958,353.6407,1493.8853,2000.1259
spel2sat,False,14,BN_14-pp-minor-28,28,195,195,3749.07937598, ,20.8472,21.1834,21.6534,21.7251,22.9412,26.5221,28.4639,34.1095,149.9026,126.7249,482.1676,792.623,2000.1291
spel2sat,False,14,BN_14-pp-minor-29,29,202,202,4452.61624312, ,25.5599,27.4561,26.1166,28.6193,28.9204,31.1113,53.915,74.6603,60.5245,209.8299,525.1857,1360.4511,2000.1772
spel2sat,True,16,BN_14-pp-minor-2hree,23,163,163,4369.43360186,16.3136,7.7066,7.6663,7.7139,8.2911,8.1208,8.6212,11.8332,16.5449,34.8925,67.1758,138.6605,488.3397,887.805,1390.7398,1268.8989
spel2sat,False,2,BN_14-pp-minor-40,40,256,256,79.1035890579, ,79.0719
spel2sat,False,2,BN_14-pp-minor-41,41,260,260,67.973511219, ,67.9445
spel2sat,False,2,BN_14-pp-minor-42,42,262,262,74.4203088284, ,74.3798
spel2sat,False,2,BN_14-pp-minor-44,44,267,267,72.2948768139, ,72.2687
spel2sat,False,2,BN_14-pp-minor-45,45,269,269,75.3982689381, ,75.346
spel2sat,False,2,BN_14-pp-minor-46,46,273,273,76.9385459423, ,76.9031
spel2sat,False,2,BN_14-pp-minor-47,47,276,276,75.8335771561, ,75.7944
spel2sat,False,2,BN_14-pp-minor-48,48,279,279,110.100423098, ,110.0574
spel2sat,False,2,BN_14-pp-minor-49,49,283,283,84.3212709427, ,84.2749
spel2sat,False,2,BN_14-pp-minor-4hree,43,265,265,85.3214640617, ,85.2783
spel2sat,False,2,BN_14-pp-minor-50,50,288,288,75.9147570133, ,75.8711
spel2sat,False,2,BN_14-pp-minor-51,51,293,293,80.2878758907, ,80.2426
spel2sat,False,2,BN_14-pp-minor-52,52,295,295,75.5015609264, ,75.4551
spel2sat,False,2,BN_14-pp-minor-54,54,304,304,79.224627018, ,79.1804
spel2sat,False,2,BN_14-pp-minor-55,55,308,308,76.3696010113, ,76.3527
spel2sat,False,2,BN_14-pp-minor-56,56,310,310,79.6512629986, ,79.6251
spel2sat,False,2,BN_14-pp-minor-57,57,313,313,154.281548977, ,154.2695
spel2sat,False,2,BN_14-pp-minor-58,58,317,317,86.9719390869, ,86.92
spel2sat,False,2,BN_14-pp-minor-59,59,321,321,83.4573431015, ,83.4064
spel2sat,False,2,BN_14-pp-minor-5hree,53,298,298,158.286006927, ,158.2437
spel2sat,False,2,BN_14-pp-minor-60,60,322,322,81.580300808, ,81.5518
spel2sat,False,2,BN_14-pp-minor-61,61,325,325,101.859862089, ,101.8118
spel2sat,False,2,BN_14-pp-minor-62,62,328,328,78.5382459164, ,78.5064
spel2sat,False,2,BN_14-pp-minor-64,64,335,335,74.0526490211, ,74.0152
spel2sat,False,2,BN_14-pp-minor-65,65,338,338,72.6629970074, ,72.6185
spel2sat,False,2,BN_14-pp-minor-66,66,341,341,106.349004984, ,106.3191
spel2sat,False,2,BN_14-pp-minor-67,67,346,346,77.1057729721, ,77.0545
spel2sat,False,2,BN_14-pp-minor-68,68,348,348,77.5847861767, ,77.5418
spel2sat,False,2,BN_14-pp-minor-69,69,350,350,80.1559369564, ,80.1329
spel2sat,False,2,BN_14-pp-minor-6hree,63,332,332,110.875845909, ,110.8261
spel2sat,False,2,BN_14-pp-minor-70,70,352,352,144.022509098, ,143.9895
spel2sat,False,14,BN_14-pp-minor-hree0,30,207,207,4497.80016184, ,29.567,29.4528,29.9946,30.4586,33.7014,51.3161,37.3198,61.164,142.7131,456.9497,514.5492,1080.3102,2000.2178
spel2sat,False,14,BN_14-pp-minor-hree1,31,209,209,5605.79389405, ,35.713,34.1516,34.3952,35.4882,36.8319,40.8616,42.9155,120.3423,234.6493,453.7648,616.0993,1920.3326,2000.1602
spel2sat,False,13,BN_14-pp-minor-hree2,32,213,213,4331.68525791, ,69.3586,64.3931,59.3781,66.2649,43.2707,55.7047,57.7936,73.0968,340.8433,865.0518,636.1895,2000.2468
spel2sat,False,13,BN_14-pp-minor-hree4,34,226,226,5211.08384514, ,58.3278,58.8945,57.6928,58.8114,64.6533,80.9383,125.9696,314.6669,291.1314,571.1413,1528.5256,2000.2396
spel2sat,False,12,BN_14-pp-minor-hree5,35,231,231,4052.51175499, ,66.7545,64.8599,64.4746,65.462,73.5793,87.599,159.2393,371.5381,394.2481,704.4073,2000.2571
spel2sat,False,2,BN_14-pp-minor-hree6,36,234,234,62.7952868938, ,62.7823
spel2sat,False,2,BN_14-pp-minor-hree7,37,241,241,71.1496019363, ,71.1367
spel2sat,False,2,BN_14-pp-minor-hree8,38,245,245,74.3445560932, ,74.2936
spel2sat,False,2,BN_14-pp-minor-hree9,39,252,252,74.3030941486, ,74.2794
spel2sat,False,13,BN_14-pp-minor-hreehree,33,219,219,5041.87812614, ,50.3892,50.1805,50.8348,52.9497,53.0528,61.2935,87.1663,131.2376,417.9619,457.455,1629.0138,2000.2645
spel2sat,True,3,BN_15-pp-minor-04,4,6,6,0.15465092659,0.046,0.0518,0.0438
spel2sat,True,4,BN_15-pp-minor-05,5,10,10,0.216060876846,0.0435,0.0583,0.048,0.0474
spel2sat,True,5,BN_15-pp-minor-06,6,15,15,0.319306850433,0.0566,0.0765,0.061,0.048,0.0564
spel2sat,True,6,BN_15-pp-minor-07,7,21,21,0.43612408638,0.0615,0.0572,0.0567,0.0892,0.063,0.077
spel2sat,True,7,BN_15-pp-minor-08,8,28,28,0.666605949402,0.097,0.0898,0.079,0.0916,0.0801,0.1146,0.0824
spel2sat,True,8,BN_15-pp-minor-09,9,36,36,1.12363100052,0.121,0.1123,0.1923,0.1296,0.1366,0.1473,0.1141,0.1297
spel2sat,True,9,BN_15-pp-minor-10,10,45,45,2.02340579033,0.2036,0.2167,0.1964,0.2227,0.2061,0.2036,0.2768,0.2481,0.2061
spel2sat,True,10,BN_15-pp-minor-11,11,55,55,3.10598611832,0.2781,0.3406,0.2855,0.276,0.3029,0.2699,0.2583,0.3297,0.3577,0.3653
spel2sat,True,11,BN_15-pp-minor-12,12,66,66,5.17761397362,0.4209,0.5005,0.4496,0.4313,0.442,0.4625,0.4228,0.5105,0.4501,0.4938,0.5399
spel2sat,True,13,BN_15-pp-minor-14,14,91,91,14.2254219055,0.9704,1.0395,0.9583,0.9626,0.9809,1.003,0.9901,1.0008,1.0237,0.993,1.004,1.361,1.8694
spel2sat,True,14,BN_15-pp-minor-15,15,105,105,22.3032770157,1.6119,1.5939,1.5477,1.5287,1.588,1.547,1.541,1.5544,1.6122,1.5982,1.5484,1.6075,1.6886,1.6722
spel2sat,True,14,BN_15-pp-minor-16,16,119,119,34.8527920246,2.1082,2.6684,2.2677,2.6196,2.5295,2.4736,2.3482,2.3335,2.3048,2.3113,2.311,2.2538,2.4038,3.8544
spel2sat,True,15,BN_15-pp-minor-17,17,132,132,51.5470581055,3.3869,3.3808,3.4056,3.3871,3.352,3.3819,3.408,3.4539,3.4112,3.4078,3.4666,3.4903,3.4309,3.5633,3.5584
spel2sat,True,15,BN_15-pp-minor-18,18,145,145,82.913640976,5.5055,5.3857,5.4419,5.4656,5.4064,5.4671,5.4354,5.405,5.4278,5.4316,5.4959,5.5439,5.6612,6.0036,5.7739
spel2sat,True,16,BN_15-pp-minor-19,19,157,157,162.01698184,9.8798,9.937,9.9067,10.0192,10.1141,9.8319,9.7979,9.7733,9.8227,9.9998,9.9414,9.9587,10.0151,9.9916,10.2591,12.6956
spel2sat,True,12,BN_15-pp-minor-1hree,13,78,78,8.83666396141,0.6541,0.6542,0.7124,0.6838,0.6624,0.6905,0.7566,0.651,0.6574,0.6473,0.7809,1.2383
spel2sat,True,16,BN_15-pp-minor-20,20,170,170,312.344747066,19.5891,18.4881,18.248,18.1687,18.3723,20.3288,19.3078,19.5049,19.116,19.3636,19.3821,18.8297,20.3161,19.9273,20.8761,22.4433
spel2sat,True,17,BN_15-pp-minor-21,21,182,182,637.594079971,36.3919,33.4539,34.6398,33.1538,40.2122,34.6498,34.6566,33.7734,34.6405,36.1249,36.8091,37.7562,37.7079,39.0322,40.3935,44.9546,49.1401
spel2sat,True,18,BN_15-pp-minor-22,22,192,192,1507.45728087,67.7173,71.4178,72.091,73.9297,70.1623,68.2711,71.7117,69.6172,69.7333,70.9587,75.2773,77.5669,74.1941,76.9814,78.5222,94.9789,91.9037,232.2951
spel2sat,True,18,BN_15-pp-minor-24,24,215,215,3696.86771393,26.7381,9.347,10.0309,9.8157,10.2208,10.3171,11.6291,11.4397,16.6137,19.7706,27.3586,33.3793,78.2744,386.2948,224.7661,700.9965,929.8366,1179.9384
spel2sat,False,16,BN_15-pp-minor-25,25,226,226,3607.68710089, ,12.4414,11.7201,12.0332,12.5395,12.8715,13.4982,15.866,26.5829,32.7604,44.8818,49.562,118.3189,155.1679,1089.2306,2000.1011
spel2sat,False,16,BN_15-pp-minor-26,26,236,236,3278.10846591, ,14.8047,15.063,14.9425,14.6335,15.7865,15.6457,16.1662,19.0875,23.5147,48.3613,57.4757,89.5931,424.2964,508.5359,2000.1112
spel2sat,False,16,BN_15-pp-minor-27,27,242,242,3399.61597991, ,18.7247,19.3095,19.458,19.9004,21.3323,22.6225,27.1044,23.8599,34.9938,91.454,103.8935,174.6848,370.4164,451.652,2000.1053
spel2sat,False,16,BN_15-pp-minor-28,28,251,251,4113.66252494, ,20.8333,21.1561,20.9771,20.9037,21.4388,22.3511,23.6443,25.813,49.3333,84.5466,127.3855,103.0711,779.7584,792.1967,2000.1326
spel2sat,False,15,BN_15-pp-minor-29,29,261,261,3584.12489486, ,26.1301,26.0422,25.5157,26.0703,27.0005,30.3494,30.2822,41.8021,40.9265,71.7595,162.1334,585.1115,490.7539,2000.1477
spel2sat,True,18,BN_15-pp-minor-2hree,23,202,202,4059.95451093,235.2548,8.1485,8.2334,8.3532,8.553,8.9774,8.9016,10.2567,13.8353,12.5773,58.0094,35.9118,140.5299,72.4162,106.4456,961.3159,994.8732,1367.2538
spel2sat,False,2,BN_15-pp-minor-40,40,342,342,77.4021379948, ,77.3587
spel2sat,False,2,BN_15-pp-minor-41,41,347,347,72.5686120987, ,72.5256
spel2sat,False,2,BN_15-pp-minor-42,42,353,353,84.0786290169, ,84.0536
spel2sat,False,2,BN_15-pp-minor-44,44,362,362,76.2102651596, ,76.1586
spel2sat,False,2,BN_15-pp-minor-45,45,367,367,79.0433490276, ,79.0114
spel2sat,False,2,BN_15-pp-minor-46,46,374,374,71.6497070789, ,71.6226
spel2sat,False,2,BN_15-pp-minor-47,47,379,379,76.1149919033, ,76.0984
spel2sat,False,2,BN_15-pp-minor-48,48,383,383,79.5270030499, ,79.4953
spel2sat,False,2,BN_15-pp-minor-49,49,388,388,121.256005049, ,121.2048
spel2sat,False,2,BN_15-pp-minor-4hree,43,357,357,72.9757487774, ,72.9382
spel2sat,False,2,BN_15-pp-minor-50,50,390,390,71.2974982262, ,71.2799
spel2sat,False,2,BN_15-pp-minor-51,51,396,396,76.2231199741, ,76.1733
spel2sat,False,2,BN_15-pp-minor-52,52,401,401,77.4002768993, ,77.3784
spel2sat,False,2,BN_15-pp-minor-54,54,410,410,83.1888859272, ,83.1449
spel2sat,False,2,BN_15-pp-minor-55,55,415,415,74.0905981064, ,74.0594
spel2sat,False,2,BN_15-pp-minor-56,56,420,420,130.995177984, ,130.9518
spel2sat,False,2,BN_15-pp-minor-57,57,422,422,83.0952670574, ,83.0508
spel2sat,False,2,BN_15-pp-minor-58,58,425,425,91.0765631199, ,91.0402
spel2sat,False,2,BN_15-pp-minor-59,59,428,428,76.5978758335, ,76.5848
spel2sat,False,2,BN_15-pp-minor-5hree,53,407,407,152.94459486, ,152.9135
spel2sat,False,2,BN_15-pp-minor-60,60,431,431,149.524693966, ,149.4493
spel2sat,False,2,BN_15-pp-minor-61,61,436,436,124.359185934, ,124.2997
spel2sat,False,2,BN_15-pp-minor-62,62,441,441,73.8720641136, ,73.8281
spel2sat,False,2,BN_15-pp-minor-64,64,447,447,85.5198638439, ,85.4651
spel2sat,False,2,BN_15-pp-minor-65,65,451,451,131.035573959, ,131.0099
spel2sat,False,2,BN_15-pp-minor-66,66,460,460,101.565062046, ,101.5398
spel2sat,False,2,BN_15-pp-minor-67,67,463,463,103.88240695, ,103.8684
spel2sat,False,2,BN_15-pp-minor-68,68,468,468,79.5029578209, ,79.4544
spel2sat,False,2,BN_15-pp-minor-69,69,470,470,127.720577002, ,127.6976
spel2sat,False,2,BN_15-pp-minor-6hree,63,445,445,98.7659249306, ,98.7221
spel2sat,False,2,BN_15-pp-minor-70,70,476,476,134.29191494, ,134.2648
spel2sat,False,15,BN_15-pp-minor-hree0,30,273,273,3327.26507306, ,28.7026,28.9891,30.1387,29.4065,29.8225,31.0959,34.0987,43.8669,53.7289,61.5446,340.9199,269.6123,345.1043,2000.152
spel2sat,False,15,BN_15-pp-minor-hree1,31,279,279,3682.39270806, ,35.3642,35.0915,35.3329,34.7357,36.6909,39.9858,39.7461,75.6386,123.6899,172.2557,135.9974,367.4945,550.0846,2000.1829
spel2sat,False,15,BN_15-pp-minor-hree2,32,288,288,4748.53187299, ,39.5619,39.8753,40.225,41.1623,42.5969,45.116,49.1384,102.0677,172.6086,302.5352,282.5618,230.381,1360.3957,2000.2062
spel2sat,False,14,BN_15-pp-minor-hree4,34,304,304,5164.08252907, ,84.6542,80.0799,59.8614,80.8446,61.1149,64.2131,72.4435,97.5663,151.2397,258.5823,372.6249,1780.4854,2000.2605
spel2sat,False,15,BN_15-pp-minor-hree5,35,309,309,5358.361799, ,71.0357,100.9356,85.6985,73.546,72.9251,75.9205,80.7988,93.6689,197.1761,342.7966,665.2639,408.2999,1089.9075,2000.267
spel2sat,False,2,BN_15-pp-minor-hree6,36,315,315,93.8795728683, ,93.8685
spel2sat,False,2,BN_15-pp-minor-hree7,37,323,323,75.98376894, ,75.9325
spel2sat,False,2,BN_15-pp-minor-hree8,38,329,329,75.49238801, ,75.4617
spel2sat,False,2,BN_15-pp-minor-hree9,39,336,336,75.2457659245, ,75.2039
spel2sat,False,14,BN_15-pp-minor-hreehree,33,298,298,3756.47673798, ,50.5644,50.3495,50.488,50.4794,53.355,58.5329,61.4486,86.4779,78.0264,253.7173,701.5155,261.2087,2000.2216
spel2sat,False,12,BN_16-pp.dgf-015,34,156,156,3712.16547298, ,60.0342,59.0883,59.067,60.7997,60.6486,69.588,83.7069,197.6925,459.0313,602.1459,2000.2833
spel2sat,True,5,BN_28,24,49,49,27.9310951233,5.5662,5.5991,5.5688,5.6056,5.5715
spel2sat,True,5,BN_29,24,49,49,32.5173549652,6.494,6.56,6.4881,6.5031,6.4484
spel2sat,False,2,BN_78,54,226,226,145.019520044, ,144.983
spel2sat,False,13,BN_78-pp,33,174,174,3798.68842101, ,48.3158,48.2737,47.931,47.9816,51.8021,63.5331,56.9734,99.3434,124.0054,551.9413,658.2232,2000.2898
spel2sat,False,2,BN_79,54,226,226,73.6177549362, ,73.5731
spel2sat,False,13,BN_79-pp,33,174,174,5018.25054383, ,48.0834,48.1538,49.4844,54.0498,51.023,51.9221,58.7257,226.7688,90.413,698.4953,1640.8025,2000.2527
spel2sat,False,18,BN_80-pp,29,287,287,4902.09263897, ,26.2905,26.4389,26.0764,26.4101,26.9424,27.5746,29.1928,30.0358,36.2518,35.708,46.9191,75.8349,167.9653,240.347,153.7963,1926.0241,2000.1774
spel2sat,False,20,BN_81-pp,29,287,287,5926.08473492, ,25.7616,25.724,26.4595,25.2995,26.4847,26.0458,24.9028,27.5067,33.9299,32.8959,44.1531,34.4302,201.4423,137.0178,325.9167,184.4871,750.1981,1973.1616,2000.1503
spel2sat,False,20,BN_82-pp,29,287,287,4698.11053205, ,24.9044,25.0684,24.8951,26.4872,26.285,25.8146,29.8177,27.6944,36.3424,51.0126,45.1716,52.1414,53.6497,617.393,235.7585,202.6156,852.2685,340.4927,2000.1769
spel2sat,False,19,BN_84-pp,29,287,287,3891.07168889, ,24.9003,24.542,25.337,24.9257,25.4808,26.7251,29.4059,31.5234,29.559,96.6674,52.4896,51.8757,70.7051,280.9671,343.6458,203.4396,548.5139,2000.2106
spel2sat,True,20,BN_85-pp,29,287,287,3697.76499987,46.173,26.414,27.0434,26.0542,26.5679,27.0275,27.0259,28.0613,30.0768,34.7736,40.6938,42.8193,35.383,201.4263,53.7502,125.7814,279.4638,952.6653,272.2949,1394.1464
spel2sat,False,2,BN_86-pp,38,394,394,69.8401119709, ,69.8184
spel2sat,False,2,BN_87-pp,38,394,394,72.1534130573, ,72.126
spel2sat,False,2,BN_88-pp,38,394,394,71.2703621387, ,71.255
spel2sat,False,2,BN_89-pp,38,394,394,70.9088160992, ,70.8645
spel2sat,False,20,BN_8hree-pp,29,287,287,5810.47785592, ,26.0894,26.0331,28.5588,23.8248,24.1174,25.7359,26.1063,30.0619,30.2219,31.7034,52.7029,58.384,107.4774,503.1805,442.006,780.1244,720.1612,873.721,2000.1464
spel2sat,False,2,BN_90-pp,38,394,394,74.7281911373, ,74.7152
spel2sat,False,2,BN_91-pp,38,394,394,70.065267086, ,70.0176
spel2sat,False,2,BN_92-pp,38,394,394,69.532875061, ,69.4848
spel2sat,False,2,BN_94,53,245,245,79.8637459278, ,79.8195
spel2sat,False,2,BN_94-pp,44,220,220,109.049813032, ,109.0049
spel2sat,False,2,BN_95,53,245,245,72.8906850815, ,72.8772
spel2sat,False,2,BN_95-pp,44,220,220,71.2298400402, ,71.2042
spel2sat,False,2,BN_96,54,249,249,78.2269291878, ,78.1756
spel2sat,False,2,BN_96-pp,48,234,234,79.788228035, ,79.7382
spel2sat,False,2,BN_97,54,249,249,72.7767310143, ,72.7303
spel2sat,False,2,BN_97-pp,48,234,234,83.0045888424, ,82.9514
spel2sat,False,2,BN_98,57,270,270,77.7241311073, ,77.7126
spel2sat,False,2,BN_98-pp,47,241,241,77.0750749111, ,77.063
spel2sat,False,2,BN_99,57,270,270,69.6312849522, ,69.6014
spel2sat,False,2,BN_99-pp,47,241,241,72.9534299374, ,72.9282
spel2sat,False,2,BN_9hree-pp,38,394,394,73.7412631512, ,73.7176
spel2sat,True,8,Brinkmann,21,42,42,4151.00879717,486.271,468.766,495.2474,514.3714,521.5369,479.4016,509.7371,675.6296
spel2sat,True,2,Bull,5,5,5,0.109148025513,0.0463,0.0543
spel2sat,True,2,Butterfly,5,6,6,0.115395069122,0.048,0.058
spel2sat,True,2,c4,4,4,4,0.133161067963,0.0609,0.0633
spel2sat,True,2,C5,5,5,5,0.13968205452,0.048,0.083
spel2sat,True,2,C5+,5,6,6,0.191686153412,0.0723,0.1105
spel2sat,False,2,celar01-pp-001,47,275,275,70.9155721664, ,70.8727
spel2sat,True,10,celar01-pp-002,19,112,112,470.047455072,44.6845,50.9198,49.2837,46.4669,46.2082,46.0168,46.989,46.2856,46.8562,46.2808
spel2sat,False,2,celar01-pp-00hree,58,311,311,82.6124179363, ,82.5829
spel2sat,True,10,celar02-pp_1,19,115,115,414.236253977,40.5011,41.1347,42.0573,42.7578,40.2623,42.0134,40.9815,41.3356,41.6373,41.4973
spel2sat,True,10,celar02-pp,19,115,115,550.77115798,59.6287,47.171,40.3394,52.9489,57.4886,56.9644,57.5413,59.7696,58.5421,60.3181
spel2sat,True,10,celar02-wpp_1,30,144,144,363.458395004,33.3329,28.7199,28.5464,29.1413,29.0705,32.0128,30.4611,35.2144,48.4524,68.4553
spel2sat,True,10,celar02-wpp,30,144,144,367.107897043,34.5721,28.5065,28.5981,28.8521,29.6378,31.9481,30.7117,34.9514,52.4794,66.7972
spel2sat,True,10,celar04-pp-001,16,93,93,66.6310319901,6.6284,6.6706,6.6851,6.618,6.6486,6.6256,6.6134,6.705,6.6705,6.7221
spel2sat,False,2,celar04-pp-002,62,316,316,73.2619438171, ,73.2111
spel2sat,True,11,celar05-pp-001,19,113,113,491.180695057,47.9398,44.6785,44.9593,44.5554,42.6618,44.9142,43.4035,43.166,42.9809,43.7589,48.1069
spel2sat,False,2,celar05-pp-002,47,271,271,80.3800587654, ,80.3575
spel2sat,True,3,celar05-wpp.dgf-004,4,6,6,0.530633926392,0.16,0.1534,0.1118
spel2sat,True,3,celar05-wpp.dgf-005,4,6,6,0.182181119919,0.0574,0.0625,0.0501
spel2sat,True,3,celar05-wpp.dgf-006,4,6,6,0.174894094467,0.0325,0.0815,0.0484
spel2sat,True,3,celar05-wpp.dgf-007,4,6,6,0.711997032166,0.1741,0.2194,0.2143
spel2sat,True,4,celar05-wpp.dgf-008,5,10,10,0.307497024536,0.0515,0.1072,0.0642,0.068
spel2sat,True,4,celar05-wpp.dgf-009,5,10,10,0.259508132935,0.0572,0.0905,0.0397,0.0548
spel2sat,True,3,celar05-wpp.dgf-00hree,4,6,6,0.165715932846,0.0405,0.0664,0.0468
spel2sat,True,4,celar05-wpp.dgf-010,5,10,10,0.234783887863,0.0513,0.0747,0.0469,0.0453
spel2sat,True,4,celar05-wpp.dgf-011,5,10,10,0.253598928452,0.0523,0.0413,0.0738,0.0704
spel2sat,True,4,celar05-wpp.dgf-012,5,10,10,0.214564085007,0.0441,0.0672,0.0507,0.0379
spel2sat,True,4,celar05-wpp.dgf-014,5,10,10,0.234894037247,0.0577,0.0486,0.0557,0.0567
spel2sat,True,5,celar05-wpp.dgf-015,6,15,15,0.327799797058,0.0489,0.0818,0.064,0.0643,0.0485
spel2sat,True,5,celar05-wpp.dgf-016,6,15,15,0.341356039047,0.0663,0.0761,0.0711,0.0603,0.049
spel2sat,True,7,celar05-wpp.dgf-017,8,28,28,0.631869077682,0.0847,0.0926,0.0819,0.0934,0.0828,0.082,0.0885
spel2sat,True,8,celar05-wpp.dgf-018,9,36,36,0.99374294281,0.1208,0.1258,0.1247,0.1224,0.1163,0.1136,0.1159,0.1243
spel2sat,True,11,celar05-wpp.dgf-019,19,113,113,497.910878897,46.1939,47.551,45.8135,45.8147,46.5472,42.5391,44.2433,44.0528,45.8317,44.5616,44.7044
spel2sat,True,4,celar05-wpp.dgf-01hree,5,10,10,0.352385044098,0.0646,0.1075,0.0401,0.1229
spel2sat,False,2,celar05-wpp.dgf-020,47,271,271,72.1261098385, ,72.0797
spel2sat,True,11,celar06-pp_1,16,101,101,50.7786669731,4.4705,4.6799,4.6234,4.6329,4.6233,4.5915,4.617,4.6568,4.6313,4.6312,4.58
spel2sat,True,11,celar06-pp,16,101,101,53.7152860165,4.8106,4.8329,4.7398,4.8292,4.8014,5.3574,4.846,4.8599,4.8714,4.845,4.8704
spel2sat,True,11,celar06-wpp_1,34,156,156,680.252240181,65.0483,56.725,56.8116,56.6794,57.342,57.8059,59.128,64.2045,66.1066,71.268,69.0482
spel2sat,True,11,celar06-wpp,34,156,156,646.494328976,62.5585,55.589,54.6137,54.6818,55.0833,55.5347,56.2037,62.6081,63.0882,64.4333,62.029
spel2sat,False,2,celar07-pp-001,45,320,320,72.5743191242, ,72.5501
spel2sat,True,7,celar07-pp-002,16,54,54,126.417824984,17.5115,18.0458,18.0583,18.061,17.9545,18.0471,18.7104
spel2sat,True,4,celar07-pp.dgf-004,5,10,10,0.73651599884,0.1713,0.1711,0.1198,0.131
spel2sat,True,4,celar07-pp.dgf-005,5,10,10,0.711282968521,0.1559,0.154,0.1398,0.1158
spel2sat,True,5,celar07-pp.dgf-006,6,15,15,0.302673101425,0.0483,0.0718,0.053,0.058,0.0526
spel2sat,True,5,celar07-pp.dgf-007,6,15,15,0.320855855942,0.0606,0.0691,0.0527,0.0589,0.0605
spel2sat,True,5,celar07-pp.dgf-008,6,15,15,1.02221703529,0.1518,0.2081,0.2321,0.1721,0.1439
spel2sat,True,5,celar07-pp.dgf-009,6,15,15,0.285343885422,0.0604,0.0502,0.0555,0.0485,0.0512
spel2sat,True,3,celar07-pp.dgf-00hree,4,6,6,0.196531057358,0.06,0.0556,0.068
spel2sat,True,5,celar07-pp.dgf-010,6,15,15,0.965129137039,0.1844,0.1759,0.1678,0.1078,0.1639
spel2sat,True,5,celar07-pp.dgf-011,6,15,15,0.313519001007,0.0502,0.0594,0.0522,0.0632,0.0679
spel2sat,True,4,celar07-pp.dgf-012,7,15,15,0.346027135849,0.0766,0.0943,0.0827,0.0773
spel2sat,True,11,celar07-pp.dgf-014,12,66,66,4.7941429615,0.4095,0.4276,0.4196,0.4157,0.4086,0.4058,0.4104,0.4197,0.4326,0.4551,0.5468
spel2sat,True,11,celar07-pp.dgf-015,12,66,66,4.84628295898,0.4108,0.4372,0.4287,0.4142,0.4073,0.4277,0.4236,0.4311,0.4298,0.4571,0.5357
spel2sat,True,7,celar07-pp.dgf-016,16,54,54,126.689844847,17.8642,18.1704,18.2092,18.1069,18.0333,18.0967,18.1765
spel2sat,False,2,celar07-pp.dgf-017,45,320,320,72.9958789349, ,72.9666
spel2sat,True,6,celar07-pp.dgf-01hree,7,21,21,0.448662996292,0.0623,0.0728,0.0757,0.0824,0.0726,0.06
spel2sat,True,3,celar07pp-pp.dgf-001,4,6,6,0.185880899429,0.0528,0.0625,0.0573
spel2sat,True,4,celar07pp-pp.dgf-002,5,10,10,0.337750911713,0.0688,0.1254,0.0681,0.059
spel2sat,True,5,celar07pp-pp.dgf-004,6,15,15,0.47011590004,0.0846,0.0845,0.0884,0.1012,0.0919
spel2sat,True,5,celar07pp-pp.dgf-005,6,15,15,0.407559156418,0.0639,0.0895,0.0695,0.0841,0.0797
spel2sat,True,5,celar07pp-pp.dgf-006,6,15,15,0.346801042557,0.0459,0.0785,0.0607,0.0622,0.0808
spel2sat,True,5,celar07pp-pp.dgf-007,6,15,15,0.330541133881,0.0579,0.0704,0.0593,0.0631,0.0563
spel2sat,True,5,celar07pp-pp.dgf-008,6,15,15,0.365815877914,0.0527,0.1028,0.0642,0.0562,0.0688
spel2sat,True,6,celar07pp-pp.dgf-009,7,21,21,0.48171210289,0.0713,0.0978,0.087,0.0488,0.0765,0.0764
spel2sat,True,5,celar07pp-pp.dgf-00hree,6,15,15,0.344085931778,0.0785,0.0754,0.0476,0.0489,0.0747
spel2sat,True,4,celar07pp-pp.dgf-010,8,16,16,0.528700828552,0.1249,0.1497,0.1291,0.1078
spel2sat,True,7,celar07pp-pp.dgf-011,14,47,47,34.6543850899,4.9438,4.9388,4.9451,4.9257,4.9251,4.9357,5.0112
spel2sat,False,2,celar07pp-pp.dgf-012,45,320,320,86.6111438274, ,86.6003
spel2sat,False,2,celar08-pp-001,39,283,283,73.8183178902, ,73.8043
spel2sat,True,8,celar08-pp-002,16,61,61,122.906091928,15.4354,15.2587,15.4028,15.3665,15.2571,15.2781,15.3116,15.5602
spel2sat,True,3,celar08pp-pp.dgf-001,4,6,6,0.147284984589,0.048,0.0413,0.0455
spel2sat,True,3,celar08pp-pp.dgf-002,4,6,6,0.158914089203,0.0553,0.0472,0.0428
spel2sat,True,3,celar08pp-pp.dgf-004,4,6,6,0.211962938309,0.046,0.0888,0.0645
spel2sat,True,3,celar08pp-pp.dgf-005,4,6,6,0.164033174515,0.0403,0.068,0.0438
spel2sat,True,3,celar08pp-pp.dgf-006,4,6,6,0.174579143524,0.0367,0.0902,0.0353
spel2sat,True,4,celar08pp-pp.dgf-007,5,10,10,0.2823741436,0.0475,0.1403,0.0461,0.0311
spel2sat,True,4,celar08pp-pp.dgf-008,5,10,10,0.254192829132,0.0532,0.0628,0.0828,0.0396
spel2sat,True,4,celar08pp-pp.dgf-009,5,10,10,0.220280170441,0.053,0.0549,0.0323,0.0646
spel2sat,True,3,celar08pp-pp.dgf-00hree,4,6,6,0.211935997009,0.0433,0.1086,0.0489
spel2sat,True,4,celar08pp-pp.dgf-010,5,10,10,0.283177137375,0.0737,0.0744,0.0863,0.0327
spel2sat,True,4,celar08pp-pp.dgf-011,5,10,10,0.23996591568,0.0355,0.0515,0.0577,0.0734
spel2sat,True,4,celar08pp-pp.dgf-012,5,10,10,0.255156993866,0.051,0.085,0.0531,0.0495
spel2sat,True,4,celar08pp-pp.dgf-014,5,10,10,0.288740873337,0.0387,0.1157,0.0594,0.0565
spel2sat,True,4,celar08pp-pp.dgf-015,5,10,10,0.223482847214,0.0326,0.0416,0.0677,0.067
spel2sat,True,4,celar08pp-pp.dgf-016,5,10,10,0.225084066391,0.0425,0.0579,0.0594,0.0487
spel2sat,True,4,celar08pp-pp.dgf-017,5,10,10,0.279268980026,0.035,0.0963,0.0911,0.0402
spel2sat,True,4,celar08pp-pp.dgf-018,5,10,10,0.30317401886,0.0642,0.1214,0.0416,0.0602
spel2sat,True,4,celar08pp-pp.dgf-019,5,10,10,0.336688041687,0.0431,0.1501,0.0462,0.081
spel2sat,True,4,celar08pp-pp.dgf-01hree,5,10,10,0.243054866791,0.0407,0.0388,0.0626,0.0858
spel2sat,True,4,celar08pp-pp.dgf-020,5,10,10,0.220853805542,0.0316,0.0378,0.0526,0.0834
spel2sat,True,4,celar08pp-pp.dgf-021,5,10,10,0.197671890259,0.0287,0.0507,0.0523,0.0506
spel2sat,True,5,celar08pp-pp.dgf-022,6,15,15,0.310016155243,0.0459,0.1082,0.0362,0.0466,0.0498
spel2sat,True,6,celar08pp-pp.dgf-024,7,21,21,0.608039855957,0.0777,0.1477,0.1047,0.1079,0.062,0.0843
spel2sat,True,6,celar08pp-pp.dgf-025,8,24,24,0.643001794815,0.0911,0.1295,0.11,0.0844,0.1002,0.1054
spel2sat,True,7,celar08pp-pp.dgf-026,8,28,28,0.674495220184,0.0732,0.1216,0.0767,0.0811,0.1155,0.0975,0.0821
spel2sat,True,8,celar08pp-pp.dgf-027,9,36,36,1.01629495621,0.1083,0.1612,0.1411,0.1208,0.1014,0.1389,0.1058,0.1099
spel2sat,True,9,celar08pp-pp.dgf-028,10,45,45,1.71733617783,0.1655,0.2855,0.1624,0.1786,0.1603,0.1951,0.1895,0.1749,0.1731
spel2sat,True,9,celar08pp-pp.dgf-029,10,45,45,1.7260491848,0.1723,0.2325,0.2096,0.1788,0.1606,0.1712,0.1976,0.1909,0.1806
spel2sat,True,5,celar08pp-pp.dgf-02hree,6,15,15,0.283972978592,0.0492,0.0671,0.0529,0.0377,0.0575
spel2sat,True,9,celar08pp-pp.dgf-0hree0,10,45,45,1.73481988907,0.1763,0.218,0.2514,0.1571,0.1643,0.1708,0.1982,0.184,0.1811
spel2sat,True,9,celar08pp-pp.dgf-0hree1,10,45,45,1.66717195511,0.1604,0.2537,0.1649,0.1724,0.1842,0.1553,0.1482,0.2074,0.1862
spel2sat,True,8,celar08pp-pp.dgf-0hree2,16,61,61,126.675708055,15.7995,15.9547,15.7033,15.7113,15.6981,15.7006,15.9583,16.114
spel2sat,False,2,celar08pp-pp.dgf-0hreehree,39,283,283,72.3593621254, ,72.3174
spel2sat,True,8,celar09-pp-001,16,61,61,125.308573008,15.1937,16.014,15.814,15.9064,14.4641,15.8345,15.998,16.0224
spel2sat,False,2,celar09pp_1,67,165,165,75.4990949631, ,75.4616
spel2sat,False,2,celar09pp,67,165,165,75.7828779221, ,75.7581
spel2sat,False,2,celar0hree-pp-001,38,238,238,71.3671021461, ,71.356
spel2sat,True,3,celar0hree-pp2.dgf-002,4,6,6,0.157218933105,0.0433,0.0549,0.0477
spel2sat,True,3,celar0hree-pp2.dgf-004,4,6,6,0.202013015747,0.0646,0.0842,0.0408
spel2sat,True,4,celar0hree-pp2.dgf-005,5,10,10,0.307814121246,0.0426,0.1406,0.0414,0.0667
spel2sat,True,4,celar0hree-pp2.dgf-006,5,10,10,0.190387010574,0.0371,0.062,0.0453,0.0279
spel2sat,True,4,celar0hree-pp2.dgf-007,5,10,10,0.280416965485,0.0529,0.1195,0.0404,0.0506
spel2sat,True,4,celar0hree-pp2.dgf-008,5,10,10,0.281810998917,0.1042,0.0767,0.0408,0.0442
spel2sat,True,4,celar0hree-pp2.dgf-009,5,10,10,0.2436170578,0.038,0.0852,0.0405,0.0595
spel2sat,True,3,celar0hree-pp2.dgf-00hree,4,6,6,0.230669021606,0.0536,0.095,0.067
spel2sat,True,4,celar0hree-pp2.dgf-010,5,10,10,0.342916965485,0.0568,0.1578,0.056,0.0569
spel2sat,True,4,celar0hree-pp2.dgf-011,6,12,12,0.342885017395,0.0807,0.0529,0.0869,0.1064
spel2sat,True,5,celar0hree-pp2.dgf-012,6,15,15,0.56320977211,0.0754,0.1544,0.0884,0.1607,0.0629
spel2sat,True,7,celar0hree-pp2.dgf-014,8,28,28,0.657188892365,0.0845,0.0924,0.1286,0.0818,0.0824,0.0701,0.09
spel2sat,False,2,celar0hree-pp2.dgf-015,38,238,238,70.7694108486, ,70.7242
spel2sat,True,6,celar0hree-pp2.dgf-01hree,7,21,21,0.40669798851,0.0581,0.0684,0.0609,0.0557,0.0592,0.083
spel2sat,False,2,celar0hree-pp2,64,317,317,72.0959229469, ,72.047
spel2sat,True,8,celar10-pp-001,16,61,61,124.673815966,15.3564,15.5755,15.4744,15.4541,15.4612,15.5008,15.7226,16.093
spel2sat,True,10,celar11-pp-001,19,112,112,480.798863888,45.5422,46.2675,49.5842,48.8642,50.3172,47.8323,47.7643,45.8386,49.0101,49.7252
spel2sat,True,7,celar11-pp-002,13,46,46,16.148747921,2.3071,2.2945,2.2853,2.3326,2.2958,2.2588,2.3484
spel2sat,True,6,celar11-pp-004,16,43,43,141.38680315,23.5223,23.3707,23.5362,23.2948,23.4832,24.1494
spel2sat,False,2,celar11-pp-00hree,48,264,264,71.1368019581, ,71.0935
spel2sat,True,6,Chvatal,12,24,24,20.8445959091,1.8958,5.0222,2.8111,2.5923,4.8996,3.5853
spel2sat,True,9,Clebsch,16,40,40,385.918873072,26.9048,28.0981,27.5668,26.891,28.6591,28.7354,31.3715,39.2557,148.3903
spel2sat,True,7,csf,32,94,94,125.195562124,19.494,13.956,14.1121,14.3689,15.0035,19.8826,28.3473
spel2sat,True,13,david-pp,29,191,191,675.899404049,29.5633,22.8799,23.1395,23.2198,23.6034,24.1251,24.0025,43.5077,30.379,39.4169,52.3671,170.0996,169.53
spel2sat,True,6,Desargues,20,30,30,2323.63082099,379.1111,343.1738,345.529,351.4655,396.4396,507.873
spel2sat,True,4,diabetes-pp-001,6,12,12,0.328077077866,0.0804,0.1111,0.0609,0.0554
spel2sat,True,4,diabetes-pp-002,8,17,17,0.548038005829,0.1225,0.1765,0.1249,0.1079
spel2sat,True,2,Diamond,4,5,5,0.119241952896,0.0325,0.0777
spel2sat,True,6,Dodecahedron,20,30,30,2575.05067301,360.8573,364.7946,366.3175,371.3899,411.4267,700.2236
spel2sat,True,4,Durer,12,18,18,9.44536590576,2.3059,2.3036,2.3854,2.4315
spel2sat,False,2,eil51.tsp,51,140,140,71.2796158791, ,71.2454
spel2sat,True,6,Errera,17,45,45,267.230810881,41.9186,43.5847,44.6353,45.5888,44.5885,46.8805
spel2sat,True,4,fivex5-grid,25,40,39,100.335273027,41.7073,22.1811,18.302,18.1133
spel2sat,True,6,FlowerSnark,20,30,30,2283.0608561,298.789,388.0026,390.9713,376.1853,386.5333,442.5359
spel2sat,True,7,Folkman,20,40,40,2365.78783512,267.5896,339.1521,349.354,358.7994,354.823,355.2997,340.7231
spel2sat,True,4,fourx4-grid,16,24,24,136.976171017,33.9716,34.2127,34.7648,34.0057
spel2sat,True,5,Franklin,12,18,18,12.8932430744,2.2531,2.3222,2.2569,2.4117,3.6287
spel2sat,True,4,Frucht,12,18,18,8.76589989662,2.1478,2.1416,2.1414,2.3195
spel2sat,True,4,fungiuk,15,36,36,52.0178849697,12.8087,13.1168,13.0505,13.0247
spel2sat,True,3,games120-pp.dgf-002,4,6,6,0.179190158844,0.0523,0.0786,0.036
spel2sat,True,9,games120-pp.dgf-00hree,14,63,63,29.874204874,3.2922,3.2016,3.434,3.1815,3.2048,3.1462,3.5981,3.3259,3.4309
spel2sat,True,4,Goldner,11,27,27,3.15974402428,0.7764,0.7888,0.8127,0.7644
spel2sat,True,4,graph06pp-pp.dgf-001,5,10,10,0.31170296669,0.0431,0.098,0.1082,0.046
spel2sat,True,4,graph06pp-pp.dgf-002,5,10,10,0.399074077606,0.0745,0.1167,0.0857,0.1061
spel2sat,True,6,graph06pp-pp.dgf-004,8,23,23,0.858204126358,0.0874,0.2079,0.1415,0.1175,0.1137,0.1645
spel2sat,True,4,graph06pp-pp.dgf-00hree,5,10,10,0.267948865891,0.0428,0.0644,0.0765,0.0685
spel2sat,False,2,graph12pp_1,61,122,122,76.8917500973, ,76.879
spel2sat,False,2,graph12pp,61,122,122,70.9188170433, ,70.8993
spel2sat,True,5,Grotzsch,11,20,20,4.94091701508,0.9816,0.955,0.9513,0.9865,1.0479
spel2sat,True,4,Herschel,11,18,18,4.22206401825,1.0484,1.046,1.0483,1.0637
spel2sat,True,7,Hoffman,16,32,32,298.087877989,43.3007,28.9655,30.1942,33.6646,34.4458,46.3602,81.1167
spel2sat,False,9,Holt,27,54,54,3517.93673491, ,17.9679,18.6121,21.4746,31.5228,117.4095,274.4066,1036.4039,2000.0927
spel2sat,True,7,Kittell,23,63,63,196.611196041,11.0999,7.4887,7.6721,8.7961,12.1315,29.3715,120.0166
spel2sat,False,2,kneser8-hree,56,280,280,143.358971119, ,143.3297
spel2sat,False,2,knights8_8,64,168,168,101.350280046, ,101.34
spel2sat,False,2,knights8_8-pp,60,164,164,180.176235914, ,180.1172
spel2sat,True,3,link-pp-minor-004,4,6,6,0.346678972244,0.121,0.0865,0.1081
spel2sat,True,4,link-pp-minor-005,5,10,10,0.25487112999,0.0783,0.0664,0.0496,0.045
spel2sat,True,5,link-pp-minor-006,6,15,15,0.37505698204,0.0551,0.067,0.0672,0.0806,0.0617
spel2sat,True,6,link-pp-minor-007,7,21,21,0.516864061356,0.1088,0.1263,0.0753,0.0459,0.0558,0.0832
spel2sat,True,7,link-pp-minor-008,8,28,28,0.573734998703,0.0686,0.0705,0.0696,0.0838,0.0855,0.0959,0.0728
spel2sat,True,8,link-pp-minor-009,9,36,36,1.00630879402,0.1121,0.12,0.1124,0.1516,0.1418,0.1082,0.1105,0.1154
spel2sat,True,9,link-pp-minor-010,10,45,45,1.71233081818,0.1954,0.1834,0.2023,0.1732,0.1694,0.1719,0.1834,0.1968,0.1965
spel2sat,True,10,link-pp-minor-011,11,55,55,2.9611890316,0.287,0.3452,0.2709,0.2745,0.2968,0.2967,0.2787,0.2728,0.2877,0.3037
spel2sat,True,11,link-pp-minor-012,12,66,66,4.91043019295,0.4225,0.4401,0.418,0.423,0.4442,0.4204,0.4141,0.4203,0.4263,0.4805,0.5551
spel2sat,True,11,link-pp-minor-014,14,86,86,27.6363139153,2.8882,2.4399,1.9469,2.6202,2.0533,3.1136,1.8426,1.7151,3.1349,3.0862,2.7187
spel2sat,True,12,link-pp-minor-015,15,94,94,30.4835951328,2.3389,2.4826,2.4959,2.4756,2.463,2.479,2.4842,2.4915,2.5072,2.6572,2.5545,2.9979
spel2sat,True,12,link-pp-minor-016,16,101,101,61.4972300529,5.0143,4.9932,5.0185,4.987,4.9835,5.0815,4.999,5.002,5.0568,5.0265,5.0944,6.1881
spel2sat,True,12,link-pp-minor-017,17,108,108,121.297549009,9.2641,10.4356,10.1706,10.2168,10.0873,10.1578,10.2856,10.2351,10.0637,9.6466,9.9488,10.7299
spel2sat,True,12,link-pp-minor-018,18,114,114,265.679285049,17.7555,22.5926,22.4548,22.432,22.4423,22.2931,22.4435,22.0462,22.6775,21.3429,23.1236,24.0126
spel2sat,True,13,link-pp-minor-019,19,119,119,520.037034035,38.5845,38.7847,39.3697,39.0569,38.7355,38.8342,39.4849,38.5553,38.9531,38.9619,39.4507,41.9316,49.2693
spel2sat,True,11,link-pp-minor-01hree,13,77,77,6.81980109215,0.6479,0.6153,0.5887,0.5954,0.5873,0.5917,0.5936,0.6011,0.6278,0.6314,0.7008
spel2sat,True,13,link-pp-minor-020,20,125,125,1004.83627009,76.1904,66.8044,66.2458,66.7905,66.7471,66.3053,85.961,84.2946,78.6702,82.4489,81.6882,78.0006,104.6011
spel2sat,True,13,link-pp-minor-021,21,130,130,1996.57591414,129.3661,168.2982,163.5107,160.734,162.9121,165.085,164.6455,134.8568,131.9301,143.0082,146.0826,146.3464,179.7203
spel2sat,True,13,link-pp-minor-022,22,137,137,3318.73702383,258.9723,271.2853,256.3817,244.7653,237.8019,237.6629,252.5132,249.6286,253.1969,247.4002,251.4739,261.1268,296.4405
spel2sat,True,13,link-pp-minor-024,24,151,151,1038.41690302,37.3599,8.7298,9.486,9.4186,9.7621,10.6534,11.4469,20.5351,21.0607,41.1684,124.1359,381.108,353.479
spel2sat,True,13,link-pp-minor-025,25,156,156,1062.9895041,46.0069,10.9885,10.7737,11.2662,11.4239,12.3905,13.4547,13.6022,35.5126,53.9473,98.6792,288.914,455.9664
spel2sat,True,13,link-pp-minor-026,26,163,163,1347.96433115,159.7953,14.1536,13.9275,14.0538,14.2628,15.4258,18.1016,24.8747,80.5489,55.9159,213.5312,230.1666,493.1421
spel2sat,True,13,link-pp-minor-027,27,168,168,1921.12445498,208.6469,16.317,16.0316,16.4111,16.4205,17.9344,20.3695,36.4919,83.1235,114.0094,181.6821,379.7181,813.8964
spel2sat,True,13,link-pp-minor-028,28,175,175,1690.19609904,191.2215,21.0421,21.0351,20.9489,21.8898,22.2352,28.6219,43.9071,78.5879,71.9649,199.2906,455.2923,514.0811
spel2sat,True,13,link-pp-minor-029,29,179,179,2301.84919596,240.8098,24.4375,24.8024,24.5017,25.5335,25.8745,37.3443,42.8753,39.9113,153.3719,182.1749,292.9906,1187.1406
spel2sat,True,13,link-pp-minor-02hree,23,144,144,566.49505496,35.6294,7.4525,7.6997,7.6464,7.4089,8.2937,8.3225,15.3213,23.9301,27.2557,86.7609,114.5133,216.1939
spel2sat,False,2,link-pp-minor-040,40,223,223,74.2422640324, ,74.2244
spel2sat,False,2,link-pp-minor-041,41,227,227,68.9429459572, ,68.9245
spel2sat,False,2,link-pp-minor-042,42,229,229,68.5929038525, ,68.5707
spel2sat,False,2,link-pp-minor-044,44,235,235,73.0918550491, ,73.0596
spel2sat,False,2,link-pp-minor-045,45,239,239,71.4087750912, ,71.3852
spel2sat,False,2,link-pp-minor-046,46,242,242,67.5686500072, ,67.5328
spel2sat,False,2,link-pp-minor-047,47,246,246,80.6888508797, ,80.6589
spel2sat,False,2,link-pp-minor-048,48,250,250,76.047547102, ,75.9974
spel2sat,False,2,link-pp-minor-049,49,252,252,79.2153639793, ,79.1928
spel2sat,False,2,link-pp-minor-04hree,43,232,232,69.6687090397, ,69.6544
spel2sat,False,2,link-pp-minor-050,50,255,255,67.8835990429, ,67.857
spel2sat,False,2,link-pp-minor-051,51,261,261,79.3652510643, ,79.3389
spel2sat,False,2,link-pp-minor-052,52,263,263,73.1400330067, ,73.0976
spel2sat,False,2,link-pp-minor-054,54,268,268,69.6941540241, ,69.6538
spel2sat,False,2,link-pp-minor-055,55,270,270,74.8314259052, ,74.7892
spel2sat,False,2,link-pp-minor-056,56,276,276,69.0370650291, ,69.0119
spel2sat,False,2,link-pp-minor-057,57,283,283,82.1831660271, ,82.1358
spel2sat,False,2,link-pp-minor-058,58,291,291,79.0601489544, ,79.0099
spel2sat,False,2,link-pp-minor-059,59,299,299,74.3805878162, ,74.3548
spel2sat,False,2,link-pp-minor-05hree,53,265,265,140.798891068, ,140.6855
spel2sat,False,2,link-pp-minor-060,60,307,307,78.935571909, ,78.894
spel2sat,False,2,link-pp-minor-061,61,315,315,70.7453141212, ,70.7173
spel2sat,False,2,link-pp-minor-062,62,323,323,71.7583811283, ,71.7139
spel2sat,False,2,link-pp-minor-064,64,339,339,146.405958891, ,146.3616
spel2sat,False,2,link-pp-minor-065,65,347,347,75.2884349823, ,75.2465
spel2sat,False,2,link-pp-minor-066,66,355,355,71.4741120338, ,71.4309
spel2sat,False,2,link-pp-minor-067,67,363,363,76.9896531105, ,76.9379
spel2sat,False,2,link-pp-minor-068,68,371,371,74.8997588158, ,74.8527
spel2sat,False,2,link-pp-minor-069,69,379,379,148.208954096, ,148.1934
spel2sat,False,2,link-pp-minor-06hree,63,331,331,81.4798178673, ,81.4677
spel2sat,False,2,link-pp-minor-070,70,382,382,77.990803957, ,77.9518
spel2sat,True,13,link-pp-minor-0hree0,30,185,185,2863.191257,178.6051,38.2388,47.8564,56.5491,34.9237,42.0196,34.8963,75.4894,133.7523,154.6017,513.086,344.3501,1208.73
spel2sat,True,13,link-pp-minor-0hree1,31,192,192,3014.44917798,284.1927,35.6659,35.7143,34.9667,33.7153,38.3705,37.5861,59.8979,55.5689,194.4196,353.9335,479.4198,1370.9114
spel2sat,False,13,link-pp-minor-0hree2,32,194,194,4171.66970897, ,38.9817,40.7073,39.582,41.5953,46.6644,52.5374,54.3867,207.6479,152.7483,724.3102,772.2384,2000.1982
spel2sat,False,13,link-pp-minor-0hree4,34,202,202,4520.22575808, ,52.8826,53.2697,54.2399,54.698,55.7937,80.4703,102.5117,93.3898,243.8864,825.5193,903.2711,2000.2233
spel2sat,False,12,link-pp-minor-0hree5,35,205,205,4728.78849411, ,66.4374,66.5663,65.0235,65.4523,72.2124,99.5137,116.3927,185.4214,274.6595,1716.6931,2000.3317
spel2sat,False,2,link-pp-minor-0hree6,36,208,208,66.5103800297, ,66.4996
spel2sat,False,2,link-pp-minor-0hree7,37,212,212,70.5791170597, ,70.5336
spel2sat,False,2,link-pp-minor-0hree8,38,216,216,70.1306040287, ,70.1194
spel2sat,False,2,link-pp-minor-0hree9,39,219,219,71.5557639599, ,71.5331
spel2sat,False,13,link-pp-minor-0hreehree,33,198,198,4976.5990591, ,44.6434,44.6036,48.1973,49.8926,51.7771,95.4808,144.2005,103.7178,314.5629,653.6967,1425.525,2000.223
spel2sat,False,2,mainuk,48,198,198,74.8066952229, ,74.7826
spel2sat,True,6,mainuk-pp,9,28,28,0.894739151001,0.1364,0.1428,0.151,0.1448,0.1406,0.1569
spel2sat,False,7,McGee,24,36,36,2697.39145303, ,10.1675,10.9043,20.0439,83.7386,572.4299,2000.0727
spel2sat,True,3,MCSTestGraph2,9,13,13,0.271076917648,0.0898,0.0825,0.0863
spel2sat,True,3,MCSTestGraph,7,11,11,1.01510000229,0.3118,0.3256,0.3163
spel2sat,True,5,mildew,35,80,80,349.950372934,96.7054,54.9268,55.7064,57.3808,85.2003
spel2sat,True,4,mildew-wpp,15,31,31,58.3066220284,14.5161,14.6452,14.3763,14.7507
spel2sat,True,3,Moser,7,11,11,0.246448993683,0.076,0.0904,0.0669
spel2sat,False,2,munin1-pp-001,63,180,180,79.6271920204, ,79.6119
spel2sat,False,2,munin1-pp,66,188,188,101.333178043, ,101.3223
spel2sat,True,4,munin2-pp-001,6,12,12,0.260768175125,0.0552,0.0705,0.0446,0.0689
spel2sat,True,4,munin2-pp-002,6,12,12,0.804345846176,0.224,0.1931,0.1759,0.165
spel2sat,True,5,munin2-pp-004,16,36,36,170.854520082,30.353,32.3592,41.5687,31.3804,35.17
spel2sat,True,5,munin2-pp-005,16,36,36,118.990758896,23.6718,23.9437,23.73,23.6274,23.9983
spel2sat,True,5,munin2-pp-006,16,36,36,132.146267891,25.3233,26.7715,26.0583,27.7431,26.2267
spel2sat,True,7,munin2-pp-007,17,47,47,273.296254873,39.5101,38.5115,37.5841,38.2099,38.6399,39.167,41.6375
spel2sat,True,7,munin2-pp-008,17,47,47,372.376477957,59.7301,57.7148,43.0088,47.1949,49.545,54.7846,60.363
spel2sat,True,6,munin2-pp-009,18,47,47,390.717953205,68.5033,62.2818,64.4478,65.1054,65.2708,65.0747
spel2sat,True,5,munin2-pp-00hree,16,36,36,159.557440042,28.9716,32.8577,35.9887,30.6795,31.0326
spel2sat,True,7,munin2-pp-010,17,47,47,334.684607983,50.2575,45.7386,45.5965,45.5041,45.3945,50.4965,51.6548
spel2sat,True,7,munin2-pp-011,17,47,47,363.579978943,41.9685,47.1372,81.8126,51.0373,57.0508,40.2178,44.2982
spel2sat,True,6,munin2-pp-012,18,47,47,399.851267099,68.4058,65.9369,66.7359,66.3779,66.4297,65.9321
spel2sat,True,9,munin4-pp-001,23,66,66,848.413938999,28.9283,13.5811,10.8152,8.0971,16.0583,22.0558,40.8659,127.5489,580.4108
spel2sat,True,9,munin4-pp-002,23,66,66,1221.30526805,19.7669,7.9314,7.6461,8.5849,19.7987,16.6514,64.0147,149.0852,927.7792
spel2sat,False,2,munin4-pp-004,38,109,109,75.0735340118, ,75.0302
spel2sat,False,2,munin4-pp-005,55,156,156,96.4358429909, ,96.3814
spel2sat,False,2,munin4-pp-006,55,156,156,80.9089560509, ,80.8963
spel2sat,False,2,munin4-pp-00hree,38,109,109,109.514809132, ,109.5004
spel2sat,True,5,muninhree-pp-001,7,17,17,0.355959177017,0.056,0.0713,0.1054,0.0628,0.0428
spel2sat,True,5,muninhree-pp-002,7,17,17,1.49468517303,0.3046,0.306,0.3486,0.2616,0.2158
spel2sat,True,5,munin_kgo_complete-pp,16,41,41,118.21449995,23.522,23.8229,23.5485,23.5437,23.756
spel2sat,True,5,munin-kgo-pp-001,7,17,17,0.443492174149,0.0888,0.0959,0.0775,0.0996,0.059
spel2sat,True,5,munin-kgo-pp-002,7,17,17,1.36632394791,0.2665,0.295,0.3126,0.2083,0.2264
spel2sat,True,2,myciel2,5,5,5,0.278583049774,0.1302,0.1337
spel2sat,True,10,myciel4,23,71,71,662.715113163,19.0015,13.7419,16.0487,10.0139,15.4626,26.3373,48.6328,87.054,121.674,304.657
spel2sat,False,2,myciel5,47,236,236,96.9947149754, ,96.9839
spel2sat,False,2,myciel7-minor-070,70,1689,1689,77.9623498917, ,77.9074
spel2sat,True,5,mycielhree,11,20,20,5.22603797913,1.0623,0.9506,1.0274,1.0452,1.1176
spel2sat,False,7,Nauru,24,36,36,2828.01942086, ,9.2903,10.5445,26.0135,106.0471,675.9811,2000.1054
spel2sat,True,4,oesoca42,42,72,72,65.3095400333,16.7936,16.8497,10.9863,20.6506
spel2sat,False,2,oesoca+-hugin,67,208,208,106.841133118, ,106.8041
spel2sat,True,11,oesoca+-hugin-pp,14,75,75,37.9234249592,2.3973,3.0839,3.2332,2.6482,2.1185,4.8481,4.3181,2.683,2.3103,5.4414,4.7389
spel2sat,True,11,oesoca+-hugin-wpp,28,135,135,1043.69921398,112.6824,20.0417,19.9949,20.4986,20.4611,46.3615,23.4225,23.4193,169.2756,189.1217,398.3566
spel2sat,True,4,oesoca,39,67,67,72.6180319786,17.45,10.2142,15.1637,29.7718
spel2sat,False,2,oesoca+,67,208,208,73.9138050079, ,73.873
spel2sat,True,11,oesoca+-pp,14,75,75,44.9913680553,2.3001,6.2757,5.0025,2.1942,2.2728,4.0172,4.6061,2.4782,6.1554,2.7768,6.8469
spel2sat,False,2,onea8o_graph.dimacs,64,536,536,90.0400590897, ,89.9448
spel2sat,False,2,onea8o,64,536,536,67.8576440811, ,67.8096
spel2sat,False,2,oneail_graph.dimacs,69,631,631,75.4853401184, ,75.4564
spel2sat,False,2,oneail_graph-pp.dimacs,68,628,628,80.4213180542, ,80.4056
spel2sat,True,6,oneb0n_graph.dimacs-001,7,21,21,1.60850906372,0.3408,0.2296,0.184,0.268,0.2566,0.2596
spel2sat,True,7,oneb0n_graph.dimacs-002,8,28,28,2.60154700279,0.3798,0.3763,0.3482,0.3572,0.3224,0.3925,0.3681
spel2sat,True,7,oneb0n_graph.dimacs-004,8,28,28,2.5935549736,0.3158,0.4282,0.28,0.322,0.3681,0.4161,0.3718
spel2sat,True,7,oneb0n_graph.dimacs-005,8,28,28,1.00706791878,0.0849,0.2055,0.1767,0.1695,0.0956,0.1436,0.1006
spel2sat,True,7,oneb0n_graph.dimacs-00hree,8,28,28,2.91199207306,0.4028,0.435,0.4558,0.2961,0.4157,0.3879,0.3408
spel2sat,False,2,oneb67_graph.dimacs,68,559,559,115.787931204, ,115.6841
spel2sat,False,2,oneb67_graph-pp.dimacs,67,555,555,78.0250558853, ,78.0089
spel2sat,False,2,onebbz_graph.dimacs,57,543,543,79.9368031025, ,79.8989
spel2sat,False,2,onebbz_graph-pp.dimacs,56,538,538,72.241519928, ,72.1992
spel2sat,False,2,onebbz-pp,56,538,538,138.89064908, ,138.8269
spel2sat,False,2,onebf4_graph.dimacs,63,658,658,86.6899709702, ,86.6636
spel2sat,False,2,onebf4_graph-pp.dimacs,57,627,627,79.0068721771, ,78.9611
spel2sat,False,2,onebrf_graph.dimacs,49,412,412,77.524502039, ,77.4839
spel2sat,False,2,onebrf_graph-pp.dimacs,48,408,408,88.5015730858, ,88.4892
spel2sat,False,2,onebx7_graph.dimacs,41,195,195,68.4336099625, ,68.388
spel2sat,True,11,onebx7_graph-pp.dimacs,34,172,172,1693.54352307,121.3802,57.1973,56.9612,57.6977,56.453,59.4977,146.8331,97.2295,91.1445,275.5418,673.5378
spel2sat,False,2,onec4q_graph.dimacs,67,756,756,76.6283240318, ,76.5856
spel2sat,False,2,onec75_graph.dimacs,69,683,683,82.477214098, ,82.4468
spel2sat,False,2,onec9o_graph.dimacs,66,720,720,95.2224979401, ,95.1917
spel2sat,False,2,onecc8_graph.dimacs,70,813,813,76.0281848907, ,75.9806
spel2sat,False,2,onecka_graph.dimacs,57,605,605,73.518652916, ,73.5037
spel2sat,False,2,onedhreeb_graph.dimacs,69,682,682,79.6341881752, ,79.6042
spel2sat,False,2,onedhreeb_graph-pp.dimacs,68,677,677,73.3402171135, ,73.297
spel2sat,False,2,onedj7_graph-pp.dimacs,70,726,726,77.3588650227, ,77.3341
spel2sat,False,2,onee0b_graph.dimacs,60,518,518,83.0442430973, ,83.0017
spel2sat,False,2,onee0b_graph-pp.dimacs,55,495,495,68.1211018562, ,68.102
spel2sat,False,2,oneen2_graph.dimacs,69,463,463,78.8841378689, ,78.869
spel2sat,False,2,oneen2_graph-pp.dimacs,66,451,451,72.2312920094, ,72.1846
spel2sat,False,2,oneezg_graph.dimacs,66,541,541,73.3814258575, ,73.3483
spel2sat,False,2,onefjl_graph.dimacs,65,600,600,72.1892380714, ,72.1336
spel2sat,True,5,onefjl_graph-pp.dimacs-001,6,15,15,0.960000991821,0.1278,0.2026,0.1737,0.1821,0.1399
spel2sat,True,7,onefjl_graph-pp.dimacs-002,8,28,28,0.856602907181,0.0962,0.1385,0.1417,0.0931,0.0954,0.1583,0.1013
spel2sat,False,2,onefjl_graph-pp.dimacs-004,57,563,563,152.012053013, ,151.9625
spel2sat,True,8,onefjl_graph-pp.dimacs-00hree,11,47,47,5.04898786545,0.8169,0.6693,0.8077,0.4116,0.5361,0.4729,0.7954,0.4962
spel2sat,False,2,onefjl_graph-pp.dimacs,63,595,595,74.4792158604, ,74.4468
spel2sat,False,2,onefrhree_graph.dimacs,67,618,618,75.3249139786, ,75.2756
spel2sat,False,2,onefrhree_graph-pp.dimacs,62,599,599,123.648591995, ,123.606
spel2sat,False,2,onefse_graph.dimacs,67,730,730,74.6522238255, ,74.6021
spel2sat,False,2,oneg2b_graph.dimacs,62,649,649,66.6190400124, ,66.5704
spel2sat,False,2,oneg2b_graph-pp.dimacs,59,632,632,78.9713671207, ,78.9188
spel2sat,False,2,oneg6x_graph.dimacs,52,405,405,71.2146840096, ,71.1712
spel2sat,False,2,onegcq_graph.dimacs,68,742,742,74.1799089909, ,74.1618
spel2sat,False,2,onegcq_graph-pp.dimacs,64,719,719,138.982383966, ,138.9257
spel2sat,False,2,onegut_graph.dimacs,67,621,621,110.914299011, ,110.8444
spel2sat,False,2,onegut_graph-pp.dimacs,61,597,597,75.4144518375, ,75.3675
spel2sat,False,2,onehg7_graph.dimacs,66,705,705,73.4279370308, ,73.39
spel2sat,False,2,onei07_graph.dimacs,59,397,397,153.973837137, ,153.9499
spel2sat,False,2,onei07_graph-pp.dimacs,51,362,362,100.401178837, ,100.3722
spel2sat,False,2,onei27_graph-pp.dimacs,70,735,735,77.8791429996, ,77.8333
spel2sat,False,2,onei2t_graph.dimacs,61,644,644,99.5840899944, ,99.57
spel2sat,False,2,oneigd_graph.dimacs,61,630,630,83.6271641254, ,83.5701
spel2sat,False,2,oneigd_graph-pp.dimacs,59,622,622,119.447335005, ,119.3786
spel2sat,False,2,oneigq_graph.dimacs,54,503,503,69.6772778034, ,69.638
spel2sat,False,2,oneigq_graph-pp.dimacs,52,493,493,93.5746819973, ,93.5207
spel2sat,False,2,onej75_graph.dimacs,56,558,558,71.9152550697, ,71.8703
spel2sat,False,2,onejo8_graph.dimacs,58,608,608,127.643816948, ,127.5915
spel2sat,False,2,onek61_graph.dimacs,60,581,581,75.1314301491, ,75.1062
spel2sat,False,2,onek61_graph-pp.dimacs,56,564,564,74.5788018703, ,74.5233
spel2sat,False,2,onekq1_graph.dimacs,60,607,607,114.295722961, ,114.2376
spel2sat,False,2,onekq1_graph-pp.dimacs,59,603,603,80.9239020348, ,80.9091
spel2sat,False,2,onekth_graph.dimacs,52,426,426,70.9920971394, ,70.944
spel2sat,False,2,onekth_graph-pp.dimacs,51,421,421,68.2684080601, ,68.2434
spel2sat,False,2,onekuhree_graph.dimacs,61,585,585,72.5393447876, ,72.5251
spel2sat,False,2,onekuhree_graph-pp.dimacs,60,581,581,74.9690639973, ,74.9358
spel2sat,False,2,onekw4_graph.dimacs,67,672,672,74.3831069469, ,74.3294
spel2sat,False,2,onel9l_graph.dimacs,70,697,697,78.9539110661, ,78.9031
spel2sat,False,2,oneoai_graph.dimacs,58,524,524,76.0765209198, ,76.0504
spel2sat,False,2,oneoai_graph-pp.dimacs,57,518,518,120.367346048, ,120.2767
spel2sat,False,2,onepwt_graph.dimacs,61,657,657,143.497283936, ,143.4081
spel2sat,False,2,onepwt_graph-pp.dimacs,59,648,648,147.820862055, ,147.7823
spel2sat,False,2,oner69_graph.dimacs,63,692,692,155.849920034, ,155.7927
spel2sat,False,2,onerb9_graph.dimacs,48,412,412,113.325033188, ,113.2262
spel2sat,False,2,onesem_graph.dimacs,57,570,570,74.0525259972, ,74.0029
spel2sat,False,2,onesem_graph-pp.dimacs,56,565,565,70.9092149734, ,70.8929
spel2sat,False,2,oneubq-pp,47,170,170,68.9053349495, ,68.8622
spel2sat,True,4,oow_bas,27,54,54,70.0930020809,19.5951,16.1784,16.2591,18.0413
spel2sat,True,4,oow_bas-wpp,17,35,35,212.177035093,53.6589,52.1157,53.7911,52.5903
spel2sat,False,2,oow_solo,40,87,87,72.0857210159, ,72.0544
spel2sat,True,6,oow-solo-pp-001,14,34,34,40.8850049973,6.8392,6.8865,6.7581,6.7838,6.5987,6.9939
spel2sat,True,6,oow-solo-pp-002,16,35,35,148.13438797,23.8641,25.0321,24.0867,24.3696,24.2848,26.4709
spel2sat,True,6,oow_solo-pp,27,63,63,182.449748993,73.2625,17.2217,17.2408,18.8144,25.2512,30.6267
spel2sat,True,6,oow_solo-wpp,29,66,66,268.984333992,76.0521,25.2322,24.8145,25.4159,46.1148,71.3197
spel2sat,True,6,oow-trad,33,72,72,921.819386959,235.2861,51.5915,50.4024,56.2766,85.5953,442.627
spel2sat,True,6,oow-trad-pp-001,21,50,50,2635.10321498,403.3608,422.5628,455.4071,461.9952,466.7082,425.0313
spel2sat,True,6,oow-trad-pp,23,54,54,75.6772520542,16.4313,7.6429,7.8434,8.7629,12.2276,22.7423
spel2sat,True,6,oow-trad-wpp,25,57,57,116.235584021,26.4464,10.9981,11.1685,11.8116,15.8869,39.8979
spel2sat,True,12,Paley17,17,68,68,623.256009102,26.2904,25.8584,25.7088,25.7015,25.7159,25.7154,25.9344,25.8645,28.2292,33.4965,37.6347,317.0508
spel2sat,True,8,Paley1hree,13,39,39,25.388614893,2.9385,2.926,2.9187,2.9149,2.884,2.9512,3.4004,4.4213
spel2sat,True,7,Pappus,18,27,27,1559.87729907,139.6323,131.4144,134.359,139.7443,148.7264,159.3594,706.5938
spel2sat,True,6,pathfinder-pp,12,43,43,6.71130108833,1.1802,1.1751,1.06,1.0924,1.0785,1.0996
spel2sat,True,5,petersen,10,15,15,2.74933409691,0.4979,0.4957,0.505,0.5303,0.702
spel2sat,True,3,pignet2-pp-minor-0004,4,6,6,0.159207820892,0.0438,0.0678,0.034
spel2sat,True,4,pignet2-pp-minor-0005,5,10,10,0.195886850357,0.0441,0.0502,0.0502,0.0336
spel2sat,True,5,pignet2-pp-minor-0006,6,15,15,0.260546922684,0.0546,0.0562,0.0662,0.0337,0.0325
spel2sat,True,6,pignet2-pp-minor-0007,7,21,21,0.463741064072,0.0621,0.0801,0.0886,0.0903,0.0578,0.0599
spel2sat,True,7,pignet2-pp-minor-0008,8,28,28,0.569306850433,0.0703,0.0855,0.0786,0.087,0.0657,0.0879,0.0673
spel2sat,True,8,pignet2-pp-minor-0009,9,36,36,1.24909615517,0.1516,0.1584,0.1802,0.1912,0.1554,0.1265,0.1338,0.1209
spel2sat,True,9,pignet2-pp-minor-0010,10,45,45,1.5237300396,0.1632,0.1496,0.1756,0.1642,0.1731,0.1646,0.1541,0.1768,0.1724
spel2sat,True,10,pignet2-pp-minor-0011,11,55,55,2.90092206001,0.2642,0.3132,0.3324,0.283,0.2599,0.2691,0.263,0.2684,0.2989,0.3078
spel2sat,True,11,pignet2-pp-minor-0012,12,66,66,4.91926288605,0.4145,0.449,0.4167,0.4409,0.4155,0.4033,0.4476,0.4294,0.4412,0.4658,0.5476
spel2sat,True,13,pignet2-pp-minor-0014,14,91,91,12.6397731304,0.8522,0.9279,0.864,0.86,0.8727,0.8791,0.8657,0.8649,0.8896,0.8732,0.8616,1.2382,1.7457
spel2sat,True,14,pignet2-pp-minor-0015,15,105,105,20.3742249012,1.4321,1.443,1.4227,1.4487,1.4254,1.4299,1.4373,1.4268,1.4349,1.4184,1.4522,1.4643,1.5548,1.5259
spel2sat,True,15,pignet2-pp-minor-0016,16,120,120,30.1897170544,1.9205,1.838,1.891,1.7796,1.779,1.7616,1.7869,1.929,1.9263,1.9242,1.9255,1.9284,1.9888,3.5145,2.2352
spel2sat,True,16,pignet2-pp-minor-0017,17,136,136,42.4627871513,2.5491,2.6218,2.6202,2.6194,2.5906,2.6148,2.6247,2.6195,2.591,2.6023,2.6101,2.7264,2.6437,2.6861,2.6143,3.073
spel2sat,True,17,pignet2-pp-minor-0018,18,153,153,70.9005489349,4.2459,4.0241,4.1525,3.9328,3.954,4.0259,4.0664,4.2262,4.1989,3.8833,4.1416,4.2809,4.0563,4.1519,4.2882,4.7687,4.4323
spel2sat,True,18,pignet2-pp-minor-0019,19,171,171,88.6863188744,5.3783,4.7852,4.7497,4.7886,4.7347,4.7286,4.7207,4.7727,5.6212,5.1006,4.8106,4.8087,4.8435,4.8404,4.8306,5.2043,4.9057,5.0002
spel2sat,True,12,pignet2-pp-minor-001hree,13,78,78,7.79106283188,0.5737,0.6022,0.5703,0.5704,0.5861,0.5819,0.589,0.6025,0.5938,0.5896,0.7211,1.169
spel2sat,True,19,pignet2-pp-minor-0020,20,190,190,139.696794987,7.5671,7.2085,7.102,7.1398,7.1372,6.9772,7.0227,6.9736,7.0101,7.0282,7.2138,7.1713,7.1434,7.1857,7.4949,8.0419,8.0209,8.2785,7.8975
spel2sat,True,20,pignet2-pp-minor-0021,21,210,210,206.46163106,10.4332,9.2037,9.1678,9.1665,10.4679,10.487,10.2834,10.4441,10.5924,10.419,9.8973,9.9061,9.663,9.9105,10.154,11.5163,11.895,11.1748,10.9473,10.6409
spel2sat,True,21,pignet2-pp-minor-0022,22,231,231,262.182115078,11.2884,11.6067,11.5549,13.0836,11.4158,11.4076,12.6234,12.192,12.2894,11.7955,12.335,12.056,12.032,12.207,12.402,12.7918,12.6642,12.7367,13.1608,12.6539,17.7986
spel2sat,True,23,pignet2-pp-minor-0024,24,276,276,1009.76840496,10.1493,9.431,9.4576,9.4618,9.5218,9.5974,9.9266,10.3442,10.7975,10.5828,11.0223,11.8595,24.6232,31.2809,24.1987,19.0891,85.5538,15.8426,280.8345,21.3945,320.8433,33.2068,30.6353
spel2sat,True,24,pignet2-pp-minor-0025,25,300,300,1426.95970511,12.2145,11.2683,11.0276,11.4251,11.6463,11.1708,10.8986,11.6392,12.2368,13.9775,13.2538,18.4288,15.4491,16.3417,20.0072,29.2668,59.3958,16.46,18.7104,20.8346,67.7864,211.0978,764.8993,37.4103
spel2sat,True,25,pignet2-pp-minor-0026,26,325,325,1327.99159789,14.4047,12.8344,13.1529,13.9863,13.7791,13.8029,13.8179,14.1976,14.8247,14.1634,15.4734,15.875,15.8353,15.7989,21.4253,26.1418,18.7362,97.0368,243.3295,100.8332,69.9472,46.8214,237.8659,230.6636,33.1138
spel2sat,False,26,pignet2-pp-minor-0027,27,351,351,4573.71799207, ,16.9901,17.0748,17.1488,17.97,17.1006,16.8429,17.319,19.7666,19.1632,22.2239,22.5538,20.5381,39.3914,42.4126,53.055,64.6144,31.524,110.5589,204.4836,327.3671,457.4032,328.3794,632.9967,56.5688,2000.1192
spel2sat,False,27,pignet2-pp-minor-0028,28,378,378,4178.79568386, ,19.2738,19.2742,19.6529,19.6713,19.4331,19.6341,20.7504,20.7465,20.2791,24.3913,23.5598,31.1295,40.6518,53.0177,26.2163,36.4135,56.5067,156.761,40.7614,277.5342,332.057,321.5876,242.3719,113.1858,223.689,2000.1149
spel2sat,False,27,pignet2-pp-minor-0029,29,406,406,6970.71738696, ,24.1677,24.1615,24.2787,24.2788,24.6116,25.3407,26.1003,26.3637,26.9746,31.0494,34.4737,34.7716,29.1515,62.4241,64.5454,51.0463,373.5732,59.8623,63.3123,707.489,1451.3625,511.1949,444.6009,76.5668,748.7164,2000.151
spel2sat,True,22,pignet2-pp-minor-002hree,23,253,253,540.266855001,7.6649,7.2958,7.3404,7.3678,8.2443,7.4756,7.8567,8.0335,9.4053,9.0094,15.8522,14.1048,10.3013,19.487,30.0091,19.4106,57.8238,49.4958,95.0458,15.8295,103.4587,29.6484
spel2sat,False,2,pignet2-pp-minor-0040,40,766,766,75.5904650688, ,75.5598
spel2sat,False,2,pignet2-pp-minor-0041,41,800,800,71.641972065, ,71.6198
spel2sat,False,2,pignet2-pp-minor-0042,42,832,832,70.4196338654, ,70.4019
spel2sat,False,2,pignet2-pp-minor-0044,44,896,896,71.3873260021, ,71.3589
spel2sat,False,2,pignet2-pp-minor-0045,45,927,927,67.269575119, ,67.235
spel2sat,False,2,pignet2-pp-minor-0046,46,958,958,76.3182148933, ,76.2393
spel2sat,False,2,pignet2-pp-minor-0047,47,987,987,70.2707769871, ,70.2174
spel2sat,False,2,pignet2-pp-minor-0048,48,1016,1016,76.3407878876, ,76.292
spel2sat,False,2,pignet2-pp-minor-0049,49,1047,1047,111.78561902, ,111.7653
spel2sat,False,2,pignet2-pp-minor-004hree,43,864,864,67.9510829449, ,67.8994
spel2sat,False,2,pignet2-pp-minor-0050,50,1075,1075,78.7462399006, ,78.674
spel2sat,False,2,pignet2-pp-minor-0051,51,1102,1102,73.5151679516, ,73.4869
spel2sat,False,2,pignet2-pp-minor-0052,52,1129,1129,70.6001529694, ,70.5647
spel2sat,False,2,pignet2-pp-minor-0054,54,1179,1179,72.4832129478, ,72.4364
spel2sat,False,2,pignet2-pp-minor-0055,55,1204,1204,69.8118000031, ,69.769
spel2sat,False,2,pignet2-pp-minor-0056,56,1230,1230,89.9118070602, ,89.8541
spel2sat,False,2,pignet2-pp-minor-0057,57,1252,1252,75.4344239235, ,75.3959
spel2sat,False,2,pignet2-pp-minor-0058,58,1274,1274,87.1848659515, ,87.1377
spel2sat,False,2,pignet2-pp-minor-0059,59,1295,1295,70.2689530849, ,70.2399
spel2sat,False,2,pignet2-pp-minor-005hree,53,1155,1155,74.2457609177, ,74.204
spel2sat,False,2,pignet2-pp-minor-0060,60,1316,1316,76.8131389618, ,76.7567
spel2sat,False,2,pignet2-pp-minor-0061,61,1338,1338,70.3192629814, ,70.2672
spel2sat,False,2,pignet2-pp-minor-0062,62,1357,1357,70.6560380459, ,70.6121
spel2sat,False,2,pignet2-pp-minor-0064,64,1396,1396,98.4718019962, ,98.3758
spel2sat,False,2,pignet2-pp-minor-0065,65,1413,1413,70.4562180042, ,70.4266
spel2sat,False,2,pignet2-pp-minor-0066,66,1432,1432,70.1704070568, ,70.1309
spel2sat,False,2,pignet2-pp-minor-0067,67,1448,1448,80.0383880138, ,79.9549
spel2sat,False,2,pignet2-pp-minor-0068,68,1467,1467,145.208022118, ,145.1257
spel2sat,False,2,pignet2-pp-minor-0069,69,1484,1484,85.8445799351, ,85.801
spel2sat,False,2,pignet2-pp-minor-006hree,63,1377,1377,138.160353899, ,138.059
spel2sat,False,2,pignet2-pp-minor-0070,70,1495,1495,74.870500803, ,74.8422
spel2sat,False,26,pignet2-pp-minor-00hree0,30,435,435,5821.53298903, ,65.3589,49.462,49.9328,57.5693,34.3055,44.4619,48.1681,46.9445,38.0872,35.786,43.8283,86.7081,30.6549,52.7352,79.8566,40.7351,216.4602,296.7694,381.3171,63.1145,153.8674,53.4421,1208.4975,643.0717,2000.1792
spel2sat,False,25,pignet2-pp-minor-00hree1,31,465,465,5436.68501091, ,46.0563,48.9881,49.7292,38.6215,55.8359,48.5091,36.8609,36.1075,36.4322,42.6795,43.2628,50.5499,58.3412,45.3674,73.1397,61.1451,48.5328,239.3979,978.8396,60.9054,521.9873,77.6585,737.3871,2000.1889
spel2sat,False,23,pignet2-pp-minor-00hree2,32,496,496,5177.75046897, ,61.2452,50.568,41.4112,40.5768,41.2847,41.5946,42.0707,48.4458,44.2082,46.2532,46.8326,50.6657,66.2874,67.006,54.092,138.7714,172.7678,55.8031,265.1802,1027.6167,774.7159,2000.191
spel2sat,False,23,pignet2-pp-minor-00hree4,34,561,561,4374.0358901, ,55.2927,53.7777,54.0031,54.0044,55.392,54.935,55.4541,57.5382,57.8373,58.9927,59.1901,77.5331,85.1298,86.1239,106.2538,131.9368,264.0225,115.5438,79.6803,705.626,105.3912,2000.2452
spel2sat,False,24,pignet2-pp-minor-00hree5,35,595,595,5149.21694994, ,62.2806,62.6659,62.0745,62.3642,62.769,62.8021,66.488,66.1469,64.4315,64.926,91.0946,89.5601,77.7609,84.5715,138.4552,84.1376,407.0247,123.0783,370.6403,136.0051,350.7438,558.7353,2000.3005
spel2sat,False,2,pignet2-pp-minor-00hree6,36,630,630,66.4227540493, ,66.4058
spel2sat,False,2,pignet2-pp-minor-00hree7,37,664,664,68.7360579967, ,68.6959
spel2sat,False,2,pignet2-pp-minor-00hree8,38,699,699,67.8583469391, ,67.8132
spel2sat,False,2,pignet2-pp-minor-00hree9,39,733,733,71.4718630314, ,71.4176
spel2sat,False,25,pignet2-pp-minor-00hreehree,33,528,528,5304.7956171, ,45.2079,47.8288,50.9205,45.9655,45.2582,47.4448,46.2721,54.3902,59.6195,59.7806,54.2864,59.5165,70.0311,88.0515,80.2395,177.6103,203.3619,121.6704,243.4236,216.8514,223.3791,1093.6687,169.6872,2000.1945
spel2sat,False,2,pigs-pp-001,47,134,134,65.8809461594, ,65.8418
spel2sat,False,2,pigs-pp,48,137,137,74.6485478878, ,74.6138
spel2sat,True,4,Pmin,9,12,12,1.15642118454,0.2803,0.2983,0.2664,0.2948
spel2sat,True,6,Poussin,15,39,39,75.6965310574,12.1523,13.5173,13.1555,12.0089,12.409,12.4226
spel2sat,True,3,Prism,6,9,9,0.172223091125,0.0533,0.0513,0.0556
spel2sat,False,15,queen5_5,25,320,320,4141.97091913, ,11.4166,11.0146,11.1943,11.3391,11.7231,12.3469,20.1169,30.8304,65.2894,160.012,254.3307,848.3217,693.8648,2000.0942
spel2sat,False,2,queen6_6,36,580,580,61.1381549835, ,61.1261
spel2sat,False,2,queen7_7,49,952,952,72.6077320576, ,72.5704
spel2sat,False,2,queen8_8,64,1456,1456,114.156584024, ,114.1033
spel2sat,True,8,Robertson,19,38,38,1912.45754099,250.3183,198.455,206.2685,192.5653,209.9462,223.1826,270.6337,360.7851
spel2sat,False,2,ship-ship,50,114,114,70.1660420895, ,70.1569
spel2sat,True,4,ship-ship-pp-001,6,12,12,0.225650072098,0.0456,0.0504,0.0673,0.0446
spel2sat,True,8,ship-ship-pp-002,24,65,65,281.47659111,66.552,9.6414,9.2856,10.1354,10.4013,27.2139,22.0771,126.1258
spel2sat,True,4,ship-ship-pp-00hree,6,12,12,0.369978189468,0.0623,0.1523,0.0882,0.0515
spel2sat,True,8,ship-ship-pp,30,77,77,784.432146072,238.169,27.5197,27.7715,28.3166,34.7425,43.0403,156.6351,228.1938
spel2sat,False,2,ship-ship-wpp,38,91,91,100.023178101, ,99.986
spel2sat,True,9,Shrikhande,16,48,48,224.723495007,20.6644,21.3878,21.2918,21.3822,21.2759,21.4052,23.1883,29.254,44.8299
spel2sat,True,5,Sousselier,16,27,27,149.133044958,31.6625,29.0759,29.5102,29.036,29.8264
spel2sat,False,2,te,62,164,170,79.9512209892, ,79.9412
spel2sat,True,3,threex3-grid,9,12,12,0.757740020752,0.2429,0.2618,0.2407
spel2sat,True,3,threexhree-grid,9,12,12,0.805618047714,0.2519,0.306,0.2359
spel2sat,True,5,Tietze,12,18,18,11.9206562042,2.1926,2.2581,2.3232,2.2618,2.8646
spel2sat,True,5,vsd-hugin,38,62,62,53.4836339951,11.0917,7.8972,7.7244,9.6299,17.1165
spel2sat,True,4,Wagner,8,12,12,0.583273887634,0.1329,0.1351,0.114,0.1853
spel2sat,True,10,water,32,123,123,954.966287136,46.0143,28.1058,30.8797,30.2836,31.8026,41.3462,35.4957,57.0712,265.6849,388.2236
spel2sat,True,9,water-pp-001,21,94,94,2505.21656895,277.8871,282.0043,280.5819,288.3157,278.0212,280.7502,279.3473,270.0056,268.241
spel2sat,True,9,water-pp,22,96,96,3833.778198,287.5392,478.5664,476.5046,504.8637,471.1082,449.8598,385.1713,388.3868,391.711
spel2sat,True,9,water-wpp,22,96,96,3819.44556022,295.4015,471.3971,553.2795,507.0115,513.7286,431.6734,391.9232,340.0166,314.951
spel2sat,False,2,Watsin,50,75,75,76.7615602016, ,76.7537
spel2sat,True,7,weeduk,15,49,49,71.081925869,10.0163,10.0937,10.1889,10.2441,10.2698,10.1163,10.119
spel2sat,True,3,wilson-hugin,21,27,27,3.23341703415,1.0601,1.0946,1.0655
spel2sat,False,2,zeroin.i.1-pp,54,1267,1267,71.8358259201, ,71.7957
spel2sat,False,2,zeroin.i.2-pp,57,1097,1097,114.703923225, ,114.6264
spel2sat,False,2,zeroin.i.hree-pp,57,1097,1097,80.8833620548, ,80.8398
