path2sattwin,True,2,random_20_1_0,20,23,23,0.209496974945,0.2037
path2sattwin,True,2,random_20_1_1,20,15,15,0.241164922714,0.2362
path2sattwin,True,3,random_20_1_2,20,19,19,0.215566158295,0.1149,0.0906
path2sattwin,True,2,random_20_1_3,20,19,19,0.107367992401,0.1024
path2sattwin,True,4,random_20_1_4,20,25,25,0.370945930481,0.0837,0.1318,0.141
path2sattwin,True,2,random_20_1_5,20,14,14,0.117615938187,0.1117
path2sattwin,True,3,random_20_1_6,20,22,22,0.296301841736,0.1578,0.1255
path2sattwin,True,2,random_20_1_7,20,17,17,0.0916888713837,0.0862
path2sattwin,True,2,random_20_1_8,20,14,14,0.0490920543671,0.0461
path2sattwin,True,2,random_20_1_9,20,14,14,0.117136955261,0.1122
path2sattwin,True,5,random_20_2_0,20,38,38,0.474550962448,0.0957,0.113,0.1289,0.1206
path2sattwin,True,5,random_20_2_1,20,40,40,0.533519983292,0.1508,0.1006,0.128,0.136
path2sattwin,True,3,random_20_2_2,20,28,28,0.204867124557,0.0841,0.1116
path2sattwin,True,6,random_20_2_3,20,44,44,0.658640861511,0.0949,0.0964,0.1002,0.1582,0.1866
path2sattwin,True,6,random_20_2_4,20,39,39,0.708365917206,0.0978,0.0962,0.1842,0.1351,0.1712
path2sattwin,True,5,random_20_2_5,20,38,38,0.330368995667,0.0699,0.0882,0.0933,0.0656
path2sattwin,True,5,random_20_2_6,20,36,36,0.383315086365,0.1422,0.0516,0.0694,0.1059
path2sattwin,True,6,random_20_2_7,20,38,38,0.52277302742,0.0684,0.0683,0.0847,0.1286,0.1537
path2sattwin,True,6,random_20_2_8,20,42,42,0.820188999176,0.2364,0.0696,0.0814,0.1846,0.2243
path2sattwin,True,5,random_20_2_9,20,35,35,0.450917005539,0.1251,0.0589,0.0877,0.1627
path2sattwin,True,9,random_20_3_0,20,68,68,3.76193118095,0.1165,0.1391,0.1147,0.0806,0.1183,0.2277,0.8488,2.0844
path2sattwin,True,7,random_20_3_1,20,59,59,0.850625038147,0.1295,0.1021,0.0697,0.1221,0.1712,0.2334
path2sattwin,True,7,random_20_3_2,20,51,51,0.876622915268,0.142,0.1103,0.0997,0.101,0.1562,0.2406
path2sattwin,True,8,random_20_3_3,20,56,56,2.13573503494,0.1281,0.1031,0.1118,0.0781,0.2105,0.3797,1.089
path2sattwin,True,7,random_20_3_4,20,48,48,1.17380213737,0.2097,0.0989,0.0883,0.1685,0.1502,0.4305
path2sattwin,True,8,random_20_3_5,20,48,48,2.29408311844,0.0795,0.0745,0.0758,0.1035,0.2481,0.3054,1.3746
path2sattwin,True,8,random_20_3_6,20,54,54,3.11902189255,0.1131,0.1683,0.1299,0.1258,0.1787,0.328,2.0456
path2sattwin,True,8,random_20_3_7,20,60,60,1.78024888039,0.1293,0.0938,0.1518,0.125,0.1545,0.3824,0.7049
path2sattwin,True,6,random_20_3_8,20,45,45,0.494509935379,0.0398,0.0877,0.121,0.1254,0.1036
path2sattwin,True,9,random_20_3_9,20,61,61,3.67587518692,0.0622,0.1588,0.0912,0.0864,0.1116,0.1877,0.5507,2.3958
path2sattwin,True,11,random_20_4_0,20,92,92,5.45647788048,0.2146,0.1371,0.094,0.077,0.1441,0.1484,0.157,0.3208,1.0093,3.1118
path2sattwin,True,10,random_20_4_1,20,82,82,4.60175800323,0.231,0.0477,0.0611,0.1638,0.1576,0.1266,0.3522,1.0222,2.4062
path2sattwin,True,10,random_20_4_2,20,74,74,7.40866708755,0.1306,0.1076,0.0876,0.173,0.1309,0.2036,0.2917,1.2719,4.9734
path2sattwin,True,11,random_20_4_3,20,82,82,10.7980089188,0.0839,0.1698,0.104,0.1328,0.1247,0.1667,0.2374,0.5465,3.3949,5.7891
path2sattwin,True,10,random_20_4_4,20,71,71,7.67962503433,0.0852,0.1416,0.0485,0.0792,0.1095,0.2055,0.3549,1.3588,5.2588
path2sattwin,True,9,random_20_4_5,20,71,71,2.40529799461,0.1431,0.0946,0.0481,0.0789,0.1026,0.1145,0.4265,1.3694
path2sattwin,True,11,random_20_4_6,20,78,78,23.2144989967,0.0745,0.075,0.1259,0.0844,0.098,0.1994,0.2967,1.4344,4.1842,16.6018
path2sattwin,True,11,random_20_4_7,20,76,76,32.4128398895,0.1123,0.102,0.1472,0.069,0.0655,0.1349,0.5716,0.8905,3.2281,27.0501
path2sattwin,True,11,random_20_4_8,20,82,82,12.1988048553,0.1772,0.096,0.068,0.1375,0.0801,0.1111,0.2215,0.6538,2.1982,8.4177
path2sattwin,True,9,random_20_4_9,20,82,82,1.54541110992,0.1613,0.1308,0.0835,0.071,0.0681,0.1468,0.2732,0.5788
path2sattwin,True,12,random_20_5_0,20,97,97,17.1287767887,0.0656,0.144,0.0862,0.0565,0.0777,0.1572,0.1645,0.2722,1.236,3.2317,11.5935
path2sattwin,True,12,random_20_5_1,20,91,91,49.2634880543,0.1405,0.1704,0.1709,0.1673,0.1293,0.1482,0.2604,0.4618,1.9642,17.9736,27.6253
path2sattwin,True,12,random_20_5_2,20,93,93,22.7666540146,0.0717,0.192,0.0825,0.0797,0.1891,0.1337,0.1817,0.3181,1.0262,5.8957,14.5502
path2sattwin,True,12,random_20_5_3,20,103,103,23.493448019,0.1027,0.1238,0.092,0.1398,0.1294,0.1282,0.1521,0.2907,2.1853,3.4518,16.6478
path2sattwin,True,11,random_20_5_4,20,94,94,4.34543204308,0.1288,0.3072,0.0745,0.113,0.1034,0.0842,0.1647,0.3442,1.2497,1.7378
path2sattwin,True,10,random_20_5_5,20,80,80,3.77377796173,0.1829,0.0834,0.0593,0.0606,0.1078,0.1383,0.2484,0.511,2.3425
path2sattwin,True,12,random_20_5_6,20,99,99,16.6207711697,0.2419,0.0994,0.0659,0.0852,0.095,0.0959,0.2461,0.3025,0.4994,2.2533,12.5918
path2sattwin,True,11,random_20_5_7,20,103,103,7.48562097549,0.0997,0.132,0.116,0.0749,0.1189,0.1243,0.1353,0.4807,0.5726,5.5904
path2sattwin,True,11,random_20_5_8,20,89,89,18.8886518478,0.2696,0.0391,0.056,0.0805,0.0941,0.1288,0.1151,0.3258,0.7781,16.9509
path2sattwin,True,12,random_20_5_9,20,97,97,23.6401598454,0.077,0.0966,0.0417,0.0683,0.0801,0.1391,0.1906,0.3507,0.9117,3.659,17.9757
path2sattwin,True,13,random_20_6_0,20,114,114,28.1387898922,0.1399,0.0721,0.087,0.1078,0.0796,0.1056,0.154,0.2157,1.1575,2.9381,3.2246,19.7932
path2sattwin,True,12,random_20_6_1,20,107,107,14.4968059063,0.0644,0.1226,0.1097,0.0755,0.1207,0.0958,0.157,0.2772,1.2478,2.1207,10.0604
path2sattwin,True,13,random_20_6_2,20,105,105,145.389464855,0.0818,0.0934,0.0934,0.1092,0.0873,0.116,0.148,0.3663,1.5767,2.1273,8.7917,131.7468
path2sattwin,True,14,random_20_6_3,20,124,124,133.585931063,0.0839,0.0976,0.0995,0.1058,0.1034,0.0892,0.1239,0.2311,0.874,0.6054,2.5659,16.3608,112.1824
path2sattwin,True,12,random_20_6_4,20,104,104,16.255879879,0.1339,0.0468,0.0764,0.1168,0.0898,0.1547,0.2255,0.4386,0.7499,3.0449,11.1327
path2sattwin,True,13,random_20_6_5,20,115,115,42.5190219879,0.1193,0.0816,0.0541,0.0881,0.0605,0.1236,0.1517,0.3573,0.8905,2.4686,6.6371,31.4345
path2sattwin,True,13,random_20_6_6,20,112,112,44.133054018,0.0745,0.0917,0.0793,0.0602,0.0657,0.1187,0.142,0.2351,0.7798,1.3582,11.0642,30.0129
path2sattwin,True,13,random_20_6_7,20,124,124,18.1357829571,0.1307,0.0676,0.0766,0.0922,0.114,0.1554,0.2628,0.3995,0.3852,1.2694,4.8647,10.2615
path2sattwin,True,13,random_20_6_8,20,119,119,18.0931558609,0.0766,0.1151,0.1483,0.0616,0.1662,0.0968,0.1262,0.189,0.5067,0.7848,2.5994,13.1612
path2sattwin,True,13,random_20_6_9,20,110,110,60.7225198746,0.0678,0.0877,0.0834,0.1421,0.0772,0.1506,0.1738,0.33,0.6344,1.3598,5.845,51.7099
path2sattwin,True,14,random_20_7_0,20,145,145,11.8019099236,0.1376,0.0668,0.1085,0.0836,0.0685,0.0954,0.1203,0.2033,0.5953,1.3205,2.6113,1.826,4.5082
path2sattwin,True,14,random_20_7_1,20,137,137,37.4499900341,0.0767,0.0711,0.0709,0.0738,0.0626,0.0742,0.1124,0.3277,0.7366,0.8937,2.3615,2.8941,29.6387
path2sattwin,True,14,random_20_7_2,20,127,127,508.890043974,0.0773,0.0718,0.0821,0.0681,0.1057,0.1209,0.1158,0.2966,1.2057,1.7806,2.6757,35.01,467.2124
path2sattwin,True,14,random_20_7_3,20,127,127,38.8070700169,0.2894,0.15,0.0642,0.0776,0.1256,0.0778,0.116,0.2337,0.5892,1.5485,2.5572,12.1954,20.7226
path2sattwin,True,16,random_20_7_4,20,152,152,248.500056982,0.0992,0.0598,0.0682,0.0767,0.0812,0.0904,0.1091,0.2836,0.4614,1.2462,1.9716,4.0821,3.3231,42.5215,193.9463
path2sattwin,True,14,random_20_7_5,20,132,132,34.1397750378,0.1076,0.0452,0.0805,0.0991,0.0884,0.0988,0.0883,0.1434,0.5331,2.1749,2.3284,17.5228,10.7693
path2sattwin,True,14,random_20_7_6,20,129,129,42.691480875,0.0959,0.1002,0.0608,0.1162,0.1566,0.1338,0.2056,0.2769,0.8774,0.5449,1.8054,7.5981,30.6656
path2sattwin,True,14,random_20_7_7,20,130,130,128.481678963,0.2372,0.0552,0.0917,0.0676,0.0891,0.073,0.2187,0.194,0.6222,3.4562,20.4879,7.2674,95.5557
path2sattwin,True,15,random_20_7_8,20,143,143,67.649061203,0.0742,0.0533,0.0692,0.0636,0.1405,0.1184,0.1177,0.2098,0.3752,0.831,3.5708,5.495,13.2253,43.2331
path2sattwin,True,15,random_20_7_9,20,139,139,168.641092062,0.0921,0.0553,0.096,0.1436,0.0789,0.0803,0.1237,0.2199,0.7115,2.1694,1.924,12.442,19.018,131.42
path2sattwin,True,15,random_20_8_0,20,154,154,30.2015008926,0.1444,0.1525,0.0585,0.0636,0.0693,0.0792,0.1329,0.1815,0.5924,0.3563,2.152,6.5205,5.8167,13.8091
path2sattwin,True,16,random_20_8_1,20,155,155,305.036933899,0.0829,0.0848,0.1247,0.1391,0.0831,0.0804,0.1165,0.2641,0.3837,0.8066,1.4847,4.3718,17.9604,11.6751,267.3028
path2sattwin,True,15,random_20_8_2,20,147,147,80.0375919342,0.0891,0.0823,0.0631,0.0888,0.0631,0.083,0.1103,0.1519,0.3175,0.7343,0.8556,9.432,4.5538,63.3078
path2sattwin,True,15,random_20_8_3,20,152,152,54.6378109455,0.236,0.088,0.0542,0.0568,0.0635,0.0776,0.1041,0.1103,0.3412,0.5837,4.0173,3.4305,3.8783,41.5208
path2sattwin,True,15,random_20_8_4,20,150,150,27.1731491089,0.1385,0.0562,0.0665,0.0603,0.0838,0.1262,0.1168,0.233,0.2448,0.8143,0.7221,4.9944,6.3136,13.1354
path2sattwin,True,15,random_20_8_5,20,147,147,56.8858091831,0.0853,0.0671,0.0562,0.0733,0.0974,0.0957,0.141,0.1388,0.396,0.5828,1.4428,9.4158,5.9576,38.2692
path2sattwin,True,15,random_20_8_6,20,151,151,34.0214269161,0.0985,0.0873,0.1116,0.0749,0.0836,0.0673,0.1788,0.2569,0.4207,2.2723,1.8224,4.8133,9.0257,14.6364
path2sattwin,True,15,random_20_8_7,20,155,155,58.8200268745,0.136,0.0572,0.0922,0.0891,0.0926,0.0903,0.1094,0.2627,0.2549,1.4434,2.4442,10.0533,10.1939,33.4428
path2sattwin,True,16,random_20_8_8,20,161,161,63.4707040787,0.2674,0.1113,0.0654,0.0709,0.1138,0.1143,0.1233,0.1071,0.19,0.2905,1.8075,2.589,4.6605,12.1169,40.7492
path2sattwin,True,15,random_20_8_9,20,156,156,71.0592939854,0.1634,0.0595,0.0663,0.0717,0.0936,0.1171,0.1116,0.2178,0.2655,1.1864,1.3629,2.8559,3.2261,61.1933
path2sattwin,True,16,random_20_9_0,20,172,172,4.24172711372,0.0913,0.0599,0.0565,0.056,0.0674,0.0765,0.0719,0.0732,0.104,0.1203,0.151,0.1528,0.275,1.0537,1.7616
path2sattwin,True,16,random_20_9_1,20,169,169,6.67826604843,0.1429,0.0742,0.0534,0.0801,0.0953,0.0735,0.0779,0.0976,0.1301,0.0955,0.1785,0.3389,1.1306,1.2207,2.813
path2sattwin,True,17,random_20_9_2,20,178,178,3.00812196732,0.067,0.0769,0.0558,0.0741,0.0883,0.081,0.0834,0.0913,0.1042,0.0815,0.0989,0.1616,0.1689,0.3265,0.3376,1.0248
path2sattwin,True,17,random_20_9_3,20,170,170,66.0152978897,0.0891,0.0787,0.08,0.1116,0.0832,0.0624,0.1051,0.0925,0.1161,0.2008,0.2102,1.0406,2.242,4.5435,11.1541,45.7266
path2sattwin,True,17,random_20_9_4,20,182,182,1.31601786613,0.0844,0.0848,0.0769,0.0601,0.0558,0.0607,0.0868,0.0765,0.0754,0.0818,0.0784,0.0851,0.0723,0.0803,0.082,0.087
path2sattwin,True,16,random_20_9_5,20,171,171,14.3777251244,0.0976,0.0761,0.0706,0.0672,0.0714,0.0685,0.0846,0.1035,0.1208,0.2057,0.3895,0.961,2.0927,5.1028,4.7959
path2sattwin,True,16,random_20_9_6,20,169,169,9.43441605568,0.0949,0.0619,0.0853,0.0653,0.0714,0.0774,0.0881,0.0879,0.106,0.1413,0.2371,0.4042,0.8587,1.6619,5.3105
path2sattwin,True,16,random_20_9_7,20,177,177,1.32341003418,0.111,0.0681,0.0618,0.0666,0.0527,0.0669,0.0622,0.0696,0.0843,0.0863,0.0806,0.0918,0.0985,0.1245,0.1219
path2sattwin,True,17,random_20_9_8,20,172,172,8.47979307175,0.0915,0.0791,0.0574,0.0769,0.0687,0.1035,0.095,0.0886,0.0907,0.1069,0.1599,0.2192,0.5541,2.0617,1.9014,2.6501
path2sattwin,True,16,random_20_9_9,20,167,167,39.1171438694,0.0939,0.0748,0.0739,0.0681,0.0745,0.0742,0.1157,0.1588,0.3259,0.621,1.3934,2.1818,10.6916,7.6781,15.4179
path2sattwin,True,10,random_40_1_0,40,86,86,152.127543926,11.0182,0.1731,0.1997,0.335,0.3254,0.9624,5.2048,22.6708,111.1904
path2sattwin,True,8,random_40_1_1,40,75,75,12.4695420265,3.1477,0.1437,0.1857,0.2481,0.5196,1.249,6.9453
path2sattwin,True,11,random_40_1_2,40,86,86,962.301435947,10.9861,0.1556,0.1949,0.2535,0.4346,0.9605,3.6687,20.8565,80.6647,844.0827
path2sattwin,True,9,random_40_1_3,40,79,79,44.2154061794,0.4701,0.1418,0.1722,0.2935,0.383,1.4767,8.2763,32.9657
path2sattwin,True,9,random_40_1_4,40,82,82,32.0196731091,2.2433,0.1626,0.1784,0.2042,0.6717,1.2243,4.7002,22.5952
path2sattwin,True,8,random_40_1_5,40,69,69,19.5017130375,0.7578,0.1436,0.2069,0.3512,0.9771,3.9495,13.0826
path2sattwin,True,8,random_40_1_6,40,65,65,27.5203359127,0.8649,0.1333,0.1713,0.2954,0.8434,2.3756,22.7914
path2sattwin,True,9,random_40_1_7,40,74,74,30.245486021,0.6499,0.1557,0.1763,0.2496,0.3648,1.249,5.9924,21.3671
path2sattwin,True,6,random_40_1_8,40,54,54,5.27697610855,0.2277,0.1607,0.2286,0.3025,4.3346
path2sattwin,True,9,random_40_1_9,40,80,80,18.4388980865,0.4503,0.1732,0.1929,0.2201,0.5929,1.2849,2.4852,13.0021
path2sattwin,False,15,random_40_2_0,40,163,163,4202.80545592, ,0.1721,0.1899,0.2109,0.223,0.4099,0.5788,1.3676,4.3869,26.6452,38.8184,205.7399,1923.954,2000.0375
path2sattwin,False,16,random_40_2_1,40,177,177,4166.14790511, ,0.1464,0.1836,0.1827,0.2389,0.2942,0.4505,0.6337,3.1781,5.0869,50.5231,89.5854,424.3024,1591.2288,2000.0406
path2sattwin,False,15,random_40_2_2,40,163,163,2921.44220901, ,0.1606,0.1795,0.2114,0.2511,0.4307,1.0271,2.1746,3.5764,15.7836,49.3179,229.335,618.8881,2000.0355
path2sattwin,False,15,random_40_2_3,40,165,165,3186.76802588, ,0.163,0.1716,0.1971,0.2386,0.3342,0.5287,1.6726,4.456,9.8573,39.9287,237.8773,891.2416,2000.0369
path2sattwin,False,15,random_40_2_4,40,164,164,3546.985852, ,0.3389,0.3044,0.3537,0.5789,0.568,0.8173,1.9099,3.4604,13.1356,34.872,343.4362,1147.0389,2000.042
path2sattwin,False,15,random_40_2_5,40,170,170,2627.27615595, ,0.1739,0.1921,0.2023,0.2616,0.306,0.5473,0.6838,3.4904,7.9809,54.412,174.0341,384.883,2000.0416
path2sattwin,False,15,random_40_2_6,40,162,162,3465.67268896, ,0.1661,0.1762,0.2122,0.2673,0.382,0.5324,1.8167,4.7479,11.9603,80.826,393.2355,971.2391,2000.0431
path2sattwin,False,15,random_40_2_7,40,150,150,3980.89263511, ,0.1662,0.1945,0.2148,0.2727,0.3826,0.6992,3.3969,4.1852,24.4565,107.0082,346.4913,1493.3008,2000.045
path2sattwin,False,15,random_40_2_8,40,158,158,3007.42972207, ,0.3125,0.3174,0.245,0.3521,0.8598,2.1149,2.8486,3.6937,11.8545,35.0323,181.8414,767.8522,2000.041
path2sattwin,False,15,random_40_2_9,40,150,150,2921.27102208, ,0.1581,0.203,0.2668,0.26,0.4586,0.8895,1.0824,4.7811,18.5857,40.4103,382.2718,471.7954,2000.0344
path2sattwin,False,17,random_40_3_0,40,255,255,3378.85806584, ,0.1643,0.1946,0.219,0.2675,0.3244,0.4851,1.0057,1.6474,2.4079,3.6487,8.1556,26.1811,54.1839,1279.8573,2000.0432
path2sattwin,False,18,random_40_3_1,40,226,226,5811.02825499, ,0.1571,0.1799,0.2035,0.2438,0.2642,0.3617,0.5072,1.0876,2.8403,15.8734,21.1089,69.9499,844.3891,1408.5342,1445.2109,2000.0366
path2sattwin,False,17,random_40_3_2,40,219,219,4817.60142899, ,0.1643,0.1984,0.2287,0.265,0.3169,0.5108,1.0599,3.755,2.6868,8.4656,30.834,77.6152,762.2233,1929.1569,2000.0412
path2sattwin,False,17,random_40_3_3,40,224,224,4322.2393589, ,0.1712,0.1995,0.2133,0.2482,0.3273,0.4529,1.3817,1.6516,6.2021,9.9572,22.715,172.4791,379.5552,1726.5524,2000.0497
path2sattwin,False,16,random_40_3_4,40,222,222,2529.08807206, ,0.1617,0.178,0.2161,0.2379,0.3303,0.4164,0.8252,2.2241,5.8698,26.459,31.5347,146.1067,314.3923,2000.0603
path2sattwin,False,17,random_40_3_5,40,224,224,4252.92599702, ,0.1477,0.161,0.1834,0.2473,0.2683,0.3594,0.771,1.4456,4.021,6.9621,52.4889,159.8819,700.8638,1325.0202,2000.0325
path2sattwin,False,17,random_40_3_6,40,219,219,4158.52017403, ,0.1521,0.1736,0.1785,0.1906,0.2924,0.4212,0.8648,1.6541,2.6291,7.0778,12.03,84.7173,225.0755,1822.9506,2000.0416
path2sattwin,False,17,random_40_3_7,40,246,246,2967.6847229, ,0.1634,0.1861,0.2317,0.247,0.3133,0.4411,0.9028,1.0861,3.4578,5.3055,8.6126,57.0637,123.2818,766.2866,2000.0328
path2sattwin,False,17,random_40_3_8,40,240,240,4257.47189593, ,0.1525,0.1672,0.207,0.2279,0.2671,0.3775,0.8375,1.5668,2.8797,3.9858,39.2457,129.5333,289.8711,1788.0371,2000.0468
path2sattwin,False,18,random_40_3_9,40,264,264,3340.05874991, ,0.1804,0.2008,0.2144,0.2677,0.4437,0.7905,0.7829,1.5816,1.5817,3.3502,6.8815,44.8427,66.7423,231.5666,980.516,2000.0416
path2sattwin,False,20,random_40_4_0,40,336,336,4333.71274304, ,0.1812,0.1841,0.2131,0.2514,0.3171,0.5212,0.6507,1.5435,1.0886,9.1377,12.4395,9.8843,68.5045,38.8048,176.7873,286.9853,1726.0757,2000.0514
path2sattwin,False,18,random_40_4_1,40,301,301,2669.98435307, ,0.1618,0.1897,0.1815,0.2053,0.3004,0.423,0.7659,1.1824,1.5619,2.8109,5.9714,42.6919,39.6669,160.4457,413.3156,2000.0357
path2sattwin,False,19,random_40_4_2,40,302,302,4288.74335504, ,0.1718,0.1878,0.2179,0.2715,0.2882,0.4264,0.6216,1.5439,2.2192,5.1199,6.2285,30.0696,72.4053,139.0979,414.3059,1615.4219,2000.0458
path2sattwin,False,18,random_40_4_3,40,300,300,2692.29839015, ,0.1793,0.1877,0.2072,0.2558,0.3462,0.519,0.765,1.6815,2.5531,5.8243,10.6765,29.9717,50.253,83.8333,504.8984,2000.0464
path2sattwin,False,18,random_40_4_4,40,289,289,3168.8886981, ,0.1815,0.1994,0.2283,0.2432,0.3435,0.399,0.6022,1.052,2.362,5.3265,5.6827,24.4942,39.5619,292.7675,795.3144,2000.0465
path2sattwin,False,19,random_40_4_5,40,308,308,3194.26905084, ,0.1756,0.1853,0.2076,0.2521,0.3154,0.3403,0.7834,0.9698,2.66,3.6301,5.2945,32.2484,76.921,118.0167,307.5597,644.573,2000.0467
path2sattwin,False,19,random_40_4_6,40,311,311,2833.03595805, ,0.183,0.2018,0.2186,0.2728,0.3595,0.5446,0.7643,0.8606,2.7201,3.6177,8.397,19.3921,59.8286,155.4273,188.6478,391.4591,2000.0395
path2sattwin,False,19,random_40_4_7,40,314,314,3592.38537192, ,0.1714,0.1885,0.2036,0.2283,0.3044,0.5513,0.5837,1.0592,2.0962,8.1127,14.7169,23.3496,24.5967,212.0585,326.9671,977.0631,2000.0427
path2sattwin,False,19,random_40_4_8,40,316,316,3100.46460891, ,0.1739,0.2013,0.2423,0.2486,0.3812,0.4316,0.611,0.933,1.4765,2.8502,9.5111,9.7297,17.5587,107.3505,212.4498,736.1875,2000.0377
path2sattwin,False,19,random_40_4_9,40,321,321,2952.33908606, ,0.1754,0.1987,0.2124,0.2432,0.2906,0.4245,0.6566,1.0798,2.8118,3.0859,7.423,10.1318,40.9221,114.0524,158.6841,611.8289,2000.0385
path2sattwin,False,22,random_40_5_0,40,389,389,5463.49343705, ,0.2019,0.2036,0.2071,0.2464,0.2788,0.4789,0.5593,1.1566,1.4524,3.2976,5.6212,14.6444,16.2414,30.3509,95.1203,313.9841,1150.9467,511.3841,1316.9654,2000.0409
path2sattwin,False,23,random_40_5_1,40,401,401,6555.52694392, ,0.1881,0.1922,0.2029,0.2333,0.3374,0.3646,0.8035,1.3819,3.5657,4.0935,4.3653,15.7314,22.8375,91.5095,146.4719,240.6737,822.2684,401.5325,969.0797,1829.5382,2000.0486
path2sattwin,False,21,random_40_5_2,40,399,399,3484.5175581, ,0.1834,0.204,0.2153,0.2441,0.3017,0.3873,0.5515,0.8331,2.2719,3.4259,6.9204,53.5017,17.8598,146.2741,57.5969,170.5395,361.0182,662.0429,2000.0516
path2sattwin,False,21,random_40_5_3,40,377,377,4792.93781614, ,0.1879,0.1959,0.2006,0.2419,0.2524,0.4111,0.6008,2.3567,2.954,2.3389,4.4594,6.1091,31.7108,37.5021,89.4753,403.762,739.7957,1470.219,2000.0684
path2sattwin,False,21,random_40_5_4,40,379,379,4091.45634794, ,0.1714,0.1876,0.1999,0.2175,0.2953,0.3654,0.6069,1.3423,3.3055,2.3399,6.1632,10.7559,32.6915,195.5829,108.9208,277.8557,406.8975,1043.4284,2000.0468
path2sattwin,False,20,random_40_5_5,40,421,421,3828.03008413, ,0.2114,0.213,0.2386,0.2594,0.331,0.3999,0.5801,2.0403,2.6529,6.0612,3.8372,10.1128,13.4386,245.4412,241.0345,1050.4847,250.5413,2000.0457
path2sattwin,False,21,random_40_5_6,40,404,404,3535.2970562, ,0.1913,0.2088,0.2157,0.2806,0.3382,0.4109,0.6706,1.1385,1.65,2.406,3.8615,8.6286,48.6097,35.0838,69.7761,191.875,331.0458,838.758,2000.0447
path2sattwin,False,22,random_40_5_7,40,412,412,5339.31557894, ,0.1886,0.2117,0.2245,0.2744,0.3852,0.4312,0.6479,1.7869,3.9791,2.2564,5.0159,15.2458,10.477,71.094,172.4593,259.8944,141.9327,1108.5522,1544.1071,2000.0443
path2sattwin,False,21,random_40_5_8,40,393,393,4030.14426994, ,0.1832,0.1996,0.2084,0.2342,0.2784,0.3971,0.6265,1.392,2.524,3.4563,12.2648,9.0851,30.0485,39.3969,87.254,135.8302,422.437,1284.1845,2000.0488
path2sattwin,False,22,random_40_5_9,40,401,401,6321.34150791, ,0.1951,0.1842,0.2053,0.248,0.2859,0.356,0.5746,1.4984,4.2395,3.5945,5.5312,11.6698,25.0925,80.4059,76.3061,237.6654,855.4029,1217.3418,1800.3908,2000.0447
path2sattwin,False,23,random_40_6_0,40,476,476,6133.66854405, ,0.194,0.221,0.2241,0.2657,0.3425,0.4274,0.8872,1.1577,2.581,2.6424,7.9605,7.7113,13.5702,15.7017,58.6874,417.8433,344.0344,1153.9398,1464.7982,640.3093,2000.0464
path2sattwin,False,22,random_40_6_1,40,477,477,5257.40210295, ,0.2027,0.2204,0.2336,0.236,0.3239,0.3862,0.4915,1.7915,2.8181,4.5402,8.9043,15.3453,9.8687,51.9421,72.2818,630.7713,1098.946,640.7703,717.1743,2000.0554
path2sattwin,False,22,random_40_6_2,40,443,443,6471.75465512, ,0.2216,0.2033,0.2445,0.2481,0.2676,0.4228,0.6928,1.7553,3.3834,2.6766,24.5816,12.3557,45.8248,111.4031,423.3709,234.3634,1237.236,1430.9497,941.4051,2000.0417
path2sattwin,False,23,random_40_6_3,40,489,489,5571.66774702, ,0.1759,0.1963,0.2087,0.2323,0.2424,0.3838,0.4835,1.1534,1.6893,4.0711,9.7316,8.4492,5.9609,21.1013,36.0127,458.4742,351.8129,221.4345,1181.7321,1267.9524,2000.0619
path2sattwin,False,23,random_40_6_4,40,449,449,7299.03559089, ,0.1754,0.2148,0.2231,0.2495,0.3429,0.4916,0.6851,1.3297,4.6643,4.8891,4.3648,7.2773,30.2694,42.5818,94.3094,1347.1108,197.1423,339.3412,1361.7061,1861.5004,2000.0476
path2sattwin,False,22,random_40_6_5,40,444,444,4934.76680398, ,0.2111,0.2079,0.218,0.242,0.331,0.4716,0.5023,0.8932,1.8208,5.2827,7.6365,10.5108,37.7468,31.8822,163.0017,152.1762,257.6549,318.5339,1945.2866,2000.0481
path2sattwin,False,23,random_40_6_6,40,459,459,4898.31386805, ,0.1991,0.2155,0.224,0.2533,0.3015,0.4554,0.6193,0.9717,2.6852,2.8977,4.2477,19.0336,10.6615,81.2764,184.0681,157.8624,162.9421,474.7914,885.0327,909.4173,2000.0539
path2sattwin,False,22,random_40_6_7,40,446,446,3530.13699698, ,0.1876,0.2144,0.2252,0.2534,0.3205,0.3552,0.7858,1.3623,3.755,3.1224,6.6789,10.9701,50.4722,26.5205,84.3637,156.0821,279.0652,182.0079,723.2132,2000.0717
path2sattwin,False,24,random_40_6_8,40,475,475,7014.24877, ,0.2051,0.2198,0.2353,0.2775,0.3324,0.5105,0.7382,1.1691,4.7302,11.9738,6.6337,11.041,12.4323,169.2258,77.7,297.1507,593.1665,519.9503,872.3146,1455.5086,978.548,2000.054
path2sattwin,False,24,random_40_6_9,40,468,468,6774.34771895, ,0.1914,0.2053,0.2119,0.2726,0.326,0.3844,0.6466,1.6,5.5932,2.4662,4.5161,13.5421,37.0633,98.4106,416.5745,203.9267,228.5177,379.5311,1069.9614,830.4802,1479.7485,2000.0534
path2sattwin,False,23,random_40_7_0,40,547,547,7066.780581, ,0.2045,0.2185,0.2314,0.2755,0.3103,0.3883,0.5922,0.5708,3.2725,3.7533,5.6836,11.3855,63.5289,64.2833,346.9146,682.3628,494.5027,653.9693,919.421,1814.7449,2000.0393
path2sattwin,False,23,random_40_7_1,40,534,534,6020.71490908, ,0.1911,0.2177,0.2162,0.2674,0.3016,0.4794,0.7048,1.0977,1.4495,2.8947,9.8151,7.9652,45.0985,21.9943,127.6962,238.0354,935.0532,873.8992,1037.1568,716.0324,2000.0424
path2sattwin,False,23,random_40_7_2,40,567,567,7515.57955599, ,0.2069,0.2561,0.2481,0.2858,0.3076,0.3801,0.5693,0.9087,1.418,4.282,4.0908,18.1902,18.9352,78.6599,41.1923,85.2291,326.1801,1478.3154,1661.3723,1794.3705,2000.069
path2sattwin,False,24,random_40_7_3,40,561,561,7424.54276204, ,0.2075,0.218,0.2337,0.2637,0.3283,0.4544,0.7022,1.0125,3.8299,3.3848,8.8955,23.3219,21.9654,50.9977,141.729,659.2111,1632.6279,814.7152,779.985,389.6494,890.6401,2000.0433
path2sattwin,False,24,random_40_7_4,40,568,568,7632.16306305, ,0.2325,0.2294,0.2267,0.2551,0.327,0.3553,0.495,0.8641,1.3388,1.3538,7.0974,4.592,53.9888,68.4084,409.0066,277.2605,811.146,692.3563,1412.801,637.9918,1251.6662,2000.0424
path2sattwin,False,23,random_40_7_5,40,515,515,5460.72979712, ,0.1944,0.2091,0.2293,0.2681,0.3144,0.4058,0.4793,1.0507,2.2469,3.6227,5.7531,11.091,47.0824,56.1649,208.2314,653.0755,798.572,361.8111,631.7768,677.9753,2000.0423
path2sattwin,False,21,random_40_7_6,40,565,565,4929.79863906, ,0.2141,0.2266,0.2239,0.2584,0.2781,0.4685,0.6432,0.5169,1.2038,4.4834,4.768,15.4324,12.9073,96.3275,64.4135,503.003,1017.6092,1206.6882,2000.0402
path2sattwin,False,24,random_40_7_7,40,557,557,7073.56211686, ,0.2211,0.2242,0.241,0.2943,0.3436,0.3781,0.6101,1.7496,2.138,2.0634,9.4993,40.5166,31.4038,74.3024,165.692,250.9337,258.8418,367.7243,1003.0772,1873.4615,989.6695,2000.0482
path2sattwin,False,23,random_40_7_8,40,540,540,4658.89904785, ,0.2193,0.2204,0.2354,0.2744,0.3492,0.3659,0.5098,0.8842,1.7734,3.1445,4.0132,5.5302,8.0186,68.61,127.9623,285.2199,423.2137,654.7875,432.9636,640.4023,2000.0706
path2sattwin,False,23,random_40_7_9,40,553,553,6543.50817895, ,0.2165,0.2277,0.2378,0.2799,0.3511,0.4151,0.5132,1.0592,1.4353,3.7265,9.8379,12.6983,17.0337,58.7757,85.9356,217.0677,1384.6089,562.3397,571.8002,1614.7682,2000.0466
path2sattwin,False,21,random_40_8_0,40,631,631,3761.91708302, ,0.2231,0.2352,0.2517,0.2703,0.3056,0.4499,0.6518,0.9819,1.0845,2.7108,4.1086,4.9626,4.4695,19.5104,25.8586,44.2291,1454.4869,196.9899,2000.0477
path2sattwin,False,22,random_40_8_1,40,622,622,4751.0396018, ,0.21,0.2336,0.2525,0.2763,0.292,0.361,0.5132,0.6143,1.4087,3.4873,4.1977,5.9845,26.7286,26.7127,46.1694,79.8885,755.5775,558.7556,1239.223,2000.0423
path2sattwin,False,21,random_40_8_2,40,611,611,2934.93570805, ,0.2073,0.2251,0.2396,0.2781,0.3044,0.3598,0.4138,0.8715,0.8589,3.7857,4.8693,10.3309,7.3444,51.3277,22.2647,100.8585,401.2476,329.0136,2000.0431
path2sattwin,False,21,random_40_8_3,40,636,636,4060.72437882, ,0.2483,0.2447,0.2507,0.258,0.3229,0.3983,0.4643,0.8002,1.6375,2.0299,3.8879,9.8783,10.2495,93.5704,267.0003,20.9532,1078.2822,570.1215,2000.0378
path2sattwin,False,21,random_40_8_4,40,625,625,5831.05482221, ,0.1993,0.2355,0.2464,0.2606,0.2865,0.4122,0.5353,1.2276,0.7397,4.3158,6.3281,5.6668,13.5769,29.7903,206.2768,167.976,1650.6371,1742.1872,2000.0522
path2sattwin,False,20,random_40_8_5,40,624,624,3650.58023095, ,0.2147,0.2335,0.2483,0.2916,0.2978,0.3547,0.5645,0.7484,1.5565,1.4124,2.1263,10.8338,93.1339,14.2426,97.1205,299.0959,1127.9742,2000.0348
path2sattwin,False,22,random_40_8_6,40,633,633,3881.27241302, ,0.2192,0.2233,0.2457,0.2802,0.3095,0.2981,0.4682,1.0652,2.1192,3.9714,5.5155,3.9199,17.1001,11.8976,83.8122,82.4746,302.6509,282.9319,1081.6427,2000.0335
path2sattwin,False,23,random_40_8_7,40,626,626,7567.76465201, ,0.223,0.234,0.2401,0.2809,0.3087,0.3817,0.4252,0.9324,2.0581,5.7329,4.5478,11.9544,31.7368,78.5008,282.6088,156.0181,519.1848,1344.3061,1397.5156,1730.3974,2000.043
path2sattwin,False,23,random_40_8_8,40,629,629,7249.98527288, ,0.2194,0.2361,0.249,0.2906,0.3679,0.4609,0.8623,0.8571,1.1626,2.4378,4.2151,29.173,18.1763,16.6816,591.4896,408.6768,533.9747,1326.4382,1027.848,1286.0164,2000.0349
path2sattwin,False,20,random_40_8_9,40,612,612,3605.24958301, ,0.2274,0.247,0.2433,0.2741,0.3395,0.3628,0.7022,0.7325,1.3381,2.5423,2.9958,11.5577,40.1028,85.4481,23.6341,406.4568,1027.8808,2000.0548
path2sattwin,False,25,random_40_9_0,40,714,714,4366.74914098, ,0.2431,0.2592,0.2693,0.3008,0.3516,0.4064,0.6312,0.6376,1.246,2.1615,3.8643,7.0005,8.376,11.6133,7.0736,58.3436,46.0496,161.0327,265.2715,430.494,594.5931,766.3516,2000.0549
path2sattwin,False,28,random_40_9_1,40,713,713,5823.33940291, ,0.2313,0.2437,0.2636,0.2629,0.2882,0.2969,0.358,0.4171,0.4902,0.6181,1.0244,3.2297,3.2494,3.3785,4.4012,8.5618,21.4135,25.4459,160.3813,110.6297,255.1107,236.9857,837.4063,994.2916,1154.164,2000.0561
path2sattwin,False,24,random_40_9_2,40,694,694,6287.70467496, ,0.2572,0.2388,0.2536,0.2783,0.3145,0.3848,0.6825,0.8181,1.1325,1.4721,3.2019,3.846,7.9373,21.4443,14.505,206.7022,118.1911,332.6947,1128.1009,730.7083,1714.3586,2000.0538
path2sattwin,False,25,random_40_9_3,40,709,709,4394.7132051, ,0.2446,0.2535,0.2691,0.2916,0.3347,0.3131,0.3815,0.5076,0.7642,0.8815,2.0869,2.1549,4.592,12.5802,11.3621,12.4777,27.3784,14.7291,203.2512,566.7265,1133.9583,399.0018,2000.045
path2sattwin,False,26,random_40_9_4,40,711,711,7210.70740914, ,0.2191,0.2352,0.2351,0.2494,0.2909,0.3153,0.352,0.4089,0.6674,1.0833,1.5123,5.5571,3.0875,13.6467,22.6892,18.5983,200.2064,320.6201,176.5227,661.3966,1663.2044,1396.876,722.5717,2000.0408
path2sattwin,False,23,random_40_9_5,40,694,694,3358.51217389, ,0.2337,0.2365,0.2844,0.281,0.3248,0.3596,0.4587,0.8076,1.1218,1.3944,3.5093,14.3289,16.7371,11.5399,13.7736,44.2285,67.1925,114.2997,605.9318,461.2979,2000.0415
path2sattwin,False,24,random_40_9_6,40,704,704,3569.637429, ,0.2452,0.248,0.2663,0.2794,0.3268,0.3788,0.4511,0.5947,1.4129,2.2141,6.2122,3.163,14.0475,34.6269,22.114,144.4665,79.6556,164.4723,161.3792,297.69,635.2282,2000.0435
path2sattwin,False,25,random_40_9_7,40,705,705,5269.13150692, ,0.2245,0.2282,0.2361,0.2634,0.2797,0.3398,0.3812,0.4653,1.0091,2.2105,3.7181,4.2983,18.1464,11.5652,6.7258,20.7146,57.6587,179.746,636.5307,488.2158,1107.1229,728.8973,2000.0422
path2sattwin,False,24,random_40_9_8,40,697,697,5489.48196697, ,0.2283,0.2354,0.2525,0.2661,0.3231,0.373,0.4413,0.7425,1.335,3.3007,5.7515,3.2785,6.1369,4.9395,26.0464,29.677,168.6285,179.6764,240.4914,1401.6469,1415.5255,2000.0629
path2sattwin,False,25,random_40_9_9,40,704,704,5664.55827904, ,0.2339,0.2453,0.2469,0.3134,0.348,0.4099,0.5229,0.7452,0.8505,2.5261,0.9169,6.9992,27.5886,10.1975,141.0609,98.7914,108.4415,213.7977,584.6753,464.6504,473.8722,1526.9531,2000.0487
path2sattwin,False,14,random_60_1_0,60,166,166,4370.36915803, ,0.4508,0.4992,0.5717,0.7389,1.3523,2.7146,8.6813,36.1541,106.9599,389.9287,1822.2098,2000.0461
path2sattwin,False,13,random_60_1_1,60,156,156,2421.74807405, ,0.4338,0.4916,0.6362,0.9473,1.6418,2.7075,6.8074,25.5333,104.932,277.4908,2000.0415
path2sattwin,False,14,random_60_1_2,60,176,176,3736.29693294, ,0.4374,0.469,0.5482,0.8398,2.2238,3.0285,6.9812,46.5019,73.9626,747.616,853.588,2000.0345
path2sattwin,False,13,random_60_1_3,60,162,162,2490.75497198, ,0.4045,0.4706,0.6224,0.5953,1.8061,3.6775,11.0413,49.9063,78.8582,343.26,2000.0479
path2sattwin,False,13,random_60_1_4,60,165,165,2259.03051996, ,0.5279,1.1623,1.3533,1.5372,1.9317,1.9772,6.5728,18.9228,61.0459,163.8978,2000.0362
path2sattwin,False,14,random_60_1_5,60,194,194,3182.04528594, ,0.4117,0.5368,0.5483,0.7976,0.9615,2.2648,6.1139,12.2543,40.2584,246.674,871.1051,2000.0564
path2sattwin,False,13,random_60_1_6,60,149,149,3164.89902711, ,0.5228,0.6319,0.69,1.2194,2.2156,3.0392,10.0194,52.3723,298.7654,795.2994,2000.0644
path2sattwin,False,14,random_60_1_7,60,167,167,3949.98893785, ,0.4197,0.5113,0.5426,0.7922,1.2618,2.1421,6.5484,39.3139,92.4686,371.0014,1434.8814,2000.0448
path2sattwin,False,13,random_60_1_8,60,172,172,2726.03881502, ,1.0898,1.334,1.2133,1.0032,1.8048,4.88,8.5953,29.3563,152.9907,523.6832,2000.04
path2sattwin,False,14,random_60_1_9,60,179,179,3633.46686482, ,1.2447,1.4746,1.9042,1.9859,3.6135,4.2755,7.6098,22.8958,103.7224,269.6325,1214.9841,2000.0375
path2sattwin,False,18,random_60_2_0,60,367,367,4702.52585602, ,0.4734,0.5241,0.5747,0.6713,0.8097,1.3055,2.7983,2.4032,5.9547,11.3193,30.6217,59.1962,145.8026,550.8014,1889.1381,2000.0476
path2sattwin,False,17,random_60_2_1,60,362,362,2652.31112003, ,0.467,0.538,0.5596,0.6742,0.7987,1.1149,1.8772,3.5234,5.9046,13.3122,24.6518,82.4627,166.7789,349.518,2000.0413
path2sattwin,False,17,random_60_2_2,60,362,362,3567.81310415, ,0.5173,0.5563,0.6148,0.6546,0.9548,1.3946,1.6897,2.8268,9.2604,16.5588,41.0965,63.8778,370.0219,1057.6684,2000.0404
path2sattwin,False,17,random_60_2_3,60,367,367,3145.261163, ,0.4878,0.5345,0.5628,0.6824,0.7782,1.1655,2.072,3.724,4.7022,8.4716,18.5068,85.1405,226.7597,791.5618,2000.0355
path2sattwin,False,17,random_60_2_4,60,348,348,3014.94601107, ,0.4511,0.4908,0.5685,0.685,1.0035,1.2905,1.7584,3.3758,5.7805,8.1484,20.3797,63.8066,176.4747,730.6107,2000.0441
path2sattwin,False,18,random_60_2_5,60,364,364,3922.62893105, ,0.8762,0.7536,1.3073,1.544,2.0053,2.7151,2.8934,5.1348,10.8444,11.0683,15.0779,106.1644,123.0024,624.794,1014.2766,2000.041
path2sattwin,False,17,random_60_2_6,60,379,379,2802.21021891, ,0.4658,0.5077,0.546,0.6247,0.8938,1.0046,1.328,2.6509,4.9539,13.28,20.2455,43.0148,185.9897,526.585,2000.0434
path2sattwin,False,17,random_60_2_7,60,367,367,3317.19297099, ,0.4905,0.503,0.5471,0.6831,0.8014,1.5021,2.3691,3.0318,6.9338,12.5145,16.0142,89.4592,199.2451,982.9667,2000.0489
path2sattwin,False,18,random_60_2_8,60,364,364,5093.56925392, ,0.463,0.5644,0.5303,0.7067,0.904,0.9747,2.6069,1.81,4.5103,5.9118,21.0212,64.6555,192.4227,1131.4113,1664.9298,2000.0456
path2sattwin,False,18,random_60_2_9,60,373,373,5092.23397899, ,0.4752,0.5223,0.5402,0.6421,0.677,1.0857,2.1438,2.3062,6.3165,8.7373,16.7746,23.8555,519.6178,589.5344,1918.8589,2000.0381
path2sattwin,False,21,random_60_3_0,60,522,522,4079.48028684, ,0.5113,0.555,0.618,0.6247,0.7544,1.03,1.4646,1.9367,5.5057,6.3588,16.199,25.1476,56.2061,85.4503,176.8584,374.7873,422.7479,902.5932,2000.0386
path2sattwin,False,20,random_60_3_1,60,494,494,4201.41181397, ,0.5329,0.5906,0.6273,0.7011,0.8774,1.1337,1.5715,2.8282,3.9345,7.0138,11.0812,28.5261,73.4107,180.2496,218.3426,549.1144,1120.7241,2000.0403
path2sattwin,False,21,random_60_3_2,60,551,551,4651.84261322, ,0.574,0.5342,0.8193,0.6464,0.8215,0.9185,1.32,2.483,2.8134,5.7083,5.8201,23.9247,45.3319,56.0078,196.374,247.692,1296.5018,763.3943,2000.0401
path2sattwin,False,21,random_60_3_3,60,531,531,4557.34349108, ,0.523,0.5722,0.6298,0.6672,0.8424,1.2053,1.9118,1.808,2.7598,6.462,9.2559,92.5015,54.5561,65.0887,117.7949,191.2723,630.5902,1378.746,2000.0581
path2sattwin,False,21,random_60_3_4,60,524,524,4544.97485709, ,0.4887,0.5233,0.5616,0.5934,0.7692,0.9685,1.3452,2.2129,4.6954,6.1807,13.8345,15.1425,43.3487,47.817,223.9565,326.7935,416.0188,1439.5919,2000.0387
path2sattwin,False,20,random_60_3_5,60,557,557,3037.92658615, ,0.5743,0.5797,0.7382,0.6903,0.96,1.0461,1.3997,2.5321,4.5745,5.4807,9.1971,19.053,77.5886,85.564,117.6266,248.8325,461.3129,2000.0492
path2sattwin,False,20,random_60_3_6,60,511,511,3491.42461491, ,0.5439,0.5758,0.6285,0.8251,0.8732,1.0096,1.4172,2.5237,3.6367,6.9822,14.7689,11.1452,39.2896,75.0219,133.2916,409.7782,788.9841,2000.0393
path2sattwin,False,20,random_60_3_7,60,512,512,3700.05692196, ,0.5475,0.5502,0.6508,0.7892,0.8981,1.0463,2.0987,2.5259,6.0272,5.6241,18.2721,19.2348,47.8515,75.6163,297.1494,492.4452,728.5299,2000.0785
path2sattwin,False,20,random_60_3_8,60,529,529,2879.11237884, ,1.2136,1.4181,1.1657,1.4392,1.5718,2.5433,4.2245,2.4006,5.6157,6.3908,8.4923,28.783,32.152,87.5369,133.7718,281.8178,278.4201,2000.0382
path2sattwin,False,21,random_60_3_9,60,549,549,3496.09946394, ,1.2452,1.4949,0.8675,1.1013,1.6005,1.2668,1.2808,4.5799,4.7083,12.7141,10.496,27.8918,72.7117,88.0103,178.9824,137.1439,404.3128,545.5534,2000.0419
path2sattwin,False,23,random_60_4_0,60,730,730,5825.52637815, ,1.523,1.3493,1.6995,1.2532,2.1101,1.5616,1.7917,3.172,4.5952,5.2861,12.9347,17.7649,49.042,66.1039,214.4899,265.0114,436.1378,474.7686,880.958,1383.823,2000.0424
path2sattwin,False,24,random_60_4_1,60,693,693,6715.27365112, ,1.1569,1.6166,1.3717,1.2438,1.7506,1.9426,1.3723,3.6309,8.2974,8.6199,18.5025,28.7943,37.1357,69.8339,92.4301,199.5292,220.5219,588.7949,1240.6268,733.6061,1454.2739,2000.0472
path2sattwin,False,24,random_60_4_2,60,756,756,7195.47684216, ,0.5924,0.617,0.6459,0.7884,0.9377,1.371,1.6388,2.2328,3.4676,7.8118,6.9419,49.6929,54.6921,128.0795,194.6001,243.1936,503.6179,609.2169,569.3865,1262.6464,1553.1476,2000.0383
path2sattwin,False,24,random_60_4_3,60,677,677,8716.582582, ,0.7713,0.842,0.8499,1.0,1.0381,1.406,1.9686,2.115,5.8243,5.718,11.2011,19.9254,22.7869,62.6772,134.3691,218.0284,588.5587,589.6614,1248.6885,1952.0675,1846.9087,2000.0438
path2sattwin,False,24,random_60_4_4,60,684,684,8109.31996894, ,0.5377,0.5813,0.6393,0.8119,0.8169,1.0202,1.421,2.5743,2.9885,5.5322,12.8422,12.2114,45.3864,69.2648,149.6275,129.7365,322.6713,845.2637,957.2828,1810.4694,1737.4756,2000.0439
path2sattwin,False,22,random_60_4_5,60,654,654,4054.86215591, ,0.5147,0.5429,0.6035,0.6544,0.7713,1.076,1.1919,2.3475,3.9287,5.919,8.356,27.1577,39.6748,69.5122,175.229,123.5574,321.0944,773.9769,498.6083,2000.0465
path2sattwin,False,22,random_60_4_6,60,687,687,4023.45677304, ,0.5591,0.6524,0.6515,0.7282,0.7736,1.053,1.4041,2.6162,3.9813,4.8597,8.2907,31.6048,38.4806,125.6182,107.7791,270.3279,333.2969,707.7554,382.8583,2000.0489
path2sattwin,False,24,random_60_4_7,60,726,726,6213.979038, ,0.5393,0.5827,0.6263,0.7397,0.8003,1.1944,1.5736,1.5972,3.2096,5.4971,7.669,16.7857,34.7754,159.4228,153.7395,140.9696,184.5498,498.3173,865.4562,613.4824,1522.2949,2000.0424
path2sattwin,False,24,random_60_4_8,60,698,698,5853.3950541, ,0.5388,0.5593,0.5911,0.7226,0.8463,0.9095,1.37,2.4791,3.6716,6.5753,11.0144,18.212,30.3309,103.9569,107.3148,154.1676,279.9059,492.7929,489.4114,773.4055,1374.4516,2000.0396
path2sattwin,False,23,random_60_4_9,60,695,695,6038.03571105, ,1.5108,0.5621,0.6228,0.7467,0.7533,0.9373,1.3009,1.8975,4.5559,9.2738,8.5607,30.3644,35.9346,123.4119,107.3643,193.1154,545.0794,313.7513,1013.4227,1644.7081,2000.0465
path2sattwin,False,26,random_60_5_0,60,909,909,8985.41890001, ,2.0196,1.8438,1.1322,1.6281,1.8809,4.2761,1.979,3.5665,2.6966,6.1572,8.0379,81.4767,58.4103,110.2567,201.1648,204.2286,522.1335,369.3613,683.9,1047.9521,1319.5107,704.2767,1647.2632,2000.0434
path2sattwin,False,26,random_60_5_1,60,863,863,9890.08859205, ,0.6234,0.6451,0.6917,0.7314,0.9517,1.0222,1.6067,1.7545,3.0739,5.4679,5.4572,30.7285,44.6206,85.7344,213.6144,199.5687,754.5742,527.7794,562.674,955.5791,1558.7246,1711.7864,1222.4779,2000.0633
path2sattwin,False,24,random_60_5_2,60,881,881,7274.38438296, ,0.5707,0.6265,0.6899,0.7653,0.8583,1.0833,1.3504,1.8672,2.4842,7.8652,6.0796,12.2752,35.7076,393.1401,125.2022,189.4784,297.8598,673.2949,475.3611,1856.8972,1190.7792,2000.0401
path2sattwin,False,28,random_60_5_3,60,920,920,13372.9322479, ,0.6216,0.6637,0.7252,0.8317,0.919,1.2294,1.5576,1.9398,3.6248,4.9108,6.9103,25.6504,16.9145,58.847,188.7082,168.8058,290.2974,564.8668,1003.1302,1285.8762,1107.7371,1783.1368,1305.19,1964.3794,1585.2774,2000.0429
path2sattwin,False,23,random_60_5_4,60,905,905,6114.13200116, ,0.6304,0.7085,0.7078,0.8219,1.0613,1.3703,1.6666,3.0611,2.5883,4.0469,9.3199,22.3329,29.819,69.1051,94.0207,642.3833,339.0838,692.0896,594.2927,1604.8395,2000.0435
path2sattwin,False,22,random_60_5_5,60,929,929,4340.66013503, ,0.6256,0.658,0.715,0.7979,0.8311,1.0775,1.3215,2.5423,3.1013,5.4288,11.7265,13.5288,31.5877,221.349,176.2658,271.8321,231.2898,367.9357,997.8967,2000.0422
path2sattwin,False,26,random_60_5_6,60,863,863,7637.35335898, ,1.8463,1.4074,1.4251,1.5359,1.4011,1.0995,2.2425,2.692,4.145,5.8242,10.5609,16.8987,66.966,83.7872,101.9753,161.9757,248.0668,355.3621,637.042,903.1082,1062.891,870.7355,1094.1536,2000.0459
path2sattwin,False,22,random_60_5_7,60,903,903,4393.2948091, ,0.5853,0.6232,0.6711,0.705,0.8642,1.0498,1.619,2.3017,2.594,4.8429,20.0714,53.9998,59.7287,80.7114,158.5745,321.3197,524.9367,624.4164,533.5319,2000.0462
path2sattwin,False,26,random_60_5_8,60,883,883,9336.79729509, ,0.5701,0.5989,0.6594,0.7296,0.8184,0.9411,1.2266,1.6313,2.919,4.5306,6.75,16.4954,34.5004,110.709,159.7802,160.942,265.4218,320.1887,534.3475,1238.708,923.2786,1661.5327,1889.3222,2000.0563
path2sattwin,False,25,random_60_5_9,60,857,857,7506.31662416, ,1.7793,1.0617,1.2587,2.3224,2.457,3.5642,5.3724,2.9034,14.6021,5.9406,15.7173,19.7685,41.4336,116.9374,155.8293,275.2788,308.943,348.0136,574.6369,1041.3757,1422.6455,1144.2913,2000.0421
path2sattwin,False,24,random_60_6_0,60,1066,1066,6628.97475696, ,0.6636,0.6809,0.7442,0.8533,0.9568,1.2263,1.514,2.549,3.6315,5.5425,6.1281,9.9864,16.214,76.0106,333.6244,160.3555,561.9847,395.1648,645.5946,1122.0299,1283.3547,2000.0387
path2sattwin,False,21,random_60_6_1,60,1049,1049,3843.11086011, ,0.6432,0.6667,0.7399,0.7974,0.9252,1.3668,1.7711,2.0888,3.8915,5.2349,26.772,55.5871,31.9874,79.5367,134.733,584.6088,178.063,733.5616,2000.0421
path2sattwin,False,25,random_60_6_2,60,1102,1102,8188.61493897, ,0.6627,0.6967,0.7237,0.7955,0.9421,0.9645,1.2474,2.2822,2.7957,3.8889,9.8258,15.9236,58.7389,28.1857,540.1171,296.2332,1716.4987,203.1929,512.3008,748.9789,894.452,1149.0065,2000.0421
path2sattwin,False,24,random_60_6_3,60,1062,1062,5938.7737031, ,0.6505,0.7349,0.7509,0.7741,1.1952,1.0304,1.8126,2.6264,2.9845,7.1899,6.8025,12.8613,147.7129,70.7515,228.181,455.2107,264.047,493.4288,407.0625,830.1008,1002.6747,2000.0434
path2sattwin,False,24,random_60_6_4,60,1072,1072,6342.40221596, ,0.7223,0.7106,0.7665,0.8375,0.9143,0.9821,1.4606,2.0198,5.2974,9.0669,9.5723,11.1822,27.8176,118.2559,621.5557,183.9921,475.4408,847.8411,559.8608,558.1811,905.7611,2000.044
path2sattwin,False,25,random_60_6_5,60,1049,1049,9345.02261806, ,1.883,1.7903,1.7683,1.5095,1.4828,1.9298,1.9327,3.9972,6.8235,5.9356,43.7072,10.3794,39.1434,112.8067,125.578,632.8995,357.5518,1125.6338,597.8695,1501.7112,1332.8411,1435.6252,2000.0686
path2sattwin,False,26,random_60_6_6,60,1045,1045,10564.968173, ,2.3802,1.8363,1.2474,1.4194,2.0949,2.2596,1.5151,2.3232,3.4953,7.2689,7.5385,31.8676,122.0723,69.862,89.1307,551.5322,593.2653,517.2059,1552.454,466.0755,788.4942,1896.1113,1853.2928,2000.0395
path2sattwin,False,24,random_60_6_7,60,1092,1092,7362.9343071, ,2.0233,1.1843,1.9875,1.3182,1.8223,2.9862,1.9916,4.7071,8.9791,7.5855,6.7108,18.3188,20.9246,105.5304,138.6627,395.3955,341.2464,1558.1259,1082.7091,591.4562,1069.0717,2000.0468
path2sattwin,False,25,random_60_6_8,60,1079,1079,8232.86434197, ,1.8196,1.8293,1.5395,1.3149,1.7856,3.1716,4.4263,2.9992,4.5571,8.3705,5.9805,20.7804,27.5566,147.0522,122.2113,252.5066,1080.7959,926.0663,678.4275,733.7505,955.3307,1250.3688,2000.0436
path2sattwin,False,27,random_60_6_9,60,1090,1090,12809.876574, ,0.6687,0.7116,0.716,0.8248,0.9547,1.0224,1.0104,1.8846,4.7347,3.325,10.1859,12.5321,20.1991,78.8133,123.5342,323.8783,508.7019,1454.993,480.3628,1066.85,1646.6568,1904.6349,1405.1516,1757.3454,2000.042
path2sattwin,False,22,random_60_7_0,60,1212,1212,5643.3435719, ,0.7595,0.7679,0.8337,0.9173,1.2417,1.0446,1.1791,1.7405,2.9689,8.3258,5.9247,19.6065,14.8784,167.3285,197.3453,573.9931,699.3632,547.8472,1397.1312,2000.0446
path2sattwin,False,21,random_60_7_1,60,1234,1234,4049.85667801, ,0.7149,0.7549,0.811,0.8928,1.0391,1.4081,1.1983,1.6616,2.8253,5.4104,4.7,16.7624,78.6948,34.9302,141.751,243.3214,916.0794,596.776,2000.0325
path2sattwin,False,21,random_60_7_2,60,1233,1233,4247.01689792, ,0.7025,0.7418,0.7709,0.8577,0.9639,1.5324,1.6972,2.0238,4.4652,8.0995,5.2846,8.1335,59.1192,112.6386,35.6384,527.3915,878.3928,598.4404,2000.0359
path2sattwin,False,24,random_60_7_3,60,1235,1235,6651.15091491, ,0.6838,0.7299,0.7655,0.8524,1.006,1.2104,1.5583,1.8905,3.0007,6.9793,9.136,9.6327,14.7542,151.9888,29.4019,269.5685,296.5636,1026.9562,1255.5979,644.1904,924.5316,2000.0467
path2sattwin,False,21,random_60_7_4,60,1258,1258,4511.91796803, ,0.7417,0.8079,0.846,0.9848,1.1696,1.1985,1.8903,2.9724,4.348,6.4144,8.0097,16.4269,13.4253,64.4758,505.8929,563.1317,330.5905,988.4539,2000.041
path2sattwin,False,20,random_60_7_5,60,1272,1272,4018.11223698, ,0.8196,0.8312,0.8393,0.9311,1.0615,1.5209,1.6787,2.0558,4.2195,17.4565,12.0523,13.3668,33.1344,167.2511,109.8159,789.3372,861.6051,2000.0412
path2sattwin,False,20,random_60_7_6,60,1244,1244,3560.54621315, ,0.6936,0.7323,0.8369,0.9285,0.9874,1.0621,1.5169,1.5406,2.0017,5.7038,5.8481,43.48,16.7277,39.0205,307.4337,167.733,964.1713,2000.0385
path2sattwin,False,22,random_60_7_7,60,1246,1246,4693.90021086, ,0.7506,0.7788,0.8773,0.983,1.0491,1.3025,1.5186,2.5173,3.7649,4.4463,7.474,116.0196,15.8762,165.926,195.4315,456.41,306.4712,912.0927,500.0506,2000.0449
path2sattwin,False,21,random_60_7_8,60,1244,1244,4502.72190499, ,0.71,0.7433,0.8002,0.8584,1.0297,1.3698,1.5127,2.6746,5.8079,4.7447,11.6533,15.1441,24.9606,12.8894,128.8136,175.2088,228.0365,1885.6336,2000.0353
path2sattwin,False,20,random_60_7_9,60,1244,1244,2902.65173507, ,0.8536,0.8966,0.9979,0.8736,1.1306,1.4388,1.5726,2.2988,4.7779,6.8787,21.6984,9.4367,13.5093,90.7467,113.3471,201.1519,430.889,2000.0434
path2sattwin,False,20,random_60_8_0,60,1422,1422,2705.26384306, ,0.8331,0.8553,0.8392,1.0333,1.1101,1.4552,2.1951,2.902,3.0459,9.4184,5.2788,13.7264,20.7406,47.4946,64.9724,267.4433,261.7898,2000.0441
path2sattwin,False,21,random_60_8_1,60,1425,1425,3261.76609993, ,1.837,1.6538,0.8999,2.3728,1.9256,2.7724,1.8033,3.0175,3.4174,18.6555,7.2268,8.6774,161.4553,104.3313,165.6642,54.2558,204.9737,516.6911,2000.0396
path2sattwin,False,21,random_60_8_2,60,1412,1412,4250.72128701, ,0.7344,0.7745,0.7999,0.8859,0.9395,1.1939,1.3747,2.0482,2.7694,6.7816,6.4104,12.1293,16.6431,20.6729,113.3671,441.5235,624.5367,996.9831,2000.0505
path2sattwin,False,22,random_60_8_3,60,1415,1415,4586.74644184, ,2.0142,0.8351,0.8703,1.3185,1.2134,1.6196,2.7691,3.9246,3.5673,5.7837,16.4241,20.7842,19.1742,18.4937,52.527,102.051,417.2446,155.7028,1760.2939,2000.0482
path2sattwin,False,22,random_60_8_4,60,1411,1411,4251.7445991, ,0.752,0.8024,0.8377,0.9158,1.1084,1.238,1.6758,1.6254,2.782,5.8565,9.0357,15.3419,17.9168,32.2646,135.9891,203.0054,240.5852,665.5065,914.359,2000.0497
path2sattwin,False,22,random_60_8_5,60,1421,1421,4469.74926281, ,0.7664,0.8058,0.8463,0.8952,0.9777,1.4248,1.1856,2.0721,2.0801,4.6269,14.3402,7.4023,14.3267,28.7563,51.4507,198.6049,480.9811,665.657,992.3944,2000.0567
path2sattwin,False,21,random_60_8_6,60,1424,1424,4374.58554196, ,0.7475,0.7682,0.8169,0.9121,1.1434,1.3154,1.8202,1.7689,2.5558,11.4101,7.0872,7.6253,18.7314,201.0854,65.8749,150.2233,324.4521,1576.0846,2000.0591
path2sattwin,False,23,random_60_8_7,60,1404,1404,6752.22212696, ,0.762,0.823,0.8934,0.9349,1.0062,1.3646,1.1946,2.0272,1.945,4.7356,17.8857,35.21,13.6616,21.2255,91.3446,179.5011,661.3565,736.8864,1792.1041,1187.2177,2000.0401
path2sattwin,False,22,random_60_8_8,60,1431,1431,4794.46634579, ,0.8468,0.8842,0.9066,1.0046,1.1231,1.4365,1.787,1.7176,3.3254,2.2794,8.1869,9.3747,19.4144,31.1176,79.6624,271.1794,240.1456,856.1591,1263.7862,2000.0323
path2sattwin,False,23,random_60_8_9,60,1437,1437,5497.705832, ,0.8278,0.8466,0.8985,0.9475,1.1279,1.4022,1.4364,2.5516,3.1713,4.5943,7.3031,14.2607,67.4703,242.7936,152.7511,676.8898,318.5547,240.294,679.0336,1080.3899,2000.0534
path2sattwin,False,24,random_60_9_0,60,1601,1601,3770.041116, ,0.7881,0.9221,0.9131,1.0553,1.0445,1.3971,1.5561,1.9729,2.439,4.2392,6.8298,8.7389,31.2241,8.1993,28.6539,42.5388,166.8522,490.9206,171.3886,420.3738,377.8001,2000.0578
path2sattwin,False,26,random_60_9_1,60,1606,1606,6228.510149, ,0.8613,0.9064,0.9291,0.9759,1.1201,1.1956,1.3249,1.8526,2.4671,3.4169,3.0413,5.3503,8.9381,16.512,82.9033,29.1066,54.7864,51.1117,220.3175,635.5099,851.3593,693.2867,1561.058,2000.0434
path2sattwin,False,26,random_60_9_2,60,1620,1620,6539.3036921, ,0.865,0.8651,0.9282,0.9804,1.0419,1.1558,1.4198,1.9217,3.0941,2.9541,7.3654,13.4149,14.6311,21.114,13.963,57.0381,139.5092,322.1248,142.9492,1172.0062,904.8979,707.1324,1007.7427,2000.0412
path2sattwin,False,26,random_60_9_3,60,1598,1598,6772.77528405, ,0.8694,0.9052,0.9342,1.0229,1.0679,1.2629,1.7713,1.9759,2.9075,4.5331,3.7332,10.85,10.8675,52.2877,14.837,69.8977,86.262,163.0189,200.1422,520.9775,762.7287,1730.109,1129.635,2000.0461
path2sattwin,False,24,random_60_9_4,60,1588,1588,4623.99209619, ,0.8576,0.9223,0.9597,1.0196,1.0841,1.1124,1.517,1.3594,3.3517,4.1405,2.7637,11.022,21.0967,28.6458,40.3812,57.1561,100.1183,204.8984,276.4448,819.3978,1045.5747,2000.0518
path2sattwin,False,25,random_60_9_5,60,1599,1599,5424.44527507, ,0.9523,0.9611,0.9308,1.0057,1.1243,1.183,1.978,1.9765,3.2187,4.7585,6.1424,4.986,10.0944,30.4701,18.2035,50.023,112.7558,220.9798,64.4393,1052.613,305.8694,1529.6226,2000.0406
path2sattwin,False,25,random_60_9_6,60,1601,1601,5081.06404209, ,0.8824,0.8793,0.9107,1.0397,1.1039,1.0674,1.1529,2.7961,2.0758,4.5805,5.403,5.3016,5.2536,11.2977,19.1115,62.2413,25.3777,48.6164,262.8305,447.6682,718.6728,1452.6342,2000.046
path2sattwin,False,24,random_60_9_7,60,1570,1570,3437.23725796, ,0.8298,0.8657,0.9939,1.0694,1.1236,1.3234,1.5451,1.4636,2.9214,3.7485,5.8918,5.1664,8.666,15.7008,25.172,65.2493,59.7962,122.9205,164.1139,90.8713,857.6356,2000.0489
path2sattwin,False,23,random_60_9_8,60,1612,1612,2734.47223711, ,1.2261,1.122,0.8942,1.4232,1.555,1.5422,1.3122,2.2121,3.2108,5.3378,7.3619,9.1299,14.053,14.9819,19.919,109.9735,66.0119,87.262,97.4654,288.3221,2000.0505
path2sattwin,False,26,random_60_9_9,60,1593,1593,8446.57133698, ,1.7658,1.3451,2.3913,1.8212,1.4195,1.8379,4.608,6.1823,3.6699,8.7949,11.5492,9.7857,15.3391,10.8433,11.1777,94.446,166.8544,496.1096,166.7425,1220.431,1428.2054,1270.0779,1510.9882,2000.044
