pathset2sattwin,True,2,random_20_1_0,20,23,23,0.129637956619,0.1246
pathset2sattwin,True,2,random_20_1_1,20,15,15,0.229147195816,0.224
pathset2sattwin,True,3,random_20_1_2,20,19,19,0.166080951691,0.0786,0.0808
pathset2sattwin,True,2,random_20_1_3,20,19,19,0.0880990028381,0.0824
pathset2sattwin,True,4,random_20_1_4,20,25,25,0.804652929306,0.1687,0.2245,0.3952
pathset2sattwin,True,2,random_20_1_5,20,14,14,0.146766901016,0.1416
pathset2sattwin,True,3,random_20_1_6,20,22,22,0.371793985367,0.1863,0.1748
pathset2sattwin,True,2,random_20_1_7,20,17,17,0.08265209198,0.0783
pathset2sattwin,True,2,random_20_1_8,20,14,14,0.103281021118,0.0989
pathset2sattwin,True,2,random_20_1_9,20,14,14,0.0913829803467,0.087
pathset2sattwin,True,5,random_20_2_0,20,38,38,0.898680925369,0.0844,0.1211,0.1943,0.4858
pathset2sattwin,True,5,random_20_2_1,20,40,40,1.58930802345,0.4527,0.2436,0.2094,0.6622
pathset2sattwin,True,3,random_20_2_2,20,28,28,0.417897939682,0.2305,0.1764
pathset2sattwin,True,6,random_20_2_3,20,44,44,2.05024313927,0.0824,0.113,0.2814,0.5766,0.9772
pathset2sattwin,True,6,random_20_2_4,20,39,39,2.66385889053,0.1949,0.1252,0.23,0.603,1.487
pathset2sattwin,True,5,random_20_2_5,20,38,38,0.816842079163,0.1115,0.1105,0.1595,0.4161
pathset2sattwin,True,5,random_20_2_6,20,36,36,1.14419198036,0.3348,0.1195,0.2,0.4711
pathset2sattwin,True,6,random_20_2_7,20,38,38,3.44773411751,0.1165,0.14,0.1274,0.6033,2.435
pathset2sattwin,True,6,random_20_2_8,20,42,42,2.61138892174,0.3194,0.1376,0.3722,0.4073,1.3528
pathset2sattwin,True,5,random_20_2_9,20,35,35,0.783423900604,0.1477,0.1068,0.1833,0.3264
pathset2sattwin,True,9,random_20_3_0,20,68,68,8.10637712479,0.2181,0.2325,0.1816,0.471,0.3986,0.7593,2.4344,3.3658
pathset2sattwin,True,7,random_20_3_1,20,59,59,2.49281907082,0.2611,0.1597,0.2365,0.3114,0.4109,1.0823
pathset2sattwin,True,7,random_20_3_2,20,51,51,3.78610110283,0.5437,0.1297,0.1903,0.2564,0.6227,2.0138
pathset2sattwin,True,8,random_20_3_3,20,56,56,4.58349490166,0.0623,0.0972,0.1205,0.2909,0.3691,1.1532,2.4669
pathset2sattwin,True,7,random_20_3_4,20,48,48,5.1453230381,0.6474,0.1591,0.2683,0.4855,0.7634,2.7916
pathset2sattwin,True,8,random_20_3_5,20,48,48,9.42082595825,0.1286,0.1592,0.217,0.2243,0.516,2.1235,6.0209
pathset2sattwin,True,8,random_20_3_6,20,54,54,8.2264649868,0.2645,0.1224,0.2076,0.2858,0.8804,1.7316,4.7072
pathset2sattwin,True,8,random_20_3_7,20,60,60,5.39495301247,0.6027,0.1047,0.2057,0.291,0.3984,1.4373,2.3246
pathset2sattwin,True,6,random_20_3_8,20,45,45,1.77166295052,0.288,0.1707,0.2551,0.226,0.8075
pathset2sattwin,True,9,random_20_3_9,20,61,61,9.06635594368,0.287,0.1285,0.3281,0.1671,0.3149,0.6892,1.8607,5.2567
pathset2sattwin,True,11,random_20_4_0,20,92,92,8.35744404793,0.2633,0.1006,0.1998,0.1756,0.2929,0.2866,0.4891,0.916,1.8522,3.7427
pathset2sattwin,True,10,random_20_4_1,20,82,82,8.02553796768,0.3196,0.1848,0.173,0.2998,0.2492,0.3846,0.7409,2.2205,3.4195
pathset2sattwin,True,10,random_20_4_2,20,74,74,12.7284071445,0.3648,0.2123,0.3083,0.2863,0.2987,0.7175,1.4251,3.2144,5.8566
pathset2sattwin,True,11,random_20_4_3,20,82,82,10.0761518478,0.1323,0.2028,0.1978,0.2131,0.24,0.4029,0.5773,1.2704,2.2539,4.5434
pathset2sattwin,True,10,random_20_4_4,20,71,71,10.367898941,0.1725,0.1059,0.2056,0.207,0.2972,0.4225,1.2362,2.479,5.209
pathset2sattwin,True,9,random_20_4_5,20,71,71,6.66290020943,0.2731,0.1367,0.2233,0.2589,0.459,0.5785,1.0183,3.6806
pathset2sattwin,True,11,random_20_4_6,20,78,78,25.8575899601,0.1255,0.2029,0.2214,0.2246,0.3521,0.6074,1.0042,3.1871,6.055,13.8245
pathset2sattwin,True,11,random_20_4_7,20,76,76,21.1664028168,0.0736,0.137,0.1703,0.2114,0.3443,0.3568,0.785,2.0766,3.7905,13.1755
pathset2sattwin,True,11,random_20_4_8,20,82,82,12.8160910606,0.2119,0.155,0.1903,0.186,0.3564,0.3392,0.8125,1.5705,3.1407,5.8079
pathset2sattwin,True,9,random_20_4_9,20,82,82,3.66511011124,0.1389,0.0818,0.18,0.214,0.3869,0.4225,0.5742,1.6298
pathset2sattwin,True,12,random_20_5_0,20,97,97,13.1038489342,0.1344,0.1728,0.1653,0.2933,0.2366,0.3368,0.4046,0.8345,1.5501,2.8141,6.1205
pathset2sattwin,True,12,random_20_5_1,20,91,91,24.1305668354,0.1341,0.2972,0.2808,0.3169,0.3102,0.3838,0.8485,1.343,2.7601,5.4009,12.0066
pathset2sattwin,True,12,random_20_5_2,20,93,93,18.4750790596,0.1035,0.1144,0.2566,0.3473,0.3963,0.4,0.4988,0.8523,2.3231,3.6569,9.4718
pathset2sattwin,True,12,random_20_5_3,20,103,103,10.750795126,0.1905,0.2174,0.3149,0.2116,0.2695,0.3497,0.3233,0.5389,0.8823,2.4552,4.9505
pathset2sattwin,True,11,random_20_5_4,20,94,94,6.09753084183,0.1502,0.1542,0.1524,0.3355,0.257,0.2328,0.4753,0.6815,1.2343,2.3803
pathset2sattwin,True,10,random_20_5_5,20,80,80,8.92188715935,1.1546,0.1212,0.1589,0.2612,0.3117,0.3568,1.0392,2.0065,3.4733
pathset2sattwin,True,12,random_20_5_6,20,99,99,11.679254055,0.1073,0.0998,0.1349,0.1919,0.3289,0.4266,0.4362,0.7404,1.0758,3.0729,5.0155
pathset2sattwin,True,11,random_20_5_7,20,103,103,5.45104002953,0.1065,0.111,0.1778,0.2867,0.2519,0.2148,0.3094,0.5321,1.1527,2.2644
pathset2sattwin,True,11,random_20_5_8,20,89,89,12.4555969238,0.753,0.1868,0.1359,0.2755,0.2324,0.4659,0.7002,1.1051,2.4848,6.0701
pathset2sattwin,True,12,random_20_5_9,20,97,97,14.2729990482,0.2938,0.1322,0.149,0.2615,0.3197,0.3371,0.4615,0.8412,1.3523,2.6891,7.3851
pathset2sattwin,True,13,random_20_6_0,20,114,114,10.553139925,0.1735,0.131,0.1977,0.1358,0.2443,0.3014,0.3386,0.4948,0.6135,1.3214,2.2747,4.2797
pathset2sattwin,True,12,random_20_6_1,20,107,107,8.43635606766,0.0835,0.1691,0.1188,0.214,0.2992,0.3085,0.3241,0.5662,1.1737,1.5679,3.5619
pathset2sattwin,True,13,random_20_6_2,20,105,105,20.4762411118,0.1096,0.1314,0.1533,0.1801,0.2677,0.2952,0.4334,0.5454,1.2442,3.0146,4.261,9.7825
pathset2sattwin,True,14,random_20_6_3,20,124,124,13.1674799919,0.0968,0.1514,0.1188,0.1548,0.259,0.2213,0.2914,0.3653,0.3728,0.6104,0.9217,2.8094,6.7376
pathset2sattwin,True,12,random_20_6_4,20,104,104,9.86603593826,0.8302,0.2019,0.1386,0.164,0.2486,0.3316,0.3717,0.4969,0.9564,1.7696,4.3129
pathset2sattwin,True,13,random_20_6_5,20,115,115,12.3361489773,0.0753,0.0948,0.232,0.2068,0.1975,0.2837,0.3886,0.386,0.6689,1.5367,2.9022,5.3122
pathset2sattwin,True,13,random_20_6_6,20,112,112,14.1289060116,0.1136,0.1105,0.1355,0.1647,0.2285,0.3715,0.4002,0.5144,0.5551,1.5321,3.947,6.0109
pathset2sattwin,True,13,random_20_6_7,20,124,124,7.677328825,0.2003,0.1109,0.1286,0.2006,0.3851,0.256,0.3466,0.4345,0.4303,0.9299,1.954,2.2433
pathset2sattwin,True,13,random_20_6_8,20,119,119,10.173363924,0.137,0.1911,0.1688,0.2987,0.2244,0.3446,0.4354,0.4308,0.6449,1.1829,2.372,3.6769
pathset2sattwin,True,13,random_20_6_9,20,110,110,17.8210668564,0.1878,0.1122,0.1341,0.2196,0.3127,0.3432,0.2924,0.3578,0.9501,1.2914,3.692,9.8729
pathset2sattwin,True,14,random_20_7_0,20,145,145,5.41449308395,0.1886,0.1672,0.1402,0.2244,0.2277,0.2064,0.2724,0.3465,0.3497,0.3614,0.4868,0.8775,1.51
pathset2sattwin,True,14,random_20_7_1,20,137,137,6.94235610962,0.1216,0.0864,0.121,0.1921,0.1794,0.2083,0.2665,0.2781,0.3674,0.4445,0.5856,1.1877,2.8441
pathset2sattwin,True,14,random_20_7_2,20,127,127,12.7550029755,0.1702,0.1794,0.1356,0.2016,0.2347,0.3385,0.3782,0.3494,0.3468,0.4465,0.9033,3.0707,5.9365
pathset2sattwin,True,14,random_20_7_3,20,127,127,10.9228830338,0.2346,0.1034,0.1584,0.2181,0.2882,0.4497,0.3677,0.4873,0.4816,0.605,0.9239,2.7967,3.7504
pathset2sattwin,True,16,random_20_7_4,20,152,152,9.28297996521,0.1149,0.1838,0.1107,0.1937,0.2399,0.282,0.3855,0.3156,0.3882,0.4692,0.3316,0.4966,0.8181,1.1765,3.7037
pathset2sattwin,True,14,random_20_7_5,20,132,132,8.41934299469,0.143,0.1318,0.2477,0.2345,0.2686,0.2187,0.3172,0.4433,0.5145,0.7234,1.2994,1.3846,2.4327
pathset2sattwin,True,14,random_20_7_6,20,129,129,9.01999592781,0.1891,0.1108,0.1517,0.2291,0.2128,0.326,0.3175,0.3695,0.5731,0.6576,0.9919,2.0468,2.7854
pathset2sattwin,True,14,random_20_7_7,20,130,130,9.23184704781,0.1303,0.1482,0.1226,0.1754,0.2921,0.258,0.3307,0.3388,0.444,0.3983,0.8809,1.6076,4.0485
pathset2sattwin,True,15,random_20_7_8,20,143,143,9.41381716728,0.1127,0.1494,0.1616,0.1521,0.2511,0.283,0.2467,0.3191,0.413,0.5138,0.5094,0.9344,1.5426,3.7601
pathset2sattwin,True,15,random_20_7_9,20,139,139,9.8744828701,0.1111,0.1134,0.1288,0.2037,0.2568,0.3103,0.3657,0.3799,0.3947,0.47,0.4878,0.9454,2.0146,3.6095
pathset2sattwin,True,15,random_20_8_0,20,154,154,5.639783144,0.1772,0.1036,0.1565,0.1937,0.2262,0.1885,0.258,0.2859,0.566,0.4357,0.3656,0.4892,0.613,1.5046
pathset2sattwin,True,16,random_20_8_1,20,155,155,7.64829683304,0.1159,0.1079,0.1168,0.1601,0.262,0.2857,0.2999,0.3527,0.4712,0.3413,0.3898,0.4545,0.5773,1.1064,2.5354
pathset2sattwin,True,15,random_20_8_2,20,147,147,6.78559303284,0.1545,0.1224,0.1411,0.1788,0.2603,0.3042,0.3628,0.3245,0.375,0.459,0.4476,0.5413,1.2114,1.8408
pathset2sattwin,True,15,random_20_8_3,20,152,152,5.34278106689,0.1807,0.1183,0.1278,0.183,0.2246,0.3034,0.3701,0.3206,0.376,0.3795,0.4913,0.5816,0.4993,1.1177
pathset2sattwin,True,15,random_20_8_4,20,150,150,5.39403104782,0.1567,0.1069,0.1742,0.1759,0.2318,0.2761,0.3437,0.359,0.3058,0.4543,0.329,0.6184,0.4797,1.3204
pathset2sattwin,True,15,random_20_8_5,20,147,147,6.76207900047,0.0873,0.0921,0.1534,0.1873,0.26,0.288,0.2964,0.3157,0.3872,0.3711,0.4551,0.7078,0.905,2.1983
pathset2sattwin,True,15,random_20_8_6,20,151,151,7.18940711021,0.1847,0.1529,0.1762,0.2023,0.2548,0.2212,0.3232,0.4225,0.5009,0.4682,0.3788,0.6187,0.7627,2.4304
pathset2sattwin,True,15,random_20_8_7,20,155,155,4.94248890877,0.1537,0.1087,0.106,0.1926,0.1824,0.2316,0.3035,0.3799,0.5114,0.3227,0.4052,0.4098,0.3735,1.198
pathset2sattwin,True,16,random_20_8_8,20,161,161,5.94052195549,0.1396,0.1587,0.1485,0.2213,0.2169,0.2132,0.2753,0.3229,0.3021,0.3211,0.3788,0.4437,0.3986,0.4555,1.8734
pathset2sattwin,True,15,random_20_8_9,20,156,156,5.21429300308,0.1377,0.0831,0.1549,0.1192,0.2111,0.246,0.3114,0.2818,0.3716,0.6073,0.3755,0.6194,0.5683,1.0611
pathset2sattwin,True,16,random_20_9_0,20,172,172,3.86786198616,0.1451,0.1278,0.1043,0.1319,0.1957,0.21,0.1894,0.2893,0.2897,0.3299,0.4419,0.3005,0.3393,0.3375,0.3755
pathset2sattwin,True,16,random_20_9_1,20,169,169,4.44040107727,0.1329,0.107,0.1128,0.1729,0.1922,0.2239,0.2709,0.3083,0.3005,0.3896,0.3514,0.4327,0.3681,0.3783,0.6235
pathset2sattwin,True,17,random_20_9_2,20,178,178,3.53866195679,0.1124,0.0984,0.0886,0.1115,0.1158,0.1365,0.1866,0.195,0.192,0.1782,0.2192,0.343,0.3226,0.3788,0.2783,0.5119
pathset2sattwin,True,17,random_20_9_3,20,170,170,5.32911396027,0.0982,0.1631,0.158,0.1404,0.1609,0.2361,0.3163,0.3382,0.3714,0.2201,0.3246,0.3715,0.3596,0.3651,0.5407,1.0952
pathset2sattwin,True,17,random_20_9_4,20,182,182,2.86483502388,0.1067,0.0965,0.1114,0.0947,0.1029,0.1048,0.1175,0.1428,0.1638,0.1915,0.227,0.2585,0.2744,0.2393,0.2598,0.2915
pathset2sattwin,True,16,random_20_9_5,20,171,171,3.97600793839,0.1643,0.0996,0.1327,0.1143,0.1887,0.2386,0.2894,0.2914,0.2749,0.3551,0.3299,0.3083,0.3632,0.3428,0.4239
pathset2sattwin,True,16,random_20_9_6,20,169,169,4.44327902794,0.1209,0.1267,0.099,0.1267,0.2117,0.1621,0.2216,0.3001,0.2414,0.3681,0.3526,0.3274,0.4082,0.4989,0.8157
pathset2sattwin,True,16,random_20_9_7,20,177,177,3.03422999382,0.1431,0.0936,0.0948,0.0926,0.0949,0.1064,0.1173,0.203,0.1866,0.2169,0.379,0.2307,0.2979,0.3406,0.3635
pathset2sattwin,True,17,random_20_9_8,20,172,172,4.52749109268,0.1267,0.0912,0.1019,0.1468,0.2006,0.208,0.2761,0.2245,0.3066,0.292,0.3716,0.397,0.295,0.4699,0.3783,0.5623
pathset2sattwin,True,16,random_20_9_9,20,167,167,5.52005600929,0.1115,0.1131,0.1255,0.179,0.1937,0.3128,0.3283,0.3062,0.3856,0.304,0.7422,0.415,0.5138,0.5991,0.8193
pathset2sattwin,True,10,random_40_1_0,40,86,86,955.666679859,367.6964,0.7104,1.9064,5.5273,7.9834,21.437,39.2597,159.4001,351.6497
pathset2sattwin,True,8,random_40_1_1,40,75,75,165.925225019,40.2942,0.4277,1.5326,3.2617,9.7499,22.1359,88.4813
pathset2sattwin,True,11,random_40_1_2,40,86,86,3364.04616404,722.0529,0.4449,1.2167,2.7745,7.8906,18.9913,53.6641,172.5772,561.9475,1822.426
pathset2sattwin,True,9,random_40_1_3,40,79,79,488.389169931,6.8751,0.6408,1.3817,3.7786,10.2056,27.6189,95.2222,342.6243
pathset2sattwin,True,9,random_40_1_4,40,82,82,407.999276876,35.4523,0.4269,1.6005,5.1111,12.8504,27.1902,80.9528,244.3716
pathset2sattwin,True,8,random_40_1_5,40,69,69,238.019778967,15.2123,0.7832,1.8139,7.3967,17.6112,40.2106,154.9555
pathset2sattwin,True,8,random_40_1_6,40,65,65,477.973693132,0.847,0.4923,1.9158,7.3422,26.4929,92.0068,348.8322
pathset2sattwin,True,9,random_40_1_7,40,74,74,327.024931908,14.0946,0.4366,1.3972,3.5721,10.3226,25.3275,66.7364,205.0839
pathset2sattwin,True,6,random_40_1_8,40,54,54,139.690878153,0.3591,0.5779,4.6217,10.7128,123.3743
pathset2sattwin,True,9,random_40_1_9,40,80,80,215.605116129,68.9572,0.6169,1.1539,3.6747,9.7103,18.1388,39.1264,74.1701
pathset2sattwin,False,16,random_40_2_0,40,163,163,4688.37519097, ,0.3624,0.7148,2.2743,3.7486,8.2552,12.4043,24.3854,32.6769,70.705,140.5817,307.7356,741.9874,1342.4191,2000.0487
pathset2sattwin,True,16,random_40_2_1,40,177,177,2482.47972894,245.5943,0.4093,1.2169,2.1002,3.5234,4.8123,8.9641,17.4929,23.272,41.4874,61.4586,124.6424,220.9066,622.1782,1104.336
pathset2sattwin,False,16,random_40_2_2,40,163,163,4164.42932916, ,0.5735,0.8646,1.5534,2.8103,5.3531,9.3318,17.0987,30.4536,53.2997,129.841,260.6115,437.0474,1215.4628,2000.0424
pathset2sattwin,False,16,random_40_2_3,40,165,165,4694.30813098, ,0.5047,0.7943,1.4077,3.9613,5.7767,10.842,13.7344,28.3616,47.0483,119.4967,277.3637,637.3195,1547.5869,2000.0387
pathset2sattwin,False,16,random_40_2_4,40,164,164,4176.74913812, ,0.4217,0.7015,2.5914,4.5088,7.6966,11.5461,18.0088,24.1269,41.208,105.8511,245.6754,631.2621,1083.0351,2000.0405
pathset2sattwin,False,16,random_40_2_5,40,170,170,4386.19672489, ,0.4625,0.6174,1.4821,4.4319,4.6815,7.5936,16.5709,27.6023,49.3215,125.4918,345.503,587.6264,1214.6867,2000.0429
pathset2sattwin,False,16,random_40_2_6,40,162,162,3834.16583204, ,0.4358,1.0646,2.0068,3.7132,6.4223,10.7357,17.0857,29.9494,61.6916,105.0145,198.429,446.2926,951.2061,2000.0373
pathset2sattwin,False,16,random_40_2_7,40,150,150,5210.87404299, ,0.4807,1.1773,2.4449,4.5085,8.7987,15.2241,25.2183,26.1388,62.0372,129.9844,284.1838,757.2388,1893.3206,2000.0374
pathset2sattwin,True,15,random_40_2_8,40,158,158,1607.29016805,104.0728,0.5358,0.894,1.7685,3.5766,6.9024,10.2245,17.3877,22.1696,32.8956,64.1916,130.6598,331.7076,880.1863
pathset2sattwin,False,15,random_40_2_9,40,150,150,3385.86621785, ,0.2444,0.8574,1.6437,3.0526,5.4936,10.1249,18.7709,26.1992,60.6295,120.6077,397.1776,740.9414,2000.0459
pathset2sattwin,False,19,random_40_3_0,40,255,255,3923.28735995, ,0.4034,1.0745,2.2777,2.9217,6.5295,7.9844,13.498,17.2097,21.4028,34.7386,40.8948,66.4732,101.2858,243.9644,427.9686,934.5307,2000.0379
pathset2sattwin,False,19,random_40_3_1,40,226,226,5068.11136198, ,0.5431,0.9245,1.6979,2.0072,4.5244,7.6909,7.5256,14.9802,22.1905,41.667,62.4667,108.5667,188.324,417.2801,795.0712,1392.5026,2000.0505
pathset2sattwin,False,18,random_40_3_2,40,219,219,4232.17196608, ,0.4035,0.6308,1.0704,2.2893,4.1202,7.2592,10.7529,18.1765,25.5611,41.1559,66.5184,108.1891,236.2365,481.972,1227.6967,2000.0482
pathset2sattwin,False,18,random_40_3_3,40,224,224,4178.94876504, ,0.4979,0.8603,1.6005,3.4001,5.7584,7.8922,13.3552,17.7187,22.2301,41.0907,71.1455,129.3276,326.9411,553.4106,983.5655,2000.0609
pathset2sattwin,False,18,random_40_3_4,40,222,222,4925.78311014, ,0.2725,0.7866,1.447,2.9395,5.1215,7.3849,13.4922,14.3589,24.8032,34.8286,82.9911,198.1015,431.9444,746.6638,1360.5083,2000.038
pathset2sattwin,False,19,random_40_3_5,40,224,224,5618.81243801, ,0.5691,0.8618,1.087,1.8959,3.8089,6.2362,10.1085,14.2085,21.183,29.0657,47.1023,131.4065,211.782,438.8903,980.9153,1719.526,2000.0478
pathset2sattwin,False,19,random_40_3_6,40,219,219,4486.98479009, ,0.5086,0.7562,1.5611,2.7745,5.0399,7.7823,12.155,17.2563,25.6082,36.97,51.6192,92.2304,118.3578,298.9024,591.1912,1224.1376,2000.0401
pathset2sattwin,False,19,random_40_3_7,40,246,246,4162.45658684, ,0.5117,0.8599,1.7135,3.5889,4.4489,5.8816,9.3742,12.4188,23.8895,28.6131,48.4766,63.7948,112.5777,196.794,578.6804,1070.6852,2000.048
pathset2sattwin,False,19,random_40_3_8,40,240,240,5251.49587202, ,0.3048,1.3358,1.77,3.3673,4.5686,8.2722,10.3867,14.6606,18.1544,32.1148,72.5029,115.2725,214.8122,383.8999,855.7565,1514.183,2000.0375
pathset2sattwin,False,21,random_40_3_9,40,264,264,5989.90303302, ,0.3974,0.8682,0.9392,1.8004,3.0649,5.6038,9.26,13.4004,19.2198,23.6083,34.827,51.5726,71.9285,153.7648,234.78,521.9316,966.3396,1876.4449,2000.0364
pathset2sattwin,False,23,random_40_4_0,40,336,336,5463.54914403, ,0.4246,1.1782,1.6627,2.3012,3.7169,4.9741,7.3427,9.4422,15.419,13.8386,23.496,19.9967,41.746,48.298,66.3156,171.6834,272.6193,416.2629,729.4342,1613.2374,2000.0509
pathset2sattwin,False,22,random_40_4_1,40,301,301,5723.44338298, ,0.7712,0.8427,1.4008,2.392,3.9414,5.9933,7.222,11.7754,12.8216,16.1749,25.8103,34.719,43.0519,80.4862,144.2314,273.1826,532.1978,825.4773,1700.7982,2000.0374
pathset2sattwin,False,22,random_40_4_2,40,302,302,6341.34302282, ,0.3858,0.8558,1.5268,1.965,2.8307,4.8066,8.8554,8.6101,15.0027,18.9732,28.5505,41.6396,60.4495,107.2672,163.947,316.4552,582.8737,1007.5237,1968.667,2000.0365
pathset2sattwin,False,21,random_40_4_3,40,300,300,5315.53553414, ,0.6413,1.0772,1.6371,3.2176,4.3602,6.8233,8.3222,13.2057,13.4156,20.5808,26.3087,34.1181,58.4384,98.3322,202.5922,466.5931,826.4256,1529.2996,2000.0337
pathset2sattwin,False,21,random_40_4_4,40,289,289,4547.11298108, ,0.3735,1.3205,1.507,2.1619,4.0236,6.1354,7.6756,11.3955,16.1411,26.4817,34.5234,49.4505,62.7269,83.1636,186.945,306.9593,488.6156,1257.3489,2000.0491
pathset2sattwin,False,22,random_40_4_5,40,308,308,5214.30417418, ,0.3557,0.5302,1.4979,2.3718,3.8124,6.1798,8.2401,13.3851,16.8197,20.6047,23.9121,36.0909,50.7993,86.3414,143.9576,229.6753,377.9956,758.3459,1433.2258,2000.0439
pathset2sattwin,False,22,random_40_4_6,40,311,311,5171.69337893, ,0.3627,0.5137,0.9521,2.2175,1.8385,5.7275,7.0683,8.3246,12.1012,18.5174,23.323,26.2227,45.8533,69.098,102.8767,174.2022,343.2269,797.0168,1532.1041,2000.0399
pathset2sattwin,False,22,random_40_4_7,40,314,314,5740.5978291, ,0.5796,0.9453,1.9417,3.165,6.4005,7.2911,8.7921,11.8587,13.6828,24.0148,22.7312,34.9044,50.4333,81.2089,138.3279,250.2484,423.2217,976.9691,1683.6912,2000.0526
pathset2sattwin,False,22,random_40_4_8,40,316,316,4888.11711097, ,0.3422,0.5644,1.4607,2.1909,3.671,5.8822,7.8926,10.2094,15.3551,18.85,26.596,30.6413,43.2173,51.6558,78.8908,177.9425,374.2067,684.2914,1354.109,2000.0387
pathset2sattwin,False,22,random_40_4_9,40,321,321,4969.65430903, ,0.5837,1.0862,1.7688,1.8725,4.9061,6.4097,9.4646,11.7321,14.3267,19.4824,24.784,33.1766,47.9651,71.2649,102.4307,213.0653,403.7687,672.7922,1328.6152,2000.0453
pathset2sattwin,False,25,random_40_5_0,40,389,389,5093.99352694, ,0.4649,0.7089,1.4725,2.2878,3.6918,4.4432,5.731,8.0407,9.4431,10.949,14.4877,16.911,22.3359,29.3664,34.3559,52.1409,75.329,95.8148,222.9046,372.2852,809.5319,1301.1358,2000.0317
pathset2sattwin,False,26,random_40_5_1,40,401,401,5655.98479414, ,0.5518,0.882,0.7654,2.3548,2.7723,3.2171,5.2347,8.0975,7.7097,11.8188,12.7183,21.908,24.4265,35.3797,35.2319,38.6155,68.9269,103.7481,153.3029,259.684,401.15,834.5909,1622.7052,2000.0412
pathset2sattwin,False,26,random_40_5_2,40,399,399,6278.90965915, ,0.4993,0.7616,1.5782,2.1187,4.572,4.2202,6.6628,9.6741,13.7595,13.1885,17.6302,16.9282,28.9615,30.6503,32.6945,40.0564,58.8143,112.0919,163.3428,367.8576,554.913,903.5415,1894.2019,2000.0344
pathset2sattwin,False,25,random_40_5_3,40,377,377,5984.86528397, ,0.4767,0.7673,1.7671,1.8417,3.5454,5.4614,6.1604,9.0754,11.4015,13.4706,14.9634,20.8041,21.6615,36.1915,39.3229,62.9273,97.6931,214.3067,283.6265,529.3815,963.6304,1646.2154,2000.0445
pathset2sattwin,False,25,random_40_5_4,40,379,379,5860.3770051, ,0.4001,0.6037,1.1634,1.98,3.3797,5.1217,5.0196,9.3515,11.9228,14.2024,15.6956,22.0722,28.2715,36.6196,45.9729,78.3051,123.6984,166.9259,319.419,439.8174,902.7278,1627.5426,2000.0365
pathset2sattwin,False,26,random_40_5_5,40,421,421,4810.58910584, ,0.4267,1.0747,1.4602,2.1785,2.5571,3.354,5.2489,8.3775,8.0068,11.213,14.4107,17.759,21.2702,22.6982,32.251,32.299,40.9056,56.0476,95.0315,185.3012,364.0724,663.702,1220.7803,2000.0389
pathset2sattwin,False,25,random_40_5_6,40,404,404,4817.33989811, ,0.4181,0.7299,1.3701,2.059,4.1552,5.2036,8.671,10.2997,11.6627,13.6304,19.352,17.1576,23.034,25.0612,30.9866,46.9963,72.9702,125.5435,228.3413,394.8651,634.8165,1139.8304,2000.0403
pathset2sattwin,False,26,random_40_5_7,40,412,412,5277.98857594, ,0.4216,0.6495,0.9647,2.0331,2.1542,5.0398,5.3123,7.4504,8.3433,13.5162,15.4487,15.4114,19.7992,21.5884,26.0107,39.0092,74.2669,74.5047,141.9504,258.0396,452.48,739.9817,1353.4424,2000.0377
pathset2sattwin,False,25,random_40_5_8,40,393,393,5292.2675159, ,0.6429,1.3422,1.7358,2.9702,3.9487,5.2175,5.8284,10.7789,11.2214,13.6414,18.2371,16.8227,20.4119,23.0135,36.2829,52.0223,77.4821,123.0963,239.8314,362.658,739.3841,1525.512,2000.0446
pathset2sattwin,False,25,random_40_5_9,40,401,401,5440.67909098, ,0.6297,0.7375,2.0173,1.8569,3.3105,4.7626,7.8657,7.9196,14.5242,12.0121,15.7175,15.8948,23.3095,23.5444,31.8092,43.6387,87.1119,122.3728,200.4848,385.7263,752.7776,1682.4704,2000.0522
pathset2sattwin,False,28,random_40_6_0,40,476,476,5700.38881302, ,0.5864,0.6678,1.2394,2.3855,2.3948,4.4329,5.7662,9.0323,10.4107,10.4598,16.215,13.137,17.8409,16.7762,19.7106,28.7831,21.028,22.7077,26.6148,73.5671,150.4138,267.1939,495.5517,851.4682,1631.8135,2000.0364
pathset2sattwin,False,28,random_40_6_1,40,477,477,4439.01105881, ,0.4926,0.9689,1.5865,3.0018,4.5648,4.9329,7.1213,8.8571,9.9895,9.3206,13.2391,13.3034,15.7427,17.4554,21.4074,21.299,26.5771,27.4348,36.6615,54.7678,103.0573,182.6037,309.8111,506.5777,1038.0485,2000.0376
pathset2sattwin,False,27,random_40_6_2,40,443,443,5265.58923316, ,0.4096,0.9216,1.6098,1.9678,3.397,4.6827,5.7239,7.6188,8.2158,12.5107,12.0214,14.9719,18.9913,24.3249,26.6976,32.3455,42.1194,56.6764,76.9124,116.9181,237.7666,389.2646,770.6452,1398.6504,2000.0472
pathset2sattwin,False,29,random_40_6_3,40,489,489,6210.13372803, ,0.4909,0.7305,1.586,1.9434,3.2722,3.247,5.5761,5.9277,8.539,8.873,10.5717,15.123,20.4936,17.501,22.2927,20.458,24.7718,18.3523,29.6849,59.3884,100.6007,201.7132,404.0612,595.1089,885.7641,1743.8665,2000.043
pathset2sattwin,False,27,random_40_6_4,40,449,449,5187.93424296, ,0.5385,1.0147,1.2423,1.9007,2.2358,5.2939,6.7985,8.0244,10.2087,11.6754,13.8617,19.1074,21.5301,25.5919,19.9045,29.1767,34.033,39.4477,52.4115,101.6971,188.1831,372.4862,736.1007,1485.2796,2000.0393
pathset2sattwin,False,27,random_40_6_5,40,444,444,4760.5140059, ,0.4379,0.6762,0.839,2.1504,2.8201,4.403,5.0064,6.3999,5.8039,8.9215,11.3549,14.1076,15.6051,17.7564,18.0423,30.2473,30.2799,51.8445,65.926,146.6496,176.894,336.1846,693.8122,1114.1579,2000.0401
pathset2sattwin,False,28,random_40_6_6,40,459,459,5815.87213588, ,0.5724,1.1182,1.9956,1.934,4.4129,4.5681,6.8325,9.0929,12.0103,11.8613,16.113,14.9893,16.8073,16.316,22.3195,30.9142,25.3895,26.4648,44.4392,62.7454,121.3201,248.604,432.5597,945.3157,1736.9904,2000.0472
pathset2sattwin,False,27,random_40_6_7,40,446,446,4813.28569293, ,0.7923,0.6524,1.6587,1.5964,2.5074,4.0433,5.5411,5.634,12.3543,10.6499,10.3603,14.9903,15.6646,17.516,21.7138,27.3682,31.6507,53.731,83.9856,126.5611,209.3933,303.8916,605.2,1245.6488,2000.0372
pathset2sattwin,False,28,random_40_6_8,40,475,475,4664.68089914, ,0.5115,0.924,2.0755,2.3418,2.9142,4.4109,6.3445,6.0622,8.3737,10.6325,14.5505,13.8995,17.9662,22.1966,24.0534,21.195,21.8516,29.2257,35.4019,50.5666,85.4842,149.208,387.515,638.7704,1108.0298,2000.0352
pathset2sattwin,False,28,random_40_6_9,40,468,468,5018.1764369, ,0.4672,0.5777,1.0886,1.8696,3.89,5.206,4.9874,7.7907,7.4714,9.548,9.9161,11.3863,15.7219,15.0939,24.3587,27.3738,32.6671,35.0432,68.1678,78.2218,147.3954,238.998,320.7516,679.5203,1270.4812,2000.043
pathset2sattwin,False,31,random_40_7_0,40,547,547,5036.95901394, ,0.5705,0.7185,1.1957,2.1383,2.9303,3.7019,6.1856,6.8113,8.461,11.2575,13.2661,17.127,15.2512,17.1496,15.5709,17.2893,13.3208,12.8919,10.5006,10.6059,11.6697,18.9429,23.1172,99.409,201.6677,427.4476,770.4961,1297.0715,2000.0379
pathset2sattwin,False,31,random_40_7_1,40,534,534,6151.71402502, ,0.5866,0.7928,1.0678,2.1433,3.4798,4.7646,6.3248,8.126,10.6936,10.3804,16.1319,14.6489,18.8596,12.4737,13.4253,14.8332,16.1615,16.0637,17.3489,17.803,17.9575,22.4875,62.4421,129.8363,241.0153,456.3972,1028.1767,1987.0666,2000.0413
pathset2sattwin,False,32,random_40_7_2,40,567,567,4396.36389399, ,0.9377,1.1063,1.1695,1.8419,3.1872,3.9696,4.8683,4.1331,7.3437,6.5496,7.7488,10.1885,12.9321,16.8708,11.7975,17.2858,13.2584,14.4974,11.7787,14.3323,10.7667,11.5937,17.1106,26.9109,52.2197,155.4841,295.9992,558.8412,1101.4042,2000.0482
pathset2sattwin,False,32,random_40_7_3,40,561,561,5005.22659707, ,0.6914,0.914,1.1997,2.4295,2.791,3.4689,4.9638,8.3972,8.4335,10.7226,9.2495,12.2931,14.9757,11.8692,10.9704,15.9613,13.8246,13.3315,12.8045,14.6772,17.2817,28.1443,40.7655,55.5083,118.9238,219.6468,377.0977,704.7388,1268.9288,2000.0443
pathset2sattwin,False,32,random_40_7_4,40,568,568,4491.583529, ,0.5785,1.054,1.6048,2.06,3.676,4.5517,3.6777,5.4881,8.371,9.1387,11.7016,11.577,13.9754,15.6546,18.0641,13.4037,16.6981,13.2391,12.3612,12.0026,9.3947,10.0652,14.8225,33.0346,71.3731,175.3905,301.9668,572.1389,1124.3151,2000.0426
pathset2sattwin,False,30,random_40_7_5,40,515,515,5617.4701221, ,0.5788,1.2062,1.5507,2.2445,2.0793,3.5231,4.7267,7.5613,8.6938,12.991,8.9216,13.9479,19.3369,15.5741,16.1513,12.0915,17.5912,20.4953,23.7508,21.1923,37.9497,65.4513,126.395,279.9716,480.0872,858.9178,1554.2707,2000.0535
pathset2sattwin,False,32,random_40_7_6,40,565,565,4372.42887497, ,0.5248,0.8711,1.3294,2.2454,1.7724,3.5151,3.1032,4.4117,6.2982,8.9639,7.2815,10.3012,11.6346,15.4062,13.7765,16.6973,14.8849,12.1505,11.9462,11.3901,10.5522,13.0101,14.8332,41.9779,77.5189,141.1299,315.8921,609.3818,989.4478,2000.0386
pathset2sattwin,False,32,random_40_7_7,40,557,557,5854.53606606, ,0.6612,0.6549,1.0497,2.2474,2.9483,4.1693,4.3751,4.7274,5.1975,6.1257,12.3586,11.2766,10.7233,14.1964,11.5714,12.985,13.3149,12.6076,12.1524,15.59,15.7746,20.9602,33.4253,67.1339,158.007,265.2597,479.022,896.5989,1759.2332,2000.0398
pathset2sattwin,False,31,random_40_7_8,40,540,540,5117.57576585, ,0.6862,0.9917,2.2701,1.7978,2.6707,5.0376,5.0013,6.2337,10.1012,9.9063,12.5846,16.1438,16.4217,14.7317,16.643,15.3253,14.7259,12.4025,14.4122,13.2675,21.869,34.7631,72.1589,85.7009,227.2065,374.4427,674.3631,1435.523,2000.0365
pathset2sattwin,False,32,random_40_7_9,40,553,553,6034.94658899, ,0.778,1.2502,2.0635,3.214,4.5477,4.7908,4.6303,7.7574,10.9005,9.0637,12.4515,13.984,13.2541,19.5592,16.8916,14.0861,14.3835,16.8091,11.6613,14.2584,14.1193,18.8803,23.9172,61.5647,143.7543,292.5545,529.8015,1064.4146,1689.3911,2000.0459
pathset2sattwin,True,34,random_40_8_0,40,631,631,2032.95444894,3.2136,0.6552,0.785,1.5007,2.3087,2.8223,4.8358,3.3071,3.5292,5.1779,6.4851,9.271,10.4637,7.8486,10.7967,11.4767,12.8698,13.0215,13.1624,10.2567,8.8247,10.7649,9.3164,6.9743,7.5538,6.9405,11.6435,16.8842,54.0833,140.3336,243.3129,421.0464,961.3147
pathset2sattwin,True,34,random_40_8_1,40,622,622,3364.56922197,0.7075,0.5908,0.6394,0.9096,1.159,2.0631,2.2683,3.8963,2.5075,5.9405,5.0272,8.8304,11.0885,8.8903,10.412,12.8571,15.4729,13.664,7.8282,8.7806,8.6226,8.8667,7.5671,9.7536,8.5329,9.4214,14.6622,26.2352,89.4999,258.4456,418.5936,754.1806,1626.4916
pathset2sattwin,False,34,random_40_8_2,40,611,611,4079.730829, ,0.5144,0.7117,1.2201,1.0768,1.3286,1.3817,1.4516,2.1997,2.7935,4.2262,4.7679,6.0782,9.8316,9.2132,10.2655,9.8406,9.4356,9.532,10.9752,12.4014,10.0385,7.3974,9.6913,13.7857,17.7871,29.9013,54.5306,124.2575,299.6799,476.1824,927.0363,2000.0402
pathset2sattwin,True,34,random_40_8_3,40,636,636,1736.49969602,3.9627,0.7673,0.8591,1.1548,1.5408,1.5968,3.6281,3.4706,4.4975,5.3893,5.0411,6.2409,5.7261,6.7304,7.9013,6.5315,8.3877,10.7293,12.1629,10.5679,8.7641,7.8356,7.1785,7.9899,6.7863,7.0612,9.748,16.6798,40.3023,72.1379,184.1363,431.5771,829.232
pathset2sattwin,True,34,random_40_8_4,40,625,625,2674.08367109,0.8633,0.5937,1.2222,1.5076,2.2057,4.1515,3.546,5.0335,6.6033,7.4213,7.1042,10.6083,11.3015,11.1329,12.3947,10.8149,9.3103,13.9133,13.0752,8.7242,7.9645,12.9964,10.2976,8.691,9.686,10.5006,11.1082,25.406,53.1288,104.6817,280.9961,698.8308,1298.1027
pathset2sattwin,True,33,random_40_8_5,40,624,624,1632.95872498,1.0433,0.7301,0.6839,1.0738,0.9786,2.6419,2.634,3.4493,4.2803,4.1972,9.163,7.6856,11.3906,13.1501,11.7948,14.6302,14.0379,14.3934,14.9779,9.0667,13.0893,9.7262,9.0598,9.7786,9.7906,8.4242,17.3064,51.7285,76.839,219.2205,379.9221,685.8975
pathset2sattwin,True,33,random_40_8_6,40,633,633,967.66554904,6.125,0.7916,1.1178,1.8149,1.9871,2.0496,3.5,6.2296,4.9754,4.7297,6.5664,9.215,8.3376,9.8868,11.3406,10.7386,12.1045,13.1539,9.8131,12.624,12.5496,9.9313,9.1783,10.4554,9.9228,10.1949,13.0714,21.5694,36.1851,87.6531,217.7738,391.9137
pathset2sattwin,True,33,random_40_8_7,40,626,626,1491.60549498,9.8836,0.6197,0.6213,1.2985,2.0997,1.8959,3.4406,3.2746,5.9892,5.7617,9.6364,8.8678,8.7694,12.3024,10.0831,14.0271,15.0578,12.9184,11.5131,12.0895,8.894,11.8881,8.4988,9.6023,11.8226,9.754,26.9974,70.0204,104.8429,202.4972,267.421,609.0491
pathset2sattwin,True,34,random_40_8_8,40,629,629,2271.977139,1.3807,0.7272,1.1725,2.6184,2.4115,3.1739,6.0999,6.3459,5.756,4.3545,6.571,8.0966,7.0166,9.8408,12.5071,14.3981,8.8016,10.1274,13.0962,9.4096,7.815,10.2876,8.8504,7.7555,8.4395,8.3509,11.3302,31.5842,77.3623,157.7088,299.7245,494.4182,1014.2638
pathset2sattwin,True,33,random_40_8_9,40,612,612,1728.84984517,1.4663,0.5493,0.7446,0.9255,1.1914,1.283,1.9145,3.9024,2.8377,6.7776,5.1002,5.5226,9.9885,11.2055,16.334,15.7247,11.8847,9.8326,16.1562,9.4378,7.8997,10.2866,9.2741,11.3305,13.6523,21.0237,47.2043,62.4261,99.544,177.0375,440.6695,695.5528
pathset2sattwin,True,36,random_40_9_0,40,714,714,380.83206296,0.5754,0.7122,0.9519,1.216,1.3949,2.8299,2.883,5.1528,4.6086,5.2217,6.585,5.1996,7.2741,6.8994,5.9453,10.2341,9.08,7.4942,7.8613,9.18,7.6933,8.4128,8.3108,8.3804,7.4448,7.4712,7.2199,7.3479,7.1126,7.0589,7.2256,12.0168,28.3758,47.9256,107.3812
pathset2sattwin,True,35,random_40_9_1,40,713,713,251.093549967,1.0889,0.5977,0.65,0.7181,0.8785,0.9653,1.2223,1.5946,2.06,3.0736,3.2928,3.5487,4.4428,6.5916,4.6868,5.4645,8.0456,9.4178,9.4984,9.6968,8.2689,7.8572,9.363,11.3861,8.7409,10.2728,7.2972,8.0863,6.9059,6.0348,7.4721,12.3051,23.8253,45.5571
pathset2sattwin,True,36,random_40_9_2,40,694,694,634.046737909,0.7127,0.6839,0.782,0.9585,1.5214,1.4783,2.3193,1.7459,3.4709,2.9102,2.676,3.5941,5.741,6.2612,5.9453,7.5321,8.7383,9.0202,8.385,9.1897,8.5631,11.5061,7.7569,10.946,7.1863,6.6042,8.3294,6.9447,6.321,6.0529,11.3461,22.2865,37.9986,92.243,306.1107
pathset2sattwin,True,35,random_40_9_3,40,709,709,298.558735847,1.6605,0.7563,0.7938,1.564,1.6311,1.4171,2.8395,3.5502,5.0035,5.5928,6.2661,5.8773,5.2826,7.4488,8.0112,7.822,11.8803,9.8502,7.4588,7.9589,7.2695,7.0954,7.7182,6.1091,6.3796,6.2699,6.7551,6.6345,6.1642,6.3889,6.447,18.2776,32.9184,71.305
pathset2sattwin,True,36,random_40_9_4,40,711,711,426.917317867,0.6059,0.6358,1.0048,1.0516,1.5412,1.7166,3.104,2.3808,2.4768,4.1647,6.0327,7.5613,7.7145,7.4048,7.9672,10.1164,8.3105,8.298,10.4144,11.1244,6.9411,8.7162,9.0598,7.2624,6.3664,6.2486,6.806,6.3951,7.3354,7.1568,9.1172,10.7705,45.8514,65.253,119.8283
pathset2sattwin,True,35,random_40_9_5,40,694,694,427.87967205,0.6756,0.6817,0.7593,0.9506,1.0295,1.4575,2.3083,3.6376,3.1635,3.482,4.4676,7.4262,6.4688,7.7992,9.0229,8.5876,8.9053,7.7031,9.7399,6.4741,8.2001,7.1354,9.0499,7.5528,7.1961,6.95,7.2206,7.1357,6.6969,7.4202,10.7115,24.8983,67.0761,155.7159
pathset2sattwin,True,36,random_40_9_6,40,704,704,455.366710901,0.722,0.7616,0.7458,1.2532,1.6719,2.6164,3.4503,3.5246,2.7248,5.1137,3.0352,4.3217,8.2714,6.6157,7.5799,7.8702,9.2648,9.7462,8.6788,8.7692,9.0585,7.8767,9.4009,7.9384,7.9557,7.6895,7.55,6.4138,8.3619,6.9491,8.4445,8.8932,32.7469,66.9166,162.2351
pathset2sattwin,True,36,random_40_9_7,40,705,705,483.802540064,0.793,0.8155,0.8469,0.9841,1.2195,1.7772,2.9623,3.2307,4.5798,3.3423,4.9941,5.5006,7.8151,6.0342,6.5846,6.8093,8.6142,7.7847,9.1709,8.0511,8.7778,9.6146,6.6092,6.8144,7.2498,6.5529,8.3407,7.0637,7.2181,6.2274,6.5966,16.4913,19.9721,72.4501,201.7389
pathset2sattwin,True,36,random_40_9_8,40,697,697,641.331075191,0.6201,0.69,0.9181,1.1935,1.8001,2.3366,2.8738,3.8646,3.0711,4.6478,4.6693,5.1395,7.79,8.4465,12.0708,8.7688,11.5489,8.731,11.532,6.9406,7.622,11.9205,7.1336,7.045,7.0042,7.4244,7.042,6.7071,6.9971,6.4758,7.1595,10.0585,42.7549,126.1633,271.9867
pathset2sattwin,True,35,random_40_9_9,40,704,704,325.265898943,0.7507,0.6928,1.3536,1.3395,1.7058,2.8833,3.8451,4.0969,6.3824,7.0357,6.4134,6.353,8.5608,7.9215,8.4269,7.4044,9.1229,7.3755,6.674,6.6921,6.0324,7.4236,6.6565,7.3835,7.5618,6.7721,7.0769,8.3383,6.4119,6.4767,10.9564,13.7951,38.7887,86.3968
pathset2sattwin,False,13,random_60_1_0,60,166,166,5967.07369304, ,1.2947,3.1723,8.707,24.5405,52.6432,69.438,162.8231,502.3324,1144.8723,1997.151,2000.0374
pathset2sattwin,False,13,random_60_1_1,60,156,156,4945.64426899, ,1.4454,3.356,12.2397,17.8352,36.5337,54.7114,89.1382,216.5284,648.5062,1865.193,2000.0975
pathset2sattwin,False,14,random_60_1_2,60,176,176,4890.63782215, ,2.8066,3.4897,13.8157,23.4934,35.9532,47.6084,113.8759,176.9741,395.8751,683.2529,1393.3706,2000.0506
pathset2sattwin,False,13,random_60_1_3,60,162,162,4794.569484, ,1.6418,3.4891,10.9384,27.8969,44.3817,70.8317,157.1285,350.1072,749.0514,1378.9918,2000.0425
pathset2sattwin,False,14,random_60_1_4,60,165,165,5102.16007113, ,0.775,2.1339,15.0228,12.8384,27.7408,51.0426,79.1573,163.9436,349.5174,749.1094,1649.8628,2000.2278
pathset2sattwin,False,14,random_60_1_5,60,194,194,5303.40130806, ,1.6677,4.0503,9.7714,15.785,27.5871,46.7671,70.9219,132.8124,358.8087,915.1865,1719.9336,2000.0427
pathset2sattwin,False,12,random_60_1_6,60,149,149,3586.35013008, ,1.6648,6.0088,13.7722,29.0843,48.8951,68.3533,196.0719,405.708,816.6942,2000.0421
pathset2sattwin,False,13,random_60_1_7,60,167,167,4054.01570487, ,1.2659,3.8802,10.0121,18.0758,27.7412,46.6915,86.778,253.1243,513.456,1092.8802,2000.0481
pathset2sattwin,False,13,random_60_1_8,60,172,172,5013.93335485, ,2.08,6.3965,19.748,21.2221,46.4752,67.0648,139.9719,246.201,621.0664,1843.5925,2000.0537
pathset2sattwin,False,14,random_60_1_9,60,179,179,5691.93308616, ,1.0589,3.6545,12.0401,19.7395,40.2672,52.1213,66.7337,201.4918,411.634,886.3008,1996.7758,2000.0383
pathset2sattwin,False,19,random_60_2_0,60,367,367,5662.17764521, ,1.7769,3.1245,8.8478,13.993,22.0082,32.0719,52.2289,71.1919,89.4218,119.9503,161.4416,175.3795,261.2491,378.7595,741.4117,1529.1724,2000.0437
pathset2sattwin,False,19,random_60_2_1,60,362,362,6771.96096611, ,2.1073,5.0649,23.4184,19.8745,23.7361,36.9563,46.3648,55.8396,95.3569,113.4881,147.0299,271.9627,397.7816,686.1302,1032.4661,1814.2399,2000.0424
pathset2sattwin,False,19,random_60_2_2,60,362,362,6886.37560511, ,1.4038,3.5834,7.957,11.102,25.1222,30.8105,48.3856,51.9174,81.2107,116.1504,153.0063,225.4313,336.1294,598.5701,1202.6563,1992.7859,2000.0446
pathset2sattwin,False,19,random_60_2_3,60,367,367,6319.81984019, ,1.9905,5.1503,8.7263,14.5567,20.0537,26.648,41.5751,49.4768,81.8595,107.8705,163.9758,201.0581,326.701,495.6326,1010.0283,1764.3804,2000.0362
pathset2sattwin,False,18,random_60_2_4,60,348,348,4358.01967597, ,1.6599,3.7063,8.7111,11.1796,21.5049,27.6296,36.641,57.8019,91.8107,107.7772,136.0124,218.8247,291.642,396.8623,945.6175,2000.5582
pathset2sattwin,False,19,random_60_2_5,60,364,364,5404.43331504, ,1.5262,5.2436,10.0742,13.0731,23.8627,33.0309,43.7783,60.7018,69.4077,93.8515,124.6527,179.3655,269.4119,403.9654,833.5688,1238.7625,2000.0514
pathset2sattwin,False,19,random_60_2_6,60,379,379,6239.52183104, ,4.0937,3.6,14.846,19.7491,23.2675,39.6105,56.3695,75.2455,71.6889,89.4729,112.7936,158.0452,277.6405,538.6363,918.6859,1835.6364,2000.0382
pathset2sattwin,False,19,random_60_2_7,60,367,367,6921.637501, ,2.642,3.9169,6.0446,13.3413,22.2232,32.8645,50.4637,70.053,96.6063,124.3855,144.0347,201.5739,344.1332,673.5895,1226.5048,1909.1208,2000.045
pathset2sattwin,False,18,random_60_2_8,60,364,364,5466.44170594, ,2.2114,4.2965,9.4855,15.1238,17.567,36.3556,48.4566,66.9856,83.0751,104.0122,130.361,235.2481,449.424,749.898,1513.7923,2000.0512
pathset2sattwin,False,19,random_60_2_9,60,373,373,5389.69379497, ,2.0402,4.9461,8.3103,25.6353,20.836,39.4299,48.7904,73.6024,77.7509,120.2815,129.0903,178.642,309.5467,429.0109,645.7332,1275.8722,2000.0629
pathset2sattwin,False,23,random_60_3_0,60,522,522,6130.67569494, ,1.8312,2.682,5.6379,11.2178,12.54,17.824,34.4933,38.5907,61.9284,99.6586,82.4116,112.5993,127.0791,161.6017,203.4239,277.114,361.0708,486.8613,690.5007,1341.4271,2000.0378
pathset2sattwin,False,22,random_60_3_1,60,494,494,6579.22081494, ,2.4628,3.72,6.5199,8.4293,17.8631,27.8651,30.969,51.4309,68.3869,82.9879,86.8887,131.9497,135.7576,163.5485,282.7684,378.9543,597.0075,950.5946,1550.8992,2000.0856
pathset2sattwin,False,23,random_60_3_2,60,551,551,7500.48457909, ,2.4632,3.7077,9.0357,13.8551,24.2401,19.4364,38.183,51.7039,70.3769,63.2687,99.3279,107.8247,117.1512,163.3403,194.9847,265.4402,424.5845,716.4418,1240.7193,1874.2237,2000.044
pathset2sattwin,False,22,random_60_3_3,60,531,531,5986.03871202, ,2.3519,4.7832,5.1689,9.989,19.2126,34.4159,39.891,68.3419,73.3974,98.8538,107.252,122.0682,156.0126,208.0838,237.1971,359.741,502.8097,658.0656,1278.2335,2000.0435
pathset2sattwin,False,23,random_60_3_4,60,524,524,7183.47813892, ,2.4013,4.2622,7.4405,13.9137,14.6109,27.1666,32.538,48.3157,69.5445,76.6869,98.6813,116.3422,124.5324,160.689,257.6023,317.4635,416.9115,614.7829,1012.8354,1766.5688,2000.0524
pathset2sattwin,False,23,random_60_3_5,60,557,557,6116.24846292, ,2.802,5.3477,7.7799,11.736,17.8774,20.809,43.1467,40.1671,61.8853,69.9783,96.2313,115.4236,122.6885,144.9669,205.8135,221.0845,356.9783,460.3227,673.0608,1437.9486,2000.0397
pathset2sattwin,False,22,random_60_3_6,60,511,511,6521.40927482, ,1.7311,6.1899,6.8009,17.008,21.7166,24.5422,39.8955,55.598,87.3903,103.061,113.754,120.8355,138.8645,169.6667,229.5036,317.1169,604.9928,952.8124,1509.7526,2000.0439
pathset2sattwin,False,22,random_60_3_7,60,512,512,6331.7453239, ,2.5716,3.4299,5.6538,13.2281,18.297,29.0015,37.4885,50.155,59.8739,71.2422,85.3358,107.6934,140.0904,207.5987,237.8825,354.021,445.5266,891.8389,1570.6487,2000.0445
pathset2sattwin,False,22,random_60_3_8,60,529,529,5992.41108203, ,2.1842,2.9931,6.7061,8.507,15.0913,22.099,29.6618,44.7162,67.4182,74.6387,81.8478,110.6268,144.807,175.2142,217.0947,291.7131,473.9677,754.743,1468.2138,2000.0364
pathset2sattwin,False,23,random_60_3_9,60,549,549,7037.93741798, ,1.7586,4.0716,8.6723,10.5993,22.7864,25.7053,42.4247,55.6256,73.8747,83.7477,91.0373,116.5281,127.6776,184.0312,253.0228,326.1857,431.1075,662.1768,952.0001,1564.7329,2000.0411
pathset2sattwin,False,27,random_60_4_0,60,730,730,8177.155756, ,3.558,5.4909,4.6303,10.1772,13.0075,23.0647,32.9113,44.1033,70.6644,71.3546,102.6793,104.5979,132.2016,123.1313,178.892,225.0949,246.7891,265.9251,395.8655,431.7977,499.5166,663.2855,964.0193,1564.1982,2000.0409
pathset2sattwin,False,27,random_60_4_1,60,693,693,8025.52994609, ,1.5824,2.122,6.1127,6.5187,8.5225,22.2873,34.1639,38.01,52.0428,62.419,80.9096,100.7895,125.873,145.333,157.101,172.1604,225.4067,268.8225,304.5381,346.3717,488.5879,757.2192,1088.0076,1529.9164,2000.0388
pathset2sattwin,False,28,random_60_4_2,60,756,756,8564.42483997, ,2.6845,5.5439,9.0409,11.4046,25.8623,19.8667,42.9491,52.2476,68.1496,79.6139,76.5042,118.3032,114.0239,135.9112,176.4225,181.1977,241.5907,256.9932,293.1135,368.2031,458.7973,503.8056,715.027,1033.3125,1573.6289,2000.0443
pathset2sattwin,False,26,random_60_4_3,60,677,677,8176.41971517, ,2.874,5.4094,6.7931,9.6226,16.6183,21.8425,25.4515,42.2329,44.041,76.0034,84.6378,98.7535,121.8117,159.8529,231.6404,288.3751,247.119,252.0415,469.9406,729.344,583.2899,1319.8106,1338.6656,2000.0649
pathset2sattwin,False,27,random_60_4_4,60,684,684,8959.42606688, ,2.6471,5.0547,7.1032,10.7407,15.6894,23.4886,34.9323,48.3027,61.9298,74.5549,116.7725,114.1551,129.8807,151.2437,163.3122,202.2831,237.183,321.1815,370.7754,469.5273,568.1897,691.3565,1194.8333,1944.0907,2000.0428
pathset2sattwin,False,25,random_60_4_5,60,654,654,6841.62869287, ,3.3326,5.9912,6.5228,5.1164,11.2222,31.2586,26.1753,34.3335,62.3672,69.5609,72.7339,103.8022,109.3741,143.7224,180.4139,215.035,281.7489,357.3855,451.3361,595.0509,768.415,1306.5339,2000.0465
pathset2sattwin,False,27,random_60_4_6,60,687,687,8548.77713418, ,3.6859,10.6317,8.3391,38.6107,19.755,27.2068,46.9343,47.2873,58.7533,67.9196,89.1645,111.6448,133.0429,150.1361,166.671,173.5684,195.9277,252.1136,298.5813,396.2828,592.8749,732.5256,1136.1025,1790.8343,2000.0356
pathset2sattwin,False,28,random_60_4_7,60,726,726,9380.18475604, ,2.7251,4.3477,7.2853,13.2816,11.9475,16.3795,29.7025,32.352,51.4171,56.4616,78.2652,104.5376,114.5461,140.2024,177.6328,175.1109,250.8502,282.1531,333.8827,364.1907,582.0538,622.2264,851.0115,1187.6931,1889.7085,2000.0491
pathset2sattwin,False,27,random_60_4_8,60,698,698,7943.34950113, ,2.2029,3.4948,6.4679,11.1265,17.8283,17.8836,28.2737,40.589,52.0566,70.6823,95.6947,115.2105,126.1633,147.3103,188.942,180.3504,218.2195,253.1677,312.7762,437.0386,451.5923,756.4648,1016.2056,1393.3893,2000.036
pathset2sattwin,False,27,random_60_4_9,60,695,695,8234.3094368, ,2.2035,4.004,6.888,14.9763,18.2659,28.9014,25.9056,37.7427,50.9196,55.8971,82.1752,101.6998,134.4036,119.4787,152.4145,168.6284,197.4939,215.5495,318.8036,430.7201,473.2113,832.8913,1168.2797,1592.6574,2000.0444
pathset2sattwin,False,32,random_60_5_0,60,909,909,10893.6396899, ,4.4469,8.5356,11.3185,11.8458,23.8848,27.1573,29.6393,39.8457,58.4513,69.8853,77.1253,86.3871,80.1783,102.1103,127.7377,130.0709,195.0005,225.7277,242.6335,296.219,323.0224,357.311,389.3018,425.6704,578.5861,671.348,914.4587,1446.1058,1939.3981,2000.044
pathset2sattwin,False,30,random_60_5_1,60,863,863,8623.91119194, ,1.8094,2.3461,7.5424,10.1854,9.4544,17.1551,20.7283,38.4235,39.9852,55.6205,65.1553,64.9596,102.6922,107.2441,147.6719,172.5417,188.9744,208.8988,216.0204,271.0692,295.1945,318.3243,444.856,552.8302,727.9535,1049.5075,1486.5429,2000.0482
pathset2sattwin,False,31,random_60_5_2,60,881,881,9430.90297914, ,2.5175,4.4496,11.8343,13.697,14.1903,19.4899,26.4907,38.7386,43.3586,54.4046,68.7909,85.9149,84.8028,100.6086,122.4006,155.2765,155.7287,174.7522,221.08,279.7296,297.0293,315.1525,415.4702,527.8974,640.3828,784.055,1044.1662,1728.2624,2000.0489
pathset2sattwin,False,32,random_60_5_3,60,920,920,9788.53398895, ,1.5965,3.5402,5.933,8.9055,15.66,16.3545,29.2143,32.9873,61.0736,61.2846,107.0464,79.486,87.6327,118.2717,130.7375,177.4603,194.2022,213.9404,200.5764,248.8388,246.8802,279.3968,298.8568,350.3493,484.0082,640.4514,1005.7842,1127.6938,1560.1337,2000.0438
pathset2sattwin,False,32,random_60_5_4,60,905,905,10002.6253529, ,2.8299,3.149,4.7565,9.2024,18.3896,15.641,27.1134,46.0136,43.6157,56.4354,88.7969,102.5309,97.2495,125.0901,142.2154,154.4186,196.9634,188.5091,213.2704,247.7216,297.9787,272.3828,302.8466,383.8078,497.9029,700.3291,908.4424,1130.6625,1724.1148,2000.0491
pathset2sattwin,False,33,random_60_5_5,60,929,929,10463.4669981, ,2.2598,5.7319,6.457,9.2726,11.3906,20.6918,25.8838,29.9808,46.7576,53.2208,60.442,77.35,110.2374,115.3532,121.7777,144.9526,163.6725,182.4202,209.3437,200.1645,241.0356,285.7955,286.7323,331.3364,445.2755,552.7467,660.0191,900.9375,1281.295,1880.7115,2000.0349
pathset2sattwin,False,30,random_60_5_6,60,863,863,8325.05560088, ,3.4416,3.1133,7.3452,9.4127,12.269,16.5513,37.6756,36.449,38.5571,68.6222,75.162,100.3311,117.89,129.1102,135.6231,168.7977,148.888,215.1662,232.8273,262.9503,265.1422,406.5051,425.5402,511.2568,674.4741,984.72,1237.008,2000.0382
pathset2sattwin,False,32,random_60_5_7,60,903,903,10255.5921531, ,3.0928,3.4811,7.4736,11.491,9.5764,22.6511,38.9739,51.488,41.5051,64.7357,64.5081,87.5834,94.6006,110.5534,139.5126,152.6279,162.8125,176.9971,191.7672,222.4953,241.6468,363.2486,355.8551,400.3205,511.5718,687.0166,953.478,1244.6658,1839.6396,2000.0375
pathset2sattwin,False,31,random_60_5_8,60,883,883,9008.53959489, ,2.2441,4.6816,3.7965,9.6041,12.3682,16.0047,18.1595,21.3869,39.7754,32.9909,47.5409,73.952,79.1171,100.3794,163.7197,165.718,191.9828,199.1528,236.9888,269.6891,298.6345,303.3007,387.5865,420.8614,585.417,848.6607,1164.7162,1309.8783,2000.0424
pathset2sattwin,False,31,random_60_5_9,60,857,857,10093.9754648, ,4.0117,6.3603,9.6646,13.6514,13.8876,17.6514,29.3087,30.6817,48.4185,51.7493,75.5685,99.3236,131.974,149.3665,146.6509,146.3758,231.4418,228.8665,203.0401,263.6639,296.6476,365.6825,385.1234,457.1173,669.1776,808.9657,1348.8087,1860.5812,2000.0447
pathset2sattwin,False,36,random_60_6_0,60,1066,1066,10335.766638, ,1.5864,3.9691,5.2029,8.9776,10.5383,14.1946,16.9782,19.9695,30.8647,31.1933,46.2919,86.9618,76.8974,138.9576,92.5033,151.7405,107.1083,109.556,154.7849,161.0445,221.896,236.1808,226.261,247.1887,257.882,223.2386,229.2071,313.964,349.2589,500.6949,812.8414,1457.3988,1990.112,2000.0895
pathset2sattwin,False,36,random_60_6_1,60,1049,1049,9639.4935708, ,1.6915,3.1037,4.3111,7.3213,9.5872,24.2858,24.2223,42.3061,46.1227,35.4447,46.1273,60.1274,93.4952,107.6881,128.536,161.4279,147.1226,161.0161,157.4834,176.5062,180.346,187.8331,169.8293,186.0646,144.3354,158.0021,212.5711,209.9137,345.5117,565.1038,802.2257,1207.7139,1831.8639,2000.0453
pathset2sattwin,False,37,random_60_6_2,60,1102,1102,9921.68649101, ,2.2102,4.2485,5.7356,11.2909,10.62,19.5217,26.7084,36.5803,39.2437,57.4932,43.8087,74.3832,74.5958,91.395,108.5524,116.548,111.0245,102.2132,168.4355,161.3672,196.4009,173.388,206.3691,222.5166,193.3174,183.6763,201.5116,233.6402,217.6547,340.6482,568.317,818.6275,1236.7544,1862.6199,2000.0441
pathset2sattwin,False,36,random_60_6_3,60,1062,1062,9397.54354906, ,2.273,4.4495,5.5354,9.1406,11.154,13.4839,12.4079,21.6331,39.5969,40.9417,64.0437,58.6512,79.7614,119.4743,126.509,159.4455,157.7603,187.1377,185.1077,220.4852,177.381,166.7061,148.574,212.6224,164.1624,187.6349,185.2878,169.9433,241.4651,406.9211,683.7363,1305.9308,1827.9301,2000.0409
pathset2sattwin,False,36,random_60_6_4,60,1072,1072,8377.79687095, ,2.3395,4.1719,6.9102,19.0827,12.1039,14.996,20.1064,23.0741,40.7404,56.4095,45.9745,60.2726,66.1264,90.0629,73.8105,136.5097,133.8272,144.2265,168.2133,175.9637,184.3845,194.3374,183.4887,216.7303,249.0225,251.7267,250.2812,223.4904,263.8877,409.1184,536.4509,794.0212,1325.6719,2000.0511
pathset2sattwin,False,35,random_60_6_5,60,1049,1049,7690.20631409, ,2.4568,3.3153,4.4776,5.4115,19.9864,18.5977,24.2625,34.8229,35.672,35.9682,68.7342,97.0434,71.7649,93.217,108.4916,125.4066,132.2213,179.4262,165.5576,217.5729,232.9333,230.5228,222.6597,181.1978,196.9658,206.0898,197.7121,209.2095,258.4104,393.4279,735.8925,1180.5256,2000.0501
pathset2sattwin,False,35,random_60_6_6,60,1045,1045,9210.92592287, ,2.2992,3.7615,6.1386,13.9827,11.5027,15.4775,20.6794,30.2894,43.6812,50.6745,68.1839,66.0834,74.4105,99.8435,112.5698,105.9802,114.0801,124.3924,143.5235,190.2691,189.308,234.5887,191.3302,207.7719,228.5792,241.6844,329.9857,347.1248,413.323,726.4155,1094.9621,1707.7808,2000.057
pathset2sattwin,False,37,random_60_6_7,60,1092,1092,9382.78431201, ,2.918,3.4688,6.3158,10.5098,12.1614,15.7356,26.591,42.8001,47.32,53.1548,54.9858,81.2603,103.855,118.3521,97.1428,144.8107,120.997,170.1825,171.6868,208.3375,173.086,164.4198,196.1449,194.4308,191.3334,144.8993,147.2813,162.5432,169.4719,194.4902,308.7809,750.8981,1216.5143,1875.6384,2000.0527
pathset2sattwin,False,37,random_60_6_8,60,1079,1079,10538.2855201, ,1.5115,3.6385,6.5178,12.6508,12.0075,15.1405,20.5237,24.2098,27.9716,41.274,48.5051,54.7039,68.8884,83.1913,90.2205,101.746,135.0681,151.3762,172.614,183.8205,171.4467,194.3501,246.9792,230.0545,213.8884,222.306,209.7799,212.1761,267.9193,378.9922,578.6453,1003.8402,1428.1425,1923.9331,2000.0359
pathset2sattwin,False,37,random_60_6_9,60,1090,1090,8310.35591602, ,3.2208,4.2363,6.684,8.0478,11.3814,14.2797,26.2371,31.6941,45.5957,41.9809,53.5925,61.876,79.6829,101.2611,139.6357,114.1269,105.2811,154.7569,143.4615,178.19,166.5917,181.1477,133.9419,151.5763,195.4156,137.6082,175.3573,193.4296,163.0383,236.7996,323.4662,537.092,812.3358,1576.9964,2000.0439
pathset2sattwin,False,40,random_60_7_0,60,1212,1212,8172.6413939, ,2.9495,6.4988,6.2953,10.4348,13.1812,23.3177,21.5829,26.3995,27.4818,35.9327,51.6231,66.1254,91.5064,98.8615,105.4595,118.131,113.6186,128.1216,129.952,154.7612,129.6975,143.5875,169.6854,148.3205,134.1346,120.5586,131.6723,121.4802,108.362,105.2351,95.7008,114.7785,141.2779,285.0177,417.8439,814.1857,1758.5725,2000.0495
pathset2sattwin,False,42,random_60_7_1,60,1234,1234,9447.82291603, ,2.8238,5.936,5.6304,7.5917,16.4736,14.0963,17.4698,23.8246,33.3712,32.2703,45.4952,34.544,53.8678,65.1909,61.9381,81.88,71.1748,115.3033,82.3399,94.9543,165.7261,110.5928,215.9959,163.4405,135.3126,113.6326,132.701,125.0892,137.9549,115.7645,87.1441,111.9092,117.5346,117.6589,219.774,398.5547,1017.4114,1187.0388,1907.9887,2000.0556
pathset2sattwin,False,41,random_60_7_2,60,1233,1233,7465.10647607, ,2.2664,4.7605,5.6014,7.5264,17.9474,11.4817,16.8294,22.833,41.6119,31.8562,39.9038,44.5374,68.2989,56.51,70.705,101.9705,98.2699,100.0288,106.0038,142.7211,135.3217,121.3183,140.2477,136.6285,168.3877,119.3398,138.1765,124.0173,106.0644,97.1507,76.8676,122.5643,105.2923,141.086,192.8504,430.7825,894.2151,1222.8532,2000.0575
pathset2sattwin,False,42,random_60_7_3,60,1235,1235,8733.04713488, ,4.0817,3.0477,5.0324,7.6811,16.3032,13.5387,13.7789,18.4182,39.8165,25.7721,35.4304,29.6676,62.9148,50.9996,63.2626,84.6445,91.2703,92.8148,97.3149,116.3062,117.4476,104.4813,141.8874,134.8101,103.6802,118.8496,114.4805,110.7069,96.623,102.5204,107.4706,96.2221,147.5631,231.988,304.7481,336.9216,464.6626,1085.5672,1940.0155,2000.0373
pathset2sattwin,False,42,random_60_7_4,60,1258,1258,8448.71270204, ,1.9979,2.7608,2.6207,4.6009,5.2346,8.1169,11.1689,16.1855,24.1822,45.3784,31.1616,45.8667,45.0699,79.9421,76.463,73.6695,76.6707,99.4899,118.7775,95.8571,103.2219,105.2091,118.2317,106.9402,137.3385,109.6975,141.6296,84.3064,96.985,108.6736,114.1511,90.6432,109.3431,251.9924,336.0245,405.0131,557.8065,982.146,1623.863,2000.0414
pathset2sattwin,False,42,random_60_7_5,60,1272,1272,6553.48409319, ,2.8978,3.5327,4.9066,9.4947,13.0566,12.3582,18.0203,29.4025,25.2432,44.9002,35.2289,39.8918,70.6228,63.6979,68.2134,73.0004,92.3389,119.9801,113.0523,107.6382,104.2685,134.528,116.2101,101.8351,95.4075,118.3539,89.782,79.7413,82.777,86.4809,78.7651,72.3567,65.7952,61.7342,73.8013,183.8432,316.1083,516.3137,1227.5836,2000.0477
pathset2sattwin,False,41,random_60_7_6,60,1244,1244,5693.435812, ,3.5585,3.6739,3.7692,3.9863,6.4157,14.1778,10.5763,15.0951,17.6594,26.2274,32.7465,32.5353,65.7953,50.7633,77.3861,91.6294,78.8905,85.0058,100.3654,134.2886,106.151,104.4857,108.7499,122.289,114.8984,99.5526,116.1038,92.1997,98.5602,73.6513,69.8235,77.0871,62.4356,74.2331,117.6254,188.8188,364.3466,847.5934,2000.0513
pathset2sattwin,False,42,random_60_7_7,60,1246,1246,8121.92490196, ,3.8195,3.6731,9.8426,10.585,12.8877,12.7411,16.9485,20.1961,23.6111,28.5231,48.0561,44.3748,52.5897,60.2208,65.2248,64.3622,86.5942,96.0804,117.0893,110.302,95.3025,125.0907,126.5164,120.443,156.1202,122.7909,129.6612,143.4856,92.7571,102.6655,102.5931,81.8258,89.2597,122.0358,217.3265,450.3765,579.5822,887.9089,1488.1485,2000.0496
pathset2sattwin,False,42,random_60_7_8,60,1244,1244,8354.43469501, ,2.649,3.295,4.2951,6.9475,8.8442,12.8017,9.6945,15.8697,15.2199,17.7624,26.294,53.457,63.1189,60.4987,55.6214,50.0841,72.8208,77.9115,91.3491,81.838,94.746,126.1965,130.8394,138.8687,121.6701,94.4512,92.5118,94.5073,113.4481,73.2711,71.4107,78.7472,85.5079,142.1828,230.6539,422.1633,629.6354,1129.7824,1753.1561,2000.0412
pathset2sattwin,False,42,random_60_7_9,60,1244,1244,9589.33456588, ,1.7436,2.8983,4.2765,4.9176,6.9882,9.4775,24.1363,11.2576,16.3414,33.7971,35.4629,59.7164,66.9838,79.2394,65.9434,92.6228,86.7819,117.0388,100.2672,134.4479,150.4992,139.4772,133.5334,139.8457,149.9987,138.0266,137.7487,100.6471,120.6334,97.3458,93.6739,93.0923,101.0703,199.4716,338.2422,500.104,858.1338,1167.7871,1975.3434,2000.0337
pathset2sattwin,False,47,random_60_8_0,60,1422,1422,6002.08061719, ,3.6745,6.5296,8.0202,8.6762,10.2329,10.2084,22.0726,33.9901,23.7177,18.892,55.6407,72.8656,46.3467,41.8459,57.9819,73.4376,68.5431,53.2643,51.4467,77.3407,57.4552,80.8,86.1809,71.3533,62.3148,76.4132,86.2537,58.6908,99.0599,68.9746,65.6525,63.9917,57.1788,51.9125,59.9364,49.2196,53.6644,57.9661,59.7304,63.5251,127.5856,253.4641,428.7854,1116.8915,2000.0667
pathset2sattwin,False,48,random_60_8_1,60,1425,1425,8364.95728207, ,2.9674,4.3117,5.5354,10.5741,11.0141,19.8881,16.0115,23.0233,30.194,19.9778,26.3986,37.0304,81.1628,70.2127,48.3726,72.2272,72.0208,76.6292,84.2732,73.7508,86.9439,98.4648,102.629,87.814,120.9882,89.9406,92.4577,85.809,68.5886,72.8414,59.0954,63.1589,58.0081,58.7145,52.1982,50.0611,52.8096,62.0491,64.183,158.8137,211.4108,370.6428,595.5723,1063.9694,1751.9051,2000.0433
pathset2sattwin,False,47,random_60_8_2,60,1412,1412,6214.93880486, ,2.3875,3.1657,2.8957,2.9252,6.7249,8.967,11.616,11.5206,16.9902,22.3715,36.3842,28.2507,51.0246,41.8527,30.5875,56.4319,40.2844,79.2103,64.2091,47.1416,119.4749,96.3796,76.7128,85.3209,80.0835,102.2606,70.7715,59.5577,86.8596,69.7255,75.426,70.4276,62.7563,56.1909,59.8065,50.132,69.1064,77.2948,74.9352,116.8266,125.7185,203.6374,496.525,1263.7368,2000.0616
pathset2sattwin,False,47,random_60_8_3,60,1415,1415,6276.65822411, ,2.6119,4.4419,5.8351,7.9227,16.1086,9.9615,16.8588,17.7589,20.0393,30.4396,39.1638,42.4607,62.0601,40.6979,56.4202,61.5324,68.2709,66.7204,77.2496,99.5346,95.5715,104.1182,89.6845,77.1945,64.5395,64.9368,76.6298,69.3397,59.4041,72.9885,56.3281,71.2296,53.9523,48.6406,50.5377,48.9928,46.7499,47.1547,62.8371,71.2245,72.7637,258.878,680.1903,1186.3494,2000.0535
pathset2sattwin,False,47,random_60_8_4,60,1411,1411,6953.35272694, ,2.3472,4.8015,5.1555,11.0673,11.6144,12.1866,16.2615,23.7666,22.4643,33.8094,45.9264,38.2895,42.2034,45.8931,43.3311,43.542,53.1588,65.2314,70.0642,68.5039,52.0814,52.2778,73.5383,68.0275,74.1975,107.4763,99.1115,78.7685,79.1641,76.364,75.0895,79.1076,58.1854,70.9157,58.1433,52.6125,58.9116,61.4848,73.6946,118.8853,283.8738,490.2969,655.0771,1396.1608,2000.0429
pathset2sattwin,False,47,random_60_8_5,60,1421,1421,6148.19309402, ,3.2417,6.0482,7.2015,10.4321,12.9903,15.4815,25.3336,33.3451,22.3577,25.6847,37.5938,37.6068,45.2568,49.3279,56.9776,58.413,55.2456,70.4484,65.8003,66.1507,74.244,80.6341,66.9313,89.857,75.6408,99.0477,85.5654,80.036,82.4285,61.3173,80.5486,56.9109,58.1095,49.0095,63.1334,50.8889,55.0372,53.5528,99.8663,174.8376,151.239,236.8844,520.6799,996.5111,2000.0507
pathset2sattwin,False,48,random_60_8_6,60,1424,1424,8132.76392484, ,2.4046,3.1744,5.8121,11.4544,12.2743,19.3999,22.074,13.8578,31.4111,29.847,25.4484,49.9344,31.6087,51.658,57.5524,81.92,72.0479,69.2092,61.901,88.4175,90.6197,83.6824,86.6456,101.5267,77.5349,83.0909,79.9196,62.6664,64.9317,62.9125,63.1393,55.6812,52.7484,47.819,47.7489,48.5419,47.5533,45.7265,44.1973,87.5878,112.9123,262.5675,555.6762,1153.6215,1971.985,2000.0366
pathset2sattwin,False,47,random_60_8_7,60,1404,1404,7349.50260997, ,3.0778,4.859,6.0686,9.6646,15.1113,11.6493,25.3899,20.7463,25.3222,34.7174,44.5098,43.6593,41.4826,54.8256,55.9437,63.5669,66.9826,57.7336,60.0801,65.4406,91.5214,70.0843,78.341,92.5494,104.8888,67.1279,66.5244,83.6341,88.444,71.5873,65.8716,66.1235,57.3198,53.1839,57.0188,49.2178,51.6463,67.8563,78.8747,84.566,206.9154,368.5944,1025.191,1591.277,2000.0408
pathset2sattwin,False,48,random_60_8_8,60,1431,1431,7304.76034498, ,3.9253,5.3401,7.2578,9.423,15.6574,24.1279,26.5345,17.9702,18.0063,26.5978,28.1249,37.0541,30.7733,33.1518,49.1792,46.6769,65.1312,76.8918,50.7499,66.8068,68.6799,96.8162,87.3533,84.1855,76.8932,82.6872,74.4644,82.8037,69.9351,74.0143,76.2406,59.2027,58.9522,54.8673,64.0733,51.8717,49.2645,54.4003,63.6137,67.8363,92.4477,186.4334,347.0315,845.5224,1795.4908,2000.0344
pathset2sattwin,False,48,random_60_8_9,60,1437,1437,7024.473984, ,5.064,4.5185,6.8026,9.104,11.4763,12.7256,15.1264,18.8792,19.0543,26.2648,26.7092,27.923,41.2814,39.7683,58.715,43.4149,82.2949,57.4231,39.74,63.9546,65.8258,66.737,76.2692,98.0978,66.6181,69.5374,83.5138,76.3637,69.7626,70.9303,63.4034,46.9917,58.3634,52.7733,56.7514,50.5229,45.0718,50.0937,51.8278,67.5196,225.9984,291.2061,583.1753,741.556,1285.0185,2000.0403
pathset2sattwin,False,54,random_60_9_0,60,1601,1601,5786.50272799, ,2.5499,2.8615,4.2304,6.0865,16.8734,10.397,14.3717,15.1478,16.7034,15.7021,23.6727,25.1208,49.4901,27.9752,45.8816,25.1792,27.9361,32.5207,47.5476,49.316,77.1063,59.0624,66.5222,69.3416,65.0978,71.4741,69.2523,76.0028,52.1947,60.7232,75.275,61.9054,80.145,61.3478,51.9851,51.1604,40.7556,45.2246,45.1248,45.5162,44.4944,43.2952,41.8771,40.3152,37.5455,38.6782,36.7339,53.0053,172.42,441.0739,1151.9071,2000.053
pathset2sattwin,False,54,random_60_9_1,60,1606,1606,5708.9884429, ,3.063,2.9017,3.5764,4.4719,5.1326,14.6314,18.0927,16.3295,26.6846,15.9848,16.2528,34.7938,36.8418,43.6523,27.6772,31.2452,33.7051,53.6278,43.774,66.1717,63.2537,70.1634,65.4682,72.0942,53.8846,64.1607,72.125,70.6335,76.043,42.736,50.7658,65.7365,71.4839,44.6743,57.8293,44.943,47.3696,43.9316,41.3573,42.0256,39.2197,40.0278,41.3196,41.9882,40.088,40.0873,39.1255,47.0109,158.5614,402.1177,1159.8074,2000.0423
pathset2sattwin,False,55,random_60_9_2,60,1620,1620,6130.63976002, ,5.8644,6.3367,5.2706,7.0506,8.1841,8.8058,12.8042,12.9669,16.0101,23.6092,26.8082,19.2173,26.202,39.1116,33.296,38.7108,40.3132,46.2173,46.3031,49.7162,64.0168,59.9819,57.9605,58.8152,49.8501,64.1785,66.988,72.6134,66.1467,73.9434,59.6372,69.0428,61.8092,46.8659,56.8002,44.0517,39.2558,45.2191,41.8816,41.3683,39.5655,41.2021,39.1065,38.5652,42.3344,37.0393,38.7846,35.1956,108.4517,289.5093,563.7734,1243.5279,2000.0477
pathset2sattwin,False,54,random_60_9_3,60,1598,1598,6207.69651818, ,3.0619,3.556,5.9904,6.0171,11.2403,8.6416,9.8467,11.0791,21.2949,24.795,22.0705,33.7734,17.3799,29.6031,41.3975,28.7142,43.4908,28.2355,57.1557,58.9,42.8357,53.149,51.8105,59.9554,67.7346,81.2414,90.9804,48.8924,98.3997,57.9063,62.1277,55.271,49.2386,41.9743,45.3696,46.3521,55.4474,39.6188,55.8107,41.2048,55.0789,41.182,37.0567,41.704,36.0287,36.1722,48.4997,93.4079,190.8286,613.6353,1402.1843,2000.0494
pathset2sattwin,False,54,random_60_9_4,60,1588,1588,7164.23913383, ,5.4045,3.6771,4.8307,7.3252,5.5578,8.4699,8.3496,12.4159,26.4702,12.1808,17.5413,21.331,36.4686,27.4722,36.9059,29.2256,36.7232,53.4351,48.4589,64.0465,41.3835,70.7977,61.1929,76.0879,64.4009,64.1187,55.2666,61.4675,73.4495,63.4244,50.5245,71.4805,51.0432,58.1303,50.3664,48.8652,44.6512,44.8779,44.0129,42.0748,44.5518,40.836,41.1105,42.1491,41.0454,39.4146,102.3764,203.6515,484.4828,759.7551,1760.6268,2000.0495
pathset2sattwin,False,54,random_60_9_5,60,1599,1599,5627.19023395, ,3.0275,3.3511,3.8089,5.6747,5.4532,10.1753,8.6877,14.0014,11.2008,13.7707,14.6037,20.3026,27.8186,28.8495,29.1854,30.0987,55.0677,36.9235,48.3621,48.1398,59.567,54.7035,63.974,80.2235,79.9593,58.1628,58.5054,76.4392,71.2409,64.4101,63.8465,59.9696,48.3103,48.6484,45.1483,62.129,47.5301,44.8099,39.1578,38.7252,35.7133,36.6566,34.3608,33.7347,46.3314,61.0429,75.0823,130.8943,274.1283,468.561,846.4235,2000.0369
pathset2sattwin,False,55,random_60_9_6,60,1601,1601,7820.89648485, ,2.8444,4.8074,5.6003,7.4892,11.154,13.4811,17.5878,17.6679,25.4879,26.3552,25.022,42.7036,34.9075,35.9944,34.4649,40.5832,58.0175,66.8245,51.8623,60.9742,60.0065,49.3798,50.9429,57.6208,62.5452,62.3989,68.0303,62.0892,64.4405,57.6767,69.8977,58.0386,52.3632,51.7183,47.0761,51.2009,44.8214,40.833,43.3323,41.7317,43.7477,41.1954,37.752,41.1163,38.277,55.6622,75.7749,146.3583,265.3596,528.0572,873.9423,1993.3313,2000.0461
pathset2sattwin,False,53,random_60_9_7,60,1570,1570,6985.44270182, ,2.6344,3.4602,4.4119,4.7473,6.4078,7.3383,8.5988,12.0801,18.6663,19.6983,33.6306,28.3501,31.8403,30.2689,47.7611,38.7313,38.1544,44.7312,57.1113,40.02,63.0368,44.8436,59.9727,55.2631,52.4392,69.7649,59.582,56.3959,70.5984,60.4565,58.1873,68.5808,51.9918,80.5292,41.0616,45.4094,46.7707,42.4499,42.6794,41.9095,38.6284,37.6843,37.7592,52.6752,54.6708,89.8409,215.738,474.3402,793.0625,1600.1477,2000.0404
pathset2sattwin,False,55,random_60_9_8,60,1612,1612,6174.28457594, ,2.3615,2.7843,3.7535,4.1625,6.3482,7.2016,9.1995,9.8184,10.986,13.2344,21.9814,13.1352,19.8206,18.9811,32.6125,22.5563,25.6214,40.8885,46.9087,46.2507,46.0097,54.8847,54.367,44.7875,47.8418,58.8813,48.54,69.2093,67.8323,74.3266,45.3826,64.9708,48.7188,43.088,43.4751,41.1466,45.1135,39.8941,39.8949,43.2303,39.4862,40.5833,40.1272,39.9633,50.9473,57.8315,85.2528,117.8176,172.9949,232.5986,580.7582,1335.4015,2000.0548
pathset2sattwin,False,54,random_60_9_9,60,1593,1593,6873.53825402, ,4.4464,4.3131,5.4125,6.7141,9.2691,7.1089,10.0568,19.3807,11.7988,12.9121,17.9315,15.1906,20.4282,20.8143,27.5434,31.3276,26.1753,26.9189,30.2948,33.2532,40.1146,40.8012,38.4922,37.2276,47.6522,42.6973,57.8973,60.5648,69.1189,66.1787,69.9584,66.619,62.2314,63.0683,45.867,53.5367,40.6203,45.237,44.6637,57.3661,38.48,40.5654,38.8013,35.9222,36.6499,47.9936,73.5924,166.1149,362.3834,786.3021,1855.196,2000.0427
