path2sat,True,2,random_20_1_0,20,23,23,0.15838599205,0.1525
path2sat,True,2,random_20_1_1,20,15,15,0.166325807571,0.1609
path2sat,True,3,random_20_1_2,20,19,19,0.142199039459,0.0542,0.0808
path2sat,True,2,random_20_1_3,20,19,19,0.0755109786987,0.0706
path2sat,True,4,random_20_1_4,20,25,25,0.250346899033,0.0707,0.0914,0.0763
path2sat,True,2,random_20_1_5,20,14,14,0.0622270107269,0.059
path2sat,True,3,random_20_1_6,20,22,22,0.260480165482,0.138,0.1102
path2sat,True,2,random_20_1_7,20,17,17,0.119885921478,0.1166
path2sat,True,2,random_20_1_8,20,14,14,0.114969968796,0.1092
path2sat,True,2,random_20_1_9,20,14,14,0.062756061554,0.0596
path2sat,True,5,random_20_2_0,20,38,38,0.45055603981,0.14,0.0654,0.1058,0.1246
path2sat,True,5,random_20_2_1,20,40,40,0.515496015549,0.1636,0.1277,0.0842,0.1254
path2sat,True,3,random_20_2_2,20,28,28,0.17751789093,0.1067,0.0645
path2sat,True,6,random_20_2_3,20,44,44,0.542796134949,0.1028,0.0542,0.0555,0.115,0.1966
path2sat,True,6,random_20_2_4,20,39,39,0.529690027237,0.1106,0.0525,0.048,0.1226,0.1763
path2sat,True,5,random_20_2_5,20,38,38,0.524517059326,0.1882,0.0874,0.0676,0.1653
path2sat,True,5,random_20_2_6,20,36,36,0.471754789352,0.1374,0.0862,0.0894,0.1452
path2sat,True,6,random_20_2_7,20,38,38,0.575221061707,0.0773,0.0849,0.141,0.1051,0.1469
path2sat,True,6,random_20_2_8,20,42,42,0.728116035461,0.1963,0.0925,0.1071,0.1871,0.1242
path2sat,True,5,random_20_2_9,20,35,35,0.46977519989,0.1267,0.0845,0.1592,0.0837
path2sat,True,9,random_20_3_0,20,68,68,3.84828996658,0.1679,0.0914,0.0892,0.1353,0.1445,0.1644,0.8795,2.1447
path2sat,True,7,random_20_3_1,20,59,59,0.824601888657,0.1094,0.1182,0.0689,0.1101,0.1811,0.2141
path2sat,True,7,random_20_3_2,20,51,51,0.776510000229,0.0764,0.1023,0.1055,0.0587,0.1371,0.2742
path2sat,True,8,random_20_3_3,20,56,56,2.05835795403,0.1445,0.1021,0.1954,0.1183,0.1589,0.2372,1.0764
path2sat,True,7,random_20_3_4,20,48,48,1.10571694374,0.1846,0.0997,0.1132,0.1113,0.1294,0.4465
path2sat,True,8,random_20_3_5,20,48,48,2.50000095367,0.0733,0.1158,0.1596,0.1213,0.1837,0.3017,1.5192
path2sat,True,8,random_20_3_6,20,54,54,3.41661095619,0.1291,0.0876,0.0706,0.155,0.1681,0.3196,2.4572
path2sat,True,8,random_20_3_7,20,60,60,1.69118881226,0.1657,0.0987,0.1332,0.1263,0.1221,0.3627,0.6545
path2sat,True,6,random_20_3_8,20,45,45,0.623821020126,0.0957,0.1848,0.0943,0.0928,0.1386
path2sat,True,9,random_20_3_9,20,61,61,3.07943797112,0.1132,0.0829,0.0995,0.154,0.1195,0.162,0.3883,1.9276
path2sat,True,11,random_20_4_0,20,92,92,6.38115501404,0.246,0.0856,0.12,0.1189,0.1243,0.1439,0.196,0.3984,1.3027,3.6085
path2sat,True,10,random_20_4_1,20,82,82,5.41949486732,0.2535,0.0863,0.1073,0.1921,0.0968,0.1669,0.3087,1.2554,2.9168
path2sat,True,10,random_20_4_2,20,74,74,7.31958413124,0.12,0.11,0.0886,0.1172,0.1315,0.1799,0.2501,1.2645,5.0255
path2sat,True,11,random_20_4_3,20,82,82,11.3239388466,0.1012,0.0549,0.0959,0.1161,0.1048,0.1622,0.2872,0.4769,3.1072,6.7833
path2sat,True,10,random_20_4_4,20,71,71,8.15713906288,0.1042,0.0992,0.1415,0.1045,0.1309,0.1977,0.3211,1.2301,5.7936
path2sat,True,9,random_20_4_5,20,71,71,3.29643797874,0.1327,0.1335,0.09,0.1341,0.1784,0.2278,0.5417,1.8242
path2sat,True,11,random_20_4_6,20,78,78,22.4282178879,0.1186,0.0905,0.0841,0.0789,0.2063,0.1319,0.2392,1.4945,3.5555,16.3848
path2sat,True,11,random_20_4_7,20,76,76,47.9524450302,0.084,0.1266,0.091,0.1037,0.1354,0.193,0.6596,1.222,4.5645,40.7253
path2sat,True,11,random_20_4_8,20,82,82,20.1378109455,0.2147,0.0726,0.0858,0.1465,0.173,0.1642,0.2656,0.9117,3.0419,15.0201
path2sat,True,9,random_20_4_9,20,82,82,1.75079488754,0.1921,0.1171,0.0968,0.0854,0.1425,0.1466,0.2374,0.7043
path2sat,True,12,random_20_5_0,20,97,97,16.7492158413,0.0854,0.1209,0.1097,0.1217,0.1034,0.0957,0.1687,0.2426,1.3806,3.3842,10.8878
path2sat,True,12,random_20_5_1,20,91,91,54.1738579273,0.1189,0.076,0.1205,0.1477,0.1998,0.1849,0.2119,0.5359,1.8136,20.9023,29.8184
path2sat,True,12,random_20_5_2,20,93,93,21.0396230221,0.0905,0.1663,0.088,0.156,0.0767,0.1403,0.224,0.3372,1.0345,5.5108,13.1736
path2sat,True,12,random_20_5_3,20,103,103,21.8505208492,0.0986,0.2533,0.0959,0.1219,0.1954,0.1527,0.124,0.2772,2.2792,2.9683,15.2379
path2sat,True,11,random_20_5_4,20,94,94,4.21197319031,0.1175,0.1304,0.0858,0.1318,0.1084,0.1741,0.3036,0.3394,1.1268,1.6524
path2sat,True,10,random_20_5_5,20,80,80,4.96491098404,0.2198,0.0873,0.1649,0.0967,0.1455,0.2238,0.319,0.6948,2.9755
path2sat,True,12,random_20_5_6,20,99,99,23.735131979,0.3192,0.114,0.0716,0.236,0.0939,0.1411,0.2792,0.3856,0.6842,3.2133,18.1503
path2sat,True,11,random_20_5_7,20,103,103,9.12096881866,0.0786,0.0599,0.0715,0.0832,0.0796,0.1209,0.1947,0.6134,0.7552,7.0174
path2sat,True,11,random_20_5_8,20,89,89,23.7842681408,0.3208,0.0727,0.0518,0.0778,0.0903,0.1762,0.1675,0.4888,0.9959,21.3029
path2sat,True,12,random_20_5_9,20,97,97,24.6409628391,0.1171,0.0696,0.0519,0.0855,0.1226,0.1317,0.1403,0.3401,0.8979,3.7303,18.911
path2sat,True,13,random_20_6_0,20,114,114,40.8638370037,0.146,0.1528,0.0918,0.0602,0.1012,0.1399,0.1857,0.2812,1.3261,3.7986,4.3756,30.1467
path2sat,True,12,random_20_6_1,20,107,107,15.9303350449,0.063,0.0651,0.0863,0.1225,0.09,0.1142,0.2052,0.3099,1.4223,2.3621,11.0403
path2sat,True,13,random_20_6_2,20,105,105,175.623053074,0.0924,0.0848,0.1263,0.1175,0.1082,0.1213,0.1762,0.4237,1.6399,2.4607,11.1996,159.0177
path2sat,True,14,random_20_6_3,20,124,124,166.340191841,0.1351,0.0631,0.0915,0.088,0.1207,0.1366,0.1722,0.2796,0.9944,0.7571,3.4039,22.209,137.8343
path2sat,True,12,random_20_6_4,20,104,104,16.9716181755,0.1236,0.0821,0.1147,0.1175,0.1167,0.1526,0.2118,0.4277,0.6918,3.1128,11.7728
path2sat,True,13,random_20_6_5,20,115,115,44.1133918762,0.1095,0.0708,0.0646,0.0833,0.1061,0.1634,0.194,0.3777,0.9254,2.7249,7.3041,31.945
path2sat,True,13,random_20_6_6,20,112,112,41.8853240013,0.0905,0.1565,0.0967,0.0807,0.0985,0.092,0.1436,0.2349,0.7878,1.4852,10.5698,27.9966
path2sat,True,13,random_20_6_7,20,124,124,15.2147920132,0.0872,0.1074,0.093,0.0836,0.0959,0.1788,0.2241,0.3296,0.3482,1.0182,4.1821,8.4205
path2sat,True,13,random_20_6_8,20,119,119,17.4221699238,0.0725,0.0671,0.0842,0.058,0.1139,0.1068,0.1425,0.1915,0.4917,0.6883,2.3464,13.0097
path2sat,True,13,random_20_6_9,20,110,110,59.573225975,0.1087,0.1191,0.0588,0.1197,0.1618,0.1497,0.1276,0.3344,0.5897,1.3805,5.8128,50.5582
path2sat,True,14,random_20_7_0,20,145,145,11.6650109291,0.1054,0.1098,0.0705,0.1045,0.1666,0.0993,0.14,0.2178,0.5181,1.2865,2.5095,1.6841,4.593
path2sat,True,14,random_20_7_1,20,137,137,37.0262928009,0.1065,0.1185,0.0618,0.1658,0.0596,0.0689,0.1126,0.3183,0.6992,0.8917,2.3515,2.8062,29.2022
path2sat,True,14,random_20_7_2,20,127,127,614.817828894,0.0892,0.0657,0.1083,0.0846,0.1018,0.1423,0.1268,0.3709,1.4799,2.2098,3.3736,46.781,559.819
path2sat,True,14,random_20_7_3,20,127,127,38.983424902,0.2772,0.0559,0.0463,0.075,0.0641,0.0764,0.1427,0.2719,0.5765,1.3937,2.6446,12.1875,21.1197
path2sat,True,16,random_20_7_4,20,152,152,280.832881927,0.1104,0.0669,0.067,0.1312,0.1054,0.0671,0.1477,0.2864,0.4576,1.2,2.1318,4.0524,3.4989,47.0584,221.3665
path2sat,True,14,random_20_7_5,20,132,132,31.5595619678,0.1139,0.0613,0.1498,0.1139,0.0728,0.0708,0.0821,0.131,0.4998,2.1664,2.2194,15.6607,10.1607
path2sat,True,14,random_20_7_6,20,129,129,46.3003149033,0.1036,0.054,0.0879,0.0516,0.0617,0.1135,0.1655,0.2809,0.9707,0.6521,2.0465,8.6668,32.9763
path2sat,True,14,random_20_7_7,20,130,130,112.818967104,0.2468,0.0581,0.102,0.0753,0.1359,0.1085,0.1372,0.1993,0.6591,3.3904,19.9997,7.3447,80.3107
path2sat,True,15,random_20_7_8,20,143,143,65.4934530258,0.0677,0.1013,0.0877,0.109,0.0977,0.0709,0.1244,0.2059,0.3706,0.8148,3.5173,4.9183,12.636,42.2777
path2sat,True,15,random_20_7_9,20,139,139,163.693676233,0.1075,0.1172,0.103,0.0635,0.0611,0.1032,0.1779,0.1956,0.7013,2.1374,1.8791,11.8226,18.1067,128.0534
path2sat,True,15,random_20_8_0,20,154,154,28.5221500397,0.1534,0.0785,0.0599,0.0723,0.1327,0.072,0.124,0.1276,0.61,0.3895,2.0678,6.158,5.5367,12.8777
path2sat,True,16,random_20_8_1,20,155,155,311.959063053,0.0958,0.0724,0.0987,0.0753,0.1361,0.1335,0.1189,0.2933,0.3425,0.8159,1.5257,4.3605,20.0297,14.0109,269.7759
path2sat,True,15,random_20_8_2,20,147,147,85.2207670212,0.0822,0.0775,0.0508,0.1272,0.084,0.1347,0.1299,0.153,0.3571,0.7177,0.8749,8.0899,4.912,69.3599
path2sat,True,15,random_20_8_3,20,152,152,80.3860201836,0.2118,0.0574,0.0705,0.1047,0.1391,0.0988,0.1421,0.1309,0.3256,0.5754,4.2671,3.5,4.5305,66.1372
path2sat,True,15,random_20_8_4,20,150,150,27.954739809,0.1373,0.0994,0.069,0.0911,0.075,0.1107,0.0968,0.2432,0.2593,0.8804,0.7594,5.0246,6.552,13.4996
path2sat,True,15,random_20_8_5,20,147,147,55.6677010059,0.1,0.0603,0.0625,0.0941,0.0996,0.1027,0.1599,0.1433,0.4189,0.6138,1.5281,9.5779,6.317,36.3233
path2sat,True,15,random_20_8_6,20,151,151,40.7051758766,0.0905,0.0961,0.0638,0.0821,0.0941,0.0882,0.2081,0.2952,0.4914,2.5759,2.1657,5.8331,10.6792,17.8763
path2sat,True,15,random_20_8_7,20,155,155,56.515638113,0.1683,0.0867,0.0959,0.108,0.0957,0.1317,0.1244,0.2737,0.3045,1.4385,2.4588,9.7256,10.0514,31.3865
path2sat,True,16,random_20_8_8,20,161,161,62.3209459782,0.2763,0.0727,0.0986,0.1045,0.0814,0.1098,0.1405,0.1394,0.2362,0.3558,1.9602,2.6355,4.7953,12.1871,39.0674
path2sat,True,15,random_20_8_9,20,156,156,67.0446078777,0.1799,0.0604,0.0999,0.0638,0.0943,0.0782,0.1284,0.2339,0.2617,1.2068,1.4004,2.7656,3.384,57.0319
path2sat,True,16,random_20_9_0,20,172,172,34.5956759453,0.0703,0.0935,0.0912,0.088,0.0932,0.1189,0.1077,0.1649,0.3136,0.9529,1.706,1.5529,5.2771,18.7724,5.1157
path2sat,True,16,random_20_9_1,20,169,169,31.3991310596,0.3057,0.0782,0.121,0.1068,0.1198,0.1181,0.1037,0.1458,0.3027,0.6642,1.799,1.7724,9.2361,6.6965,9.7665
path2sat,True,17,random_20_9_2,20,178,178,59.4381189346,0.0976,0.0511,0.0669,0.079,0.095,0.0755,0.119,0.1821,0.2696,0.9243,1.1426,2.0185,6.8231,2.6947,25.9417,18.7943
path2sat,True,17,random_20_9_3,20,170,170,195.129492998,0.0814,0.0896,0.0761,0.0985,0.0801,0.0906,0.1148,0.2261,0.387,0.4666,1.8074,2.7045,9.7476,4.7058,27.9303,146.4587
path2sat,True,17,random_20_9_4,20,182,182,96.6739449501,0.1409,0.0701,0.1039,0.081,0.0684,0.0875,0.1501,0.1993,0.4224,1.2364,1.4782,2.9347,12.189,10.9964,28.1029,38.3314
path2sat,True,16,random_20_9_5,20,171,171,49.8723399639,0.1506,0.0598,0.0759,0.0922,0.0856,0.0884,0.1099,0.1605,0.3271,0.8919,1.1413,3.6587,12.2276,9.4682,21.265
path2sat,True,16,random_20_9_6,20,169,169,24.8782770634,0.089,0.0701,0.0746,0.0668,0.08,0.0904,0.1069,0.1799,0.2707,0.7119,1.5038,1.9856,4.3535,2.0028,13.2367
path2sat,True,16,random_20_9_7,20,177,177,35.9796140194,0.1027,0.0829,0.0894,0.0761,0.094,0.1026,0.144,0.1881,0.364,0.7095,1.5126,4.9319,2.4925,17.0777,7.9426
path2sat,True,17,random_20_9_8,20,172,172,59.389138937,0.2064,0.0904,0.0973,0.0727,0.0881,0.0836,0.118,0.1713,0.3122,0.7323,1.312,2.0631,2.9643,4.6093,12.3093,34.0978
path2sat,True,16,random_20_9_9,20,167,167,40.4143810272,0.0976,0.0726,0.0832,0.0949,0.0854,0.0995,0.1309,0.1806,0.3622,0.6714,1.3302,2.2603,11.2525,7.9967,15.6268
path2sat,True,10,random_40_1_0,40,86,86,139.353521109,9.5981,0.1552,0.2309,0.3397,0.3316,1.1496,4.4013,21.4284,101.6714
path2sat,True,8,random_40_1_1,40,75,75,11.3514289856,2.7702,0.1717,0.1932,0.2624,0.513,1.1785,6.2345
path2sat,True,11,random_40_1_2,40,86,86,872.77241993,9.4597,0.1526,0.1962,0.2776,0.4532,0.7865,3.7277,20.3915,79.525,757.7494
path2sat,True,9,random_40_1_3,40,79,79,43.8915879726,0.4522,0.1559,0.1886,0.302,0.462,1.6782,8.8052,31.805
path2sat,True,9,random_40_1_4,40,82,82,42.9855680466,3.1092,0.2042,0.2526,0.2711,0.9177,2.0116,6.6799,29.4999
path2sat,True,8,random_40_1_5,40,69,69,25.1520700455,1.4871,0.1922,0.2341,0.3718,0.861,3.5221,18.4497
path2sat,True,8,random_40_1_6,40,65,65,41.9587090015,1.3437,0.1928,0.2218,0.4441,1.4308,3.7366,34.5546
path2sat,True,9,random_40_1_7,40,74,74,60.3545200825,0.832,0.1818,0.2162,0.293,0.7943,2.4879,5.3382,50.1768
path2sat,True,6,random_40_1_8,40,54,54,4.73853492737,0.2468,0.1449,0.1845,0.311,3.8272
path2sat,True,9,random_40_1_9,40,80,80,17.791975975,0.5011,0.1643,0.1869,0.2478,0.5719,1.2191,2.2133,12.6563
path2sat,False,15,random_40_2_0,40,163,163,4149.06848598, ,0.1445,0.1859,0.2452,0.2382,0.4547,0.5975,1.4558,4.2808,28.7109,43.2729,192.7172,1876.6488,2000.0392
path2sat,False,16,random_40_2_1,40,177,177,3876.01865602, ,0.1941,0.2153,0.2392,0.2684,0.324,0.469,0.685,3.2221,5.0151,46.4628,80.2805,376.9379,1361.5696,2000.0542
path2sat,False,15,random_40_2_2,40,163,163,2746.89458609, ,0.1681,0.2006,0.2543,0.2728,0.472,1.1093,2.3294,3.1644,14.1144,42.8057,187.4008,494.5119,2000.0271
path2sat,False,15,random_40_2_3,40,165,165,2969.43366003, ,0.183,0.2062,0.2297,0.2706,0.3884,0.6012,1.8301,4.78,9.8178,35.7002,198.3887,716.9478,2000.0296
path2sat,False,15,random_40_2_4,40,164,164,3586.36198997, ,0.1277,0.1745,0.2259,0.3269,0.3875,0.5228,1.3468,3.554,13.6361,33.6551,335.9641,1196.3382,2000.0417
path2sat,False,15,random_40_2_5,40,170,170,2630.11714888, ,0.1621,0.1818,0.2065,0.2724,0.294,0.5309,0.7618,3.5395,8.8669,63.4331,161.1112,390.6451,2000.0429
path2sat,False,15,random_40_2_6,40,162,162,3310.91123891, ,0.1663,0.2006,0.2382,0.2711,0.405,0.5418,1.9154,4.8615,11.473,69.4063,308.9492,912.3852,2000.0343
path2sat,False,15,random_40_2_7,40,150,150,4431.81383991, ,0.1962,0.231,0.2622,0.3377,0.4831,0.9708,5.1372,5.0503,30.9444,126.9839,442.7246,1818.3798,2000.0394
path2sat,False,15,random_40_2_8,40,158,158,2942.02103591, ,0.142,0.1707,0.1802,0.2369,0.386,0.8583,2.3471,3.7064,12.1541,37.0032,191.2924,693.4403,2000.0389
path2sat,False,15,random_40_2_9,40,150,150,2795.13832402, ,0.1627,0.2339,0.2978,0.3192,0.5372,1.0354,1.2207,5.0324,19.2428,38.1125,338.7927,390.0357,2000.0475
path2sat,False,17,random_40_3_0,40,255,255,3140.30017209, ,0.2022,0.2225,0.2467,0.3055,0.3634,0.5578,1.0547,1.7015,2.5432,3.836,8.0264,24.8695,50.6906,1045.5639,2000.0362
path2sat,False,18,random_40_3_1,40,226,226,5298.17395592, ,0.192,0.1962,0.2196,0.267,0.3039,0.4033,0.5807,1.2136,3.123,16.3524,21.9019,67.3213,730.385,1205.7014,1249.905,2000.0311
path2sat,False,16,random_40_3_2,40,219,219,2947.70074797, ,0.155,0.1975,0.1861,0.2267,0.2998,0.5065,1.0857,3.436,2.1698,7.9528,26.8872,79.7639,824.7291,2000.0358
path2sat,False,17,random_40_3_3,40,224,224,4328.31888604, ,0.1716,0.183,0.1972,0.2398,0.3151,0.4395,1.4249,1.7141,6.5131,10.7184,23.601,167.54,360.4632,1754.6745,2000.0324
path2sat,False,16,random_40_3_4,40,222,222,2519.77544999, ,0.1658,0.1762,0.2089,0.2256,0.3027,0.3809,0.765,2.3197,5.3086,25.038,30.8212,144.0363,309.905,2000.0454
path2sat,False,17,random_40_3_5,40,224,224,4025.1787591, ,0.1479,0.1682,0.18,0.2553,0.2774,0.3919,0.9383,1.5306,4.6735,7.4686,51.4812,152.5847,604.2587,1200.6945,2000.0362
path2sat,False,16,random_40_3_6,40,219,219,2484.74727607, ,0.2134,0.2257,0.2561,0.2846,0.3963,0.599,1.2565,2.6602,4.427,10.937,19.4318,124.854,319.0916,2000.0384
path2sat,False,18,random_40_3_7,40,246,246,4746.52465892, ,0.1957,0.1961,0.2313,0.2753,0.3339,0.4849,0.9822,1.1159,3.4155,5.1854,8.4521,53.1299,114.7454,663.1238,1894.5445,2000.0358
path2sat,False,16,random_40_3_8,40,240,240,2620.19449806, ,0.2059,0.2317,0.2741,0.3467,0.3609,0.5695,1.2947,2.4843,4.816,6.3473,62.9073,176.9593,363.2788,2000.0373
path2sat,False,18,random_40_3_9,40,264,264,3529.671839, ,0.2121,0.2473,0.2833,0.363,0.5967,0.9849,1.0928,2.0022,1.9743,4.2193,8.9827,52.8708,79.1738,268.0415,1108.5031,2000.0376
path2sat,False,20,random_40_4_0,40,336,336,4147.68262696, ,0.1754,0.1765,0.194,0.2401,0.2963,0.5009,0.5956,1.5565,1.0195,9.3711,12.0622,9.923,66.072,38.8288,163.4212,267.6366,1575.4933,2000.0423
path2sat,False,18,random_40_4_1,40,301,301,2870.49262309, ,0.2125,0.2429,0.2526,0.2906,0.3934,0.5883,1.0583,1.6666,2.1871,3.8005,7.7289,59.989,52.4378,212.432,527.073,2000.0559
path2sat,False,19,random_40_4_2,40,302,302,4649.17889905, ,0.2125,0.235,0.2799,0.3418,0.3849,0.5011,0.8099,1.9919,3.0344,6.6695,7.7914,36.9729,87.6615,171.0217,484.3111,1846.8288,2000.0372
path2sat,False,18,random_40_4_3,40,300,300,2775.97077298, ,0.167,0.1808,0.1837,0.2237,0.3093,0.4861,0.6422,1.496,2.6701,5.1652,10.5302,28.2251,53.7905,91.8886,579.888,2000.0446
path2sat,False,18,random_40_4_4,40,289,289,3273.36781502, ,0.1764,0.1972,0.2269,0.2514,0.3812,0.4094,0.6217,1.1539,2.5771,5.6922,5.8371,26.071,43.153,311.9487,874.5415,2000.0378
path2sat,False,19,random_40_4_5,40,308,308,3124.48858595, ,0.1684,0.1895,0.196,0.2241,0.2761,0.3146,0.8193,0.9947,2.6848,3.519,5.2519,28.6351,79.0832,113.5965,288.4998,599.8866,2000.0652
path2sat,False,19,random_40_4_6,40,311,311,2987.77765012, ,0.2201,0.2614,0.2732,0.3381,0.4816,0.6807,0.9339,1.0084,3.5018,4.4151,10.2433,24.593,75.0438,187.4294,225.0203,453.201,2000.039
path2sat,False,19,random_40_4_7,40,314,314,3463.19035101, ,0.1575,0.1762,0.1946,0.2196,0.2729,0.5142,0.526,1.0216,1.9375,7.4894,15.8634,24.1206,26.2672,197.51,293.3696,893.4182,2000.0467
path2sat,False,19,random_40_4_8,40,316,316,2916.72162795, ,0.174,0.1812,0.2197,0.2249,0.372,0.4409,0.5473,0.9407,1.4783,2.9036,9.4666,9.7831,17.2567,84.6852,186.3342,601.596,2000.0395
path2sat,False,19,random_40_4_9,40,321,321,2847.77975392, ,0.211,0.2078,0.2416,0.2773,0.3358,0.4613,0.6966,1.1817,2.9877,3.3754,7.8604,10.3127,40.4318,110.2282,146.7845,522.0732,2000.0309
path2sat,False,22,random_40_5_0,40,389,389,5107.44355702, ,0.2259,0.2359,0.2354,0.3003,0.3396,0.5489,0.6293,1.2995,1.6057,3.4925,6.0204,15.3397,17.2888,32.2452,89.3663,284.3673,1009.8967,484.8416,1159.0364,2000.033
path2sat,False,23,random_40_5_1,40,401,401,6085.63166308, ,0.216,0.2362,0.2517,0.2701,0.3938,0.4224,0.9229,1.5205,3.8568,4.2237,4.3244,15.7554,22.8085,86.5376,136.2337,219.1079,745.535,386.229,862.6111,1594.0379,2000.03
path2sat,False,21,random_40_5_2,40,399,399,3403.76374102, ,0.2275,0.224,0.2628,0.2754,0.3445,0.4561,0.6352,0.9289,2.5993,3.8844,6.8516,48.0942,17.6051,125.2765,59.9926,170.7462,342.1845,623.0455,2000.0333
path2sat,False,21,random_40_5_3,40,377,377,5344.23041606, ,0.2316,0.2505,0.2989,0.3421,0.3424,0.5145,0.8744,3.2963,4.3711,3.5937,6.8239,9.1386,45.7803,55.4568,119.4294,515.8296,937.8779,1639.6256,2000.0451
path2sat,False,21,random_40_5_4,40,379,379,3812.62810898, ,0.1696,0.1844,0.2079,0.2243,0.2665,0.3836,0.6272,1.4941,3.3694,2.3631,6.2832,10.7537,31.1454,181.1257,96.4527,235.4526,344.4582,897.5463,2000.0371
path2sat,False,20,random_40_5_5,40,421,421,4098.84937286, ,0.2549,0.2575,0.2714,0.2981,0.4402,0.5151,0.7302,2.5287,3.2228,6.8712,4.5559,13.0391,18.1526,298.8836,288.2704,1177.8509,282.5759,2000.0392
path2sat,False,21,random_40_5_6,40,404,404,3829.046345, ,0.2316,0.2542,0.2718,0.3433,0.3985,0.4794,0.823,1.4303,2.1019,3.0202,4.7697,10.6674,58.7421,43.1701,83.5406,223.3822,395.5097,999.7798,2000.038
path2sat,False,22,random_40_5_7,40,412,412,6132.30835009, ,0.2285,0.2434,0.2806,0.372,0.5003,0.5238,0.8515,2.3216,4.943,2.7389,6.1843,17.6654,12.8975,84.6879,197.5652,303.9072,173.8638,1382.4361,1939.9508,2000.0442
path2sat,False,21,random_40_5_8,40,393,393,4375.99685311, ,0.2283,0.2472,0.2682,0.3014,0.3782,0.5208,0.8775,1.8769,3.4144,4.4353,16.237,12.2092,37.4302,44.0366,97.126,168.0364,460.0263,1528.2092,2000.0357
path2sat,False,22,random_40_5_9,40,401,401,5389.50987506, ,0.2115,0.2345,0.2638,0.3052,0.3633,0.4542,0.7198,1.7965,4.9822,4.2236,5.6989,12.623,27.1269,72.4634,78.8478,236.7607,781.6319,869.2303,1291.4449,2000.0299
path2sat,False,23,random_40_6_0,40,476,476,5963.64574099, ,0.2639,0.262,0.2876,0.3414,0.4218,0.5154,1.0438,1.2863,2.9618,2.9045,8.8132,8.3803,14.6634,16.419,57.5972,405.2408,347.1144,1108.3677,1380.0633,606.5183,2000.0532
path2sat,False,22,random_40_6_1,40,477,477,5254.48378396, ,0.1792,0.2112,0.2121,0.2408,0.3194,0.3602,0.479,1.8769,2.6992,4.5664,8.7002,15.6454,9.9815,54.0219,73.7496,646.6416,1094.5819,622.9681,716.8818,2000.0482
path2sat,False,22,random_40_6_2,40,443,443,5597.10395002, ,0.2188,0.2512,0.2676,0.2843,0.3292,0.4715,0.8044,1.9356,3.7677,2.9073,25.8638,13.1784,45.1211,104.9524,374.9648,216.0079,970.0786,1078.4171,757.1465,2000.0323
path2sat,False,23,random_40_6_3,40,489,489,5179.47161508, ,0.2532,0.2492,0.261,0.2954,0.301,0.4683,0.5658,1.3353,1.8343,4.8021,10.1164,8.8886,6.1376,21.4606,36.9365,436.263,318.0224,209.7558,1040.705,1080.6793,2000.0371
path2sat,False,23,random_40_6_4,40,449,449,7778.80112815, ,0.2313,0.2506,0.2848,0.3323,0.4365,0.6027,0.9132,1.6864,6.0516,6.2311,5.7356,8.5906,35.0793,47.9768,115.7041,1564.3858,241.6755,398.3793,1559.8096,1784.2837,2000.0473
path2sat,False,22,random_40_6_5,40,444,444,4764.81713104, ,0.2314,0.2547,0.2704,0.2918,0.4147,0.5756,0.5893,0.9208,2.1349,6.0788,8.2308,10.6709,36.8311,31.1163,150.5806,151.4577,250.0441,321.705,1792.2665,2000.0336
path2sat,False,24,random_40_6_6,40,459,459,6593.98769689, ,0.2189,0.2468,0.2716,0.3128,0.3566,0.5213,0.719,1.0725,3.0708,3.2873,4.83,20.8689,11.9249,81.1878,181.0987,157.5832,161.4594,429.961,794.4905,805.0364,1935.3194,2000.0381
path2sat,False,22,random_40_6_7,40,446,446,3495.24620914, ,0.179,0.2057,0.214,0.2485,0.3034,0.3389,0.7567,1.2911,3.593,3.0734,6.1146,10.9131,46.569,24.1916,84.8712,143.1869,290.76,191.1713,687.1031,2000.0425
path2sat,False,24,random_40_6_8,40,475,475,7704.29568601, ,0.2431,0.2589,0.288,0.3638,0.4109,0.6267,0.8642,1.3434,5.4603,13.7886,7.3979,12.7528,13.858,185.3832,87.0259,325.4558,602.3856,553.7238,994.4934,1722.6351,1175.3678,2000.047
path2sat,False,24,random_40_6_9,40,468,468,7575.02572012, ,0.2431,0.2673,0.2955,0.3363,0.4651,0.5032,0.8339,2.0196,7.3223,3.1016,5.6131,17.2659,47.0958,122.9197,444.7441,225.6386,254.7872,399.253,1333.9331,988.1479,1720.0697,2000.0459
path2sat,False,23,random_40_7_0,40,547,547,6355.70215297, ,0.1908,0.2186,0.2453,0.2802,0.3023,0.4076,0.6042,0.5775,3.4866,3.775,5.8349,11.4716,65.9844,69.9469,335.9807,562.9463,416.3783,578.0706,769.4617,1529.3981,2000.0406
path2sat,False,23,random_40_7_1,40,534,534,5476.31919312, ,0.2385,0.2558,0.2731,0.3217,0.3631,0.575,0.8325,1.2516,1.6298,3.1513,10.7764,8.3473,43.9234,22.6581,122.1896,219.6221,791.2361,733.2113,884.3294,630.9899,2000.0344
path2sat,False,23,random_40_7_2,40,567,567,6706.87476778, ,0.2469,0.268,0.2845,0.3359,0.3615,0.4554,0.664,1.1385,1.6709,4.8592,4.6029,19.5784,19.1112,75.2084,39.9286,84.0744,281.6181,1190.2137,1422.759,1559.3547,2000.0365
path2sat,False,24,random_40_7_3,40,561,561,6786.40036201, ,0.2131,0.2102,0.2259,0.2621,0.3093,0.4411,0.6928,0.9828,3.8153,3.1956,8.5073,21.6233,20.8543,45.9357,130.9044,581.8965,1410.4282,729.7564,702.4112,348.6105,774.9793,2000.0395
path2sat,False,24,random_40_7_4,40,568,568,7166.57884502, ,0.2511,0.2702,0.295,0.3077,0.3735,0.4338,0.5871,0.9881,1.4518,1.6128,8.1447,5.2946,58.0648,70.8833,414.8747,283.4793,729.6139,604.388,1226.8673,622.7009,1135.5476,2000.034
path2sat,False,23,random_40_7_5,40,515,515,5724.610991, ,0.1973,0.2052,0.2156,0.2353,0.2954,0.419,0.4789,1.0341,2.1778,3.6494,5.5937,11.2991,48.8245,58.4985,229.0275,724.8309,894.5233,342.1883,669.321,731.4251,2000.0606
path2sat,False,21,random_40_7_6,40,565,565,4510.89865398, ,0.1918,0.2084,0.2326,0.2553,0.2751,0.496,0.6149,0.4963,1.1158,4.2304,4.4363,14.8995,12.4658,89.3402,61.0158,433.0735,872.5084,1014.9118,2000.042
path2sat,False,24,random_40_7_7,40,557,557,7284.67671919, ,0.2677,0.2776,0.301,0.3399,0.3934,0.4682,0.788,2.1561,2.5292,2.6461,10.8261,46.0507,34.89,82.7068,188.2219,275.9444,277.8323,387.2588,1100.1025,1922.8819,947.632,2000.0452
path2sat,False,24,random_40_7_8,40,540,540,6546.82205009, ,0.2485,0.2657,0.2796,0.3053,0.3671,0.398,0.5301,1.04,2.0201,3.5596,4.6091,6.1986,7.9363,68.386,129.802,281.0657,414.5464,616.4194,413.1114,625.1566,1970.4236,2000.0359
path2sat,False,23,random_40_7_9,40,553,553,6426.97007799, ,0.2099,0.2161,0.2342,0.2603,0.3384,0.3827,0.5096,1.0474,1.3651,3.6043,9.9764,11.9325,16.3079,55.7932,81.8524,202.1518,1273.6634,542.2022,583.3708,1641.3932,2000.0457
path2sat,False,21,random_40_8_0,40,631,631,3652.84356904, ,0.2148,0.2233,0.2261,0.2524,0.2997,0.4145,0.618,0.9428,1.129,2.8335,4.2002,4.9015,4.3868,19.8255,26.4273,44.2708,1343.1182,198.4286,2000.0368
path2sat,False,22,random_40_8_1,40,622,622,4859.45899606, ,0.2114,0.2272,0.2439,0.2668,0.296,0.3625,0.4696,0.6164,1.4507,3.3433,4.5149,6.2863,25.9466,27.165,45.1063,79.7276,800.2134,562.6018,1300.2575,2000.0415
path2sat,False,21,random_40_8_2,40,611,611,2887.59876704, ,0.189,0.2239,0.2365,0.2525,0.2852,0.3688,0.4302,0.8716,0.8881,3.7642,4.7186,9.8147,7.4119,51.16,22.6469,102.1589,377.8699,304.1816,2000.0407
path2sat,False,21,random_40_8_3,40,636,636,4196.82382607, ,0.1998,0.2212,0.2633,0.2682,0.3039,0.4089,0.4676,0.8422,1.6198,2.062,4.1092,10.2495,10.6291,96.6108,265.3222,20.5533,1170.1149,612.4231,2000.0447
path2sat,False,21,random_40_8_4,40,625,625,5473.16074109, ,0.2675,0.3026,0.3053,0.3361,0.3739,0.5185,0.6403,1.5142,0.889,4.7702,6.7868,6.0249,14.2173,32.1203,204.3487,165.5613,1515.1436,1518.8943,2000.0342
path2sat,False,21,random_40_8_5,40,624,624,5518.83295393, ,0.2078,0.2246,0.2338,0.258,0.2945,0.3278,0.5176,0.7146,1.4653,1.3454,2.0051,10.7599,92.9977,14.4535,99.2717,292.2666,1033.2898,1968.0368,2000.0539
path2sat,False,22,random_40_8_6,40,633,633,4360.29014993, ,0.2787,0.3156,0.3174,0.3439,0.3689,0.4049,0.6001,1.3275,2.4859,5.0076,6.7865,5.495,23.9849,16.0108,115.7845,115.0418,379.9849,371.7221,1313.8774,2000.0434
path2sat,False,23,random_40_8_7,40,626,626,6700.78402781, ,0.2752,0.2808,0.2999,0.324,0.3627,0.4273,0.5038,1.0839,2.3406,5.9966,5.0428,12.4327,32.3198,76.3576,245.3035,141.2271,462.6915,1095.01,1177.099,1441.262,2000.0326
path2sat,False,23,random_40_8_8,40,629,629,7521.50215197, ,0.1931,0.2135,0.2319,0.2717,0.3376,0.4681,0.8404,0.7792,1.0671,2.3206,3.9405,28.5585,19.2222,17.4867,699.7793,417.1899,537.6813,1339.2135,1028.3821,1423.1765,2000.0409
path2sat,False,20,random_40_8_9,40,612,612,3500.9216361, ,0.2869,0.2906,0.3042,0.3523,0.4421,0.4394,0.8472,0.828,1.6465,3.0561,3.3036,12.912,40.9424,83.2576,24.6452,393.9335,933.3099,2000.0359
path2sat,False,25,random_40_9_0,40,714,714,4261.9604609, ,0.2906,0.2996,0.3114,0.3455,0.3997,0.4673,0.7117,0.743,1.4213,2.3753,4.3364,7.677,8.9117,12.2704,7.8568,59.8716,47.5503,145.7497,267.5747,436.9771,560.726,694.9484,2000.0343
path2sat,False,26,random_40_9_1,40,713,713,6509.42828393, ,0.2178,0.2445,0.2484,0.2671,0.3263,0.3328,0.3997,0.5424,1.7453,3.3691,6.0886,8.1464,9.3419,13.5315,49.4833,21.4519,119.5559,169.838,112.815,795.8547,297.6441,1176.1457,1721.6767,2000.0356
path2sat,False,24,random_40_9_2,40,694,694,6793.92489004, ,0.2861,0.3214,0.3555,0.3662,0.4274,0.5147,0.9576,1.1621,1.5396,1.9707,4.0494,4.9774,9.9741,27.5761,18.5726,212.4953,119.7291,407.1546,1404.9457,978.0462,1598.3442,2000.0385
path2sat,False,27,random_40_9_3,40,709,709,7123.59242916, ,0.2272,0.2485,0.2515,0.2828,0.3458,0.3638,0.4569,0.6965,1.421,3.0938,2.6863,8.8225,35.9778,9.044,19.7044,49.6879,70.0715,253.2978,529.1112,469.5988,325.018,927.1332,1224.3423,1191.5281,2000.0455
path2sat,False,26,random_40_9_4,40,711,711,6158.73306894, ,0.2833,0.3032,0.3253,0.3339,0.3721,0.4506,0.6163,0.9089,2.2457,4.3925,4.0325,4.8597,11.8902,5.1407,66.2522,63.9251,56.8898,160.0907,378.6559,271.865,484.9981,1125.8784,1513.8636,2000.0358
path2sat,False,23,random_40_9_5,40,694,694,3326.84525084, ,0.218,0.2256,0.2414,0.2526,0.2828,0.3316,0.4153,0.6829,1.0023,1.3351,3.3317,14.2222,15.5393,10.9016,13.9298,43.3724,66.4554,105.9443,565.0231,482.9992,2000.0355
path2sat,False,24,random_40_9_6,40,704,704,3611.42252207, ,0.2163,0.2437,0.2422,0.2633,0.3306,0.4032,0.4582,0.6254,1.3975,2.118,6.638,3.2793,13.3861,33.0295,21.2982,141.7492,83.636,160.0108,161.8162,292.9775,687.1436,2000.0381
path2sat,False,25,random_40_9_7,40,705,705,5058.70468187, ,0.2869,0.3147,0.3187,0.3279,0.3682,0.4282,0.4716,0.5863,1.1948,2.5559,4.4646,5.1274,20.3973,12.9085,7.8236,23.3149,62.1317,182.2113,571.3671,432.0914,1067.654,662.2202,2000.0257
path2sat,False,24,random_40_9_8,40,697,697,5343.42963815, ,0.2995,0.3026,0.3201,0.3268,0.4118,0.4684,0.5586,0.8591,1.6014,3.8368,6.338,3.6516,6.7682,5.5264,27.6486,30.7272,168.1967,189.5858,262.8349,1301.9169,1331.1051,2000.0384
path2sat,False,25,random_40_9_9,40,704,704,5376.84353709, ,0.2359,0.2467,0.2479,0.2791,0.3167,0.3793,0.4836,0.7264,0.8521,2.4672,0.9543,6.7138,26.3439,9.87,132.8652,92.5366,98.7032,196.9445,596.2788,448.668,415.8605,1344.5775,2000.1513
path2sat,False,13,random_60_1_0,60,166,166,2855.3363831, ,0.5709,0.651,0.705,1.0341,1.6056,5.2012,12.7215,52.1057,109.9322,670.7195,2000.0332
path2sat,False,13,random_60_1_1,60,156,156,2391.21084499, ,0.5557,0.5977,0.7171,1.0184,1.5355,2.3936,6.8349,25.4823,105.5853,246.3983,2000.0384
path2sat,False,14,random_60_1_2,60,176,176,3506.92655897, ,0.4348,0.4796,0.5571,0.9236,1.9691,2.7149,6.0891,41.8877,65.1721,629.3378,757.2334,2000.045
path2sat,False,13,random_60_1_3,60,162,162,2471.71357799, ,0.5343,0.6067,0.7993,0.7866,2.2082,3.9942,11.9263,51.7196,82.3058,316.7449,2000.033
path2sat,False,13,random_60_1_4,60,165,165,2307.58454895, ,0.5473,0.6424,0.7487,0.9246,2.0656,2.0639,8.2672,21.8726,78.1675,192.1931,2000.0368
path2sat,False,14,random_60_1_5,60,194,194,3024.48120689, ,0.4224,0.518,0.5487,0.7876,0.9417,1.8531,5.4707,12.1354,37.8271,209.3589,754.526,2000.0357
path2sat,False,13,random_60_1_6,60,149,149,3004.91929412, ,0.5805,0.6616,0.7064,1.15,1.9009,2.6365,8.1643,37.9587,217.0531,734.015,2000.0376
path2sat,False,14,random_60_1_7,60,167,167,4368.95054388, ,0.5752,0.6668,0.7528,1.0471,1.5549,2.5565,7.5638,45.407,118.3735,478.1045,1712.2463,2000.0362
path2sat,False,13,random_60_1_8,60,172,172,2612.33720112, ,0.5421,0.6529,0.737,0.838,1.5536,3.302,7.8435,22.3792,133.8288,440.5813,2000.0275
path2sat,False,14,random_60_1_9,60,179,179,3900.14424801, ,0.6025,0.7096,0.8428,0.937,1.8008,3.9359,8.9554,32.4775,124.2929,339.1352,1386.3573,2000.0349
path2sat,False,18,random_60_2_0,60,367,367,4711.43258309, ,0.4824,0.5097,0.6334,0.6392,0.809,1.3606,2.7709,2.4717,6.0612,11.4845,28.5691,56.2564,136.8504,516.0402,1946.3523,2000.0413
path2sat,False,17,random_60_2_1,60,362,362,2616.94123006, ,0.5781,0.6065,0.6475,0.7647,0.8596,1.117,1.8214,2.9773,4.9492,12.4984,23.7001,78.9617,156.2414,331.1043,2000.0379
path2sat,False,17,random_60_2_2,60,362,362,3670.19816184, ,0.6235,0.6701,0.8048,0.8155,1.0952,1.4754,1.9006,3.2048,10.7468,18.2139,47.9635,75.6622,412.6797,1094.223,2000.0425
path2sat,False,17,random_60_2_3,60,367,367,3068.98104882, ,1.0939,0.8996,0.9188,0.8943,1.0793,2.4033,3.7319,3.8673,5.8987,9.4964,17.1736,83.6561,202.7924,734.9643,2000.0407
path2sat,False,17,random_60_2_4,60,348,348,2782.31016088, ,0.4607,0.4944,0.5521,0.6267,0.8973,1.1704,1.6562,2.7144,4.7186,6.4175,15.8997,52.9683,143.2035,550.4267,2000.0352
path2sat,False,18,random_60_2_5,60,364,364,3566.99333596, ,0.4482,0.4999,0.5308,0.6189,0.664,0.9222,2.1598,3.3408,6.5642,8.5358,13.7198,82.9177,102.7745,488.7939,854.3944,2000.035
path2sat,False,17,random_60_2_6,60,379,379,2937.77379298, ,0.6325,0.7158,0.7409,0.8353,1.1736,1.2891,1.7173,3.5837,6.1152,17.248,24.6101,51.8602,230.973,596.1567,2000.0435
path2sat,False,18,random_60_2_7,60,367,367,4809.28974104, ,0.4597,0.4916,0.5453,0.6575,0.7363,1.3132,2.2201,2.4307,6.1949,11.9243,15.5064,90.124,162.1543,770.6947,1743.733,2000.0265
path2sat,False,18,random_60_2_8,60,364,364,4853.7338829, ,0.5862,0.6533,0.6664,0.8033,0.9176,1.1979,3.0432,2.0236,5.1746,6.9245,17.1222,58.5318,212.3412,966.5115,1577.1011,2000.0551
path2sat,False,17,random_60_2_9,60,373,373,2976.60910988, ,0.6535,0.7021,0.7757,0.9518,0.9834,1.6663,2.3175,2.998,7.6147,12.6225,22.1664,33.2553,425.3756,464.4093,2000.0381
path2sat,False,21,random_60_3_0,60,522,522,3907.41089487, ,0.5168,0.5589,0.6389,0.6112,0.778,1.0895,1.5501,1.8409,5.8476,6.8037,17.6325,23.7337,58.2889,91.1003,161.9783,337.5011,373.176,823.6372,2000.0348
path2sat,False,20,random_60_3_1,60,494,494,3912.43515801, ,0.6343,0.6734,0.7291,0.7776,0.9566,1.1442,1.5987,2.6274,3.5126,6.1224,9.4339,23.4827,65.2883,160.0892,206.8941,500.8398,927.508,2000.0326
path2sat,False,21,random_60_3_2,60,551,551,4402.472821, ,0.6312,0.6866,0.7083,0.8395,0.9826,1.1629,1.5212,2.7002,3.1807,6.7792,5.3273,25.3024,47.1203,64.9624,227.2492,251.2227,1161.2116,600.7518,2000.04
path2sat,False,21,random_60_3_3,60,531,531,4933.20060015, ,0.7273,0.7738,0.8243,0.885,1.0858,1.5598,2.3923,2.5083,3.768,8.2676,11.4192,115.8432,63.6961,74.7284,138.1735,260.7292,695.4125,1550.2605,2000.0396
path2sat,False,21,random_60_3_4,60,524,524,5256.01568985, ,0.6861,0.7623,0.789,0.8785,1.1173,1.4978,1.9548,2.4646,6.9561,9.3027,20.5566,21.9287,62.1707,67.4972,303.6795,454.8683,531.8024,1766.9514,2000.0438
path2sat,False,21,random_60_3_5,60,557,557,4889.58540201, ,0.6584,0.6923,0.8042,0.8111,1.0141,1.0157,1.4776,2.4396,4.1271,5.2325,9.2499,17.9656,72.4453,81.0227,111.8266,228.1654,435.234,1915.2458,2000.042
path2sat,False,20,random_60_3_6,60,511,511,3888.64100695, ,0.7221,0.8139,0.8788,1.0087,1.1169,1.4177,1.9668,3.4729,4.6551,8.9332,19.4988,14.6366,50.5888,94.3316,171.3637,524.9661,988.124,2000.0465
path2sat,False,20,random_60_3_7,60,512,512,3546.1681931, ,0.4761,0.5316,0.5678,0.6784,0.7312,0.9938,1.4384,1.9225,5.1555,4.7538,13.7984,16.6492,40.0513,65.5577,256.6601,447.8422,688.2456,2000.0334
path2sat,False,20,random_60_3_8,60,529,529,2831.45004201, ,0.6398,0.6787,0.7634,0.7892,0.9231,1.0588,1.3998,1.6746,4.4754,5.8806,8.6999,26.1963,29.2452,88.564,131.0524,267.3055,261.9827,2000.0322
path2sat,False,21,random_60_3_9,60,549,549,3833.38599205, ,0.6861,0.7468,0.8118,0.8748,1.0565,1.2018,1.8767,2.8621,4.3836,10.9357,15.0755,34.343,93.3688,114.0177,240.4405,170.1837,474.4261,665.9463,2000.0422
path2sat,False,23,random_60_4_0,60,730,730,6381.13227296, ,0.7163,0.8109,0.8585,0.9055,1.5039,1.1669,1.9062,2.3553,4.6504,4.9208,11.3652,18.1903,56.8196,67.5673,261.4405,319.8345,525.2265,575.0298,1006.0972,1519.6155,2000.0409
path2sat,False,24,random_60_4_1,60,693,693,6462.29203701, ,0.6788,0.7291,0.776,0.8042,0.9431,1.1179,1.3937,2.8258,4.7189,5.2857,8.4464,21.1672,36.0856,67.7085,90.06,186.0881,181.496,503.6476,1204.5681,712.2161,1431.3772,2000.0393
path2sat,False,24,random_60_4_2,60,756,756,7946.76123905, ,0.7822,0.7919,0.9186,0.9307,1.2632,1.6831,2.2118,2.6128,4.3531,9.3178,9.4651,56.4571,64.9364,159.1366,213.3717,275.5191,583.1259,704.1273,665.3111,1435.4366,1754.8196,2000.0451
path2sat,False,24,random_60_4_3,60,677,677,8007.1517241, ,0.6888,0.7259,0.7768,0.8687,0.8775,1.3544,1.9286,1.9903,5.6196,5.632,11.5891,20.6813,23.2282,58.4151,136.9597,218.8214,555.081,491.1332,1073.2939,1640.87,1756.4575,2000.0396
path2sat,False,24,random_60_4_4,60,684,684,7723.37031794, ,0.6981,0.7462,0.803,0.9504,0.9823,1.1012,1.4659,2.7988,3.0594,5.8092,11.7494,12.0196,43.9309,65.9471,145.1439,125.8213,317.6866,795.6839,884.5662,1702.7907,1599.4624,2000.0404
path2sat,False,23,random_60_4_5,60,654,654,5456.36343598, ,0.5187,0.5313,0.5656,0.6328,0.7095,0.9694,1.0445,2.1583,3.7347,5.1117,6.0767,22.7627,36.0729,56.5606,142.7784,105.4285,288.9699,668.4811,422.8179,1690.2902,2000.0471
path2sat,False,22,random_60_4_6,60,687,687,4534.83567214, ,0.7618,0.8061,0.8531,0.9916,1.0726,1.374,1.707,2.6209,3.766,5.0565,8.7885,30.9322,44.811,157.4236,138.4126,334.2466,421.4866,958.7333,420.8435,2000.0441
path2sat,False,24,random_60_4_7,60,726,726,6910.90680099, ,0.7255,0.7784,0.8637,0.9235,1.0103,1.4684,1.8525,2.1443,4.2475,6.6311,9.1176,20.3736,41.0107,182.1799,178.6324,158.5666,211.6561,611.306,1074.1894,691.5611,1711.4977,2000.0506
path2sat,False,24,random_60_4_8,60,698,698,6584.49756408, ,0.5577,0.6536,0.6961,0.9503,0.8415,1.1091,1.4826,2.5627,4.0232,5.9481,10.9988,17.2595,31.5112,124.5739,117.327,164.8924,306.8985,395.4487,504.6293,1140.5016,1751.4587,2000.0522
path2sat,False,23,random_60_4_9,60,695,695,5452.84066916, ,0.6887,0.7277,0.7947,0.9544,0.9428,1.1256,1.5682,2.1449,5.0296,9.0256,8.1659,28.8423,31.8943,103.2519,78.5857,187.411,421.9254,254.1911,892.1913,1423.231,2000.0397
path2sat,False,26,random_60_5_0,60,909,909,10006.594142, ,0.8143,0.885,0.946,1.1469,1.3263,1.9595,1.7387,3.6506,3.2895,7.366,9.1947,91.7944,45.7876,136.7755,232.3603,231.8265,597.5873,427.0424,763.7396,1216.5522,1587.2478,786.8735,1856.4848,2000.0702
path2sat,False,26,random_60_5_1,60,863,863,9415.530231, ,0.7541,0.7889,0.8545,0.9231,1.0644,1.1425,1.7525,1.8501,3.433,6.1058,5.2473,33.4043,47.9495,91.0784,226.536,192.6776,692.5312,508.2464,510.8659,884.5807,1463.4266,1639.0601,1101.085,2000.04
path2sat,False,24,random_60_5_2,60,881,881,7298.71291208, ,1.0366,1.2744,0.7109,1.0633,1.964,2.4264,2.275,2.4583,4.0647,10.8768,7.5815,31.3349,45.7913,367.8581,146.3435,219.7132,300.3462,684.6483,460.3466,1753.5637,1252.8814,2000.0404
path2sat,False,28,random_60_5_3,60,920,920,13440.942909, ,1.7072,1.7089,1.8685,1.1977,0.9552,1.0626,1.9874,1.7689,4.3846,4.5467,5.6935,22.4229,15.0513,56.3056,211.325,179.79,304.8432,582.6695,1059.5167,1261.3926,1126.7267,1812.7619,1332.2409,1874.5953,1574.2396,2000.0485
path2sat,False,23,random_60_5_4,60,905,905,6861.63190699, ,0.8172,0.8906,0.938,1.0769,1.1642,1.6539,2.2106,3.713,3.0253,4.8025,9.9009,27.5458,34.9809,81.0371,133.2032,744.9582,394.3518,842.1578,699.9523,1873.0957,2000.042
path2sat,False,22,random_60_5_5,60,929,929,4687.41199613, ,0.8575,0.9033,0.9982,1.11,1.155,1.4085,1.9322,3.1331,4.1391,6.8634,14.0795,17.1075,38.2022,261.9264,215.1064,312.8802,267.0137,382.772,1155.6799,2000.0396
path2sat,False,26,random_60_5_6,60,863,863,6854.0589819, ,0.61,0.5999,0.68,0.6827,0.7745,0.8864,1.1945,2.3872,4.2719,5.3096,9.2462,7.3014,70.3506,78.2176,85.6967,149.5759,210.3291,313.7735,555.2166,743.5342,858.1365,766.3958,988.7235,2000.043
path2sat,False,22,random_60_5_7,60,903,903,3972.34950399, ,0.5957,0.6161,0.6673,0.7117,0.9257,1.0771,1.4933,2.188,2.4643,4.545,19.5416,55.2029,57.5836,74.5862,148.68,268.255,432.4652,494.2892,406.3212,2000.0406
path2sat,False,26,random_60_5_8,60,883,883,9422.2694931, ,1.8679,1.4002,0.6806,0.7799,0.8667,1.012,1.4031,1.8168,3.2059,5.0825,7.4906,18.3566,39.4108,128.1691,160.8438,163.0381,273.8458,321.0622,526.2935,1252.3832,990.4232,1609.2702,1913.369,2000.0565
path2sat,False,25,random_60_5_9,60,857,857,7080.22597003, ,0.5584,0.5985,0.6267,0.735,0.8824,0.9259,1.441,1.6488,3.8919,4.5399,8.2132,17.1096,34.6929,102.8273,136.3021,239.7407,278.6044,322.1653,554.121,886.7119,1405.4998,1078.2171,2000.0448
path2sat,False,24,random_60_6_0,60,1066,1066,6814.68093491, ,0.6104,0.6446,0.7053,0.8865,0.9305,1.3434,1.697,3.0487,4.1641,6.3029,6.4333,11.5,17.0492,77.6321,336.2376,164.4014,573.9768,406.8651,651.979,1191.4261,1356.7063,2000.0332
path2sat,False,21,random_60_6_1,60,1049,1049,3746.10330486, ,0.8363,0.8624,0.9143,0.9901,1.1313,1.4563,1.8164,2.2262,3.978,5.5216,27.9947,56.8111,34.2541,80.1443,131.7018,542.1923,169.0144,684.1322,2000.0297
path2sat,False,25,random_60_6_2,60,1102,1102,7768.38743591, ,0.858,0.8941,0.9353,1.0086,1.1159,1.1898,1.4899,2.3195,3.0661,4.2592,10.531,16.9202,59.1732,28.0628,620.8876,289.6797,1536.8495,194.0052,475.0924,663.2138,837.2756,1019.3744,2000.063
path2sat,False,24,random_60_6_3,60,1062,1062,5329.2953651, ,0.6386,0.7042,0.7019,0.7727,0.9546,0.905,1.7153,2.2192,2.8029,6.8986,5.8928,11.0391,123.1679,65.0421,212.3741,406.0458,233.7156,444.0992,345.1342,715.3971,748.8776,2000.0911
path2sat,False,26,random_60_6_4,60,1072,1072,9775.67813802, ,0.8814,0.9241,0.9526,1.0073,1.1198,1.1543,1.6418,2.2905,5.7996,9.7511,10.6162,11.5129,27.863,111.2476,593.1787,184.6509,439.0742,791.5875,491.8867,488.2701,856.2915,1916.0304,1827.7757,2000.0421
path2sat,False,25,random_60_6_5,60,1049,1049,10732.015687, ,0.8869,0.9896,0.9933,1.0382,1.2843,1.4247,2.0081,3.2608,6.7768,6.9228,28.2003,13.5336,40.4645,142.4573,160.8554,762.7379,426.7887,1346.5949,721.0745,1806.2019,1572.0227,1685.3255,2000.0395
path2sat,False,24,random_60_6_6,60,1045,1045,7446.46736002, ,0.8841,0.978,1.0269,1.1274,1.2054,1.5413,2.0097,2.8803,4.2869,9.1875,9.0118,36.6154,142.0247,79.6222,110.1525,604.1314,679.195,614.8324,1720.7375,513.2434,911.6064,2000.0428
path2sat,False,26,random_60_6_7,60,1092,1092,10295.2853942, ,0.6456,0.6807,0.7473,0.82,0.9231,1.0769,1.3111,2.1241,7.6786,6.5075,6.6308,18.5217,19.6623,98.2935,121.8607,363.4047,289.9272,1310.363,931.2488,485.8907,797.1681,1856.8303,1972.7476,2000.1024
path2sat,False,27,random_60_6_8,60,1079,1079,11638.750381, ,0.8533,0.8761,0.9322,1.0166,1.1261,1.6095,1.7862,2.8138,4.279,8.2575,5.273,11.1152,28.7018,149.6896,115.6376,233.4177,999.465,839.1247,634.3158,664.9752,867.3649,1121.5587,1966.8076,1977.5804,2000.0331
path2sat,False,26,random_60_6_9,60,1090,1090,11129.7652051, ,0.6559,0.6621,0.6691,0.7631,0.8794,0.94,1.0419,1.7636,4.5117,3.1514,9.6832,11.8644,19.3606,72.4988,103.4178,291.9054,498.3816,1402.9162,499.0061,1155.517,1625.7615,1825.0545,1599.1509,2000.0702
path2sat,False,22,random_60_7_0,60,1212,1212,5534.1260519, ,0.805,0.815,0.782,0.8902,1.2816,1.1725,1.345,1.7724,3.5175,8.9219,6.4712,21.196,15.8531,169.1173,200.0688,561.1829,683.5935,530.6435,1324.4958,2000.0642
path2sat,False,21,random_60_7_1,60,1234,1234,4512.02184296, ,1.0138,1.0613,1.1035,1.2872,1.4176,1.9894,1.7662,2.144,3.7748,6.8988,6.2276,20.3243,106.9403,51.4541,208.2334,324.9052,1109.134,662.2171,2000.0332
path2sat,False,21,random_60_7_2,60,1233,1233,4226.67692399, ,1.7907,1.0979,1.2506,1.5791,2.7256,3.5203,2.2429,2.6486,5.8635,13.7235,6.3392,8.9842,64.9035,125.0911,40.1318,551.9001,848.5876,544.1714,2000.0342
path2sat,False,24,random_60_7_3,60,1235,1235,6521.53870702, ,0.6804,0.7081,0.7586,0.8529,1.0338,1.2759,1.6243,1.9825,3.0928,7.1484,9.3421,9.9009,15.3441,159.8018,28.6648,284.2665,289.525,972.1308,1259.5099,614.9189,858.7939,2000.0469
path2sat,False,21,random_60_7_4,60,1258,1258,4519.55397797, ,0.9947,1.3852,1.1419,1.6711,2.0682,1.792,1.9489,7.3528,4.1205,6.9075,7.658,17.2233,12.9644,63.8786,555.1783,557.5946,331.364,944.1471,2000.0398
path2sat,False,20,random_60_7_5,60,1272,1272,3912.63570881, ,1.0346,1.0807,1.0769,1.2634,1.3806,1.6749,1.837,2.2578,4.3226,16.9347,12.6383,14.0723,34.7347,164.1743,110.1956,717.9427,825.8805,2000.0369
path2sat,False,20,random_60_7_6,60,1244,1244,3761.20304298, ,0.7231,0.7494,0.7742,0.8856,0.9419,0.9154,1.5085,1.4011,2.0132,5.3416,5.536,44.9145,17.4687,40.7707,355.4198,180.0385,1101.668,2000.0422
path2sat,False,22,random_60_7_7,60,1246,1246,4486.68317819, ,1.0222,1.0225,1.1147,1.2212,1.3499,1.4913,1.8048,2.636,4.2166,4.9808,8.3261,111.5114,17.0791,155.2554,182.253,429.8463,290.7438,835.7164,434.9552,2000.0363
path2sat,False,21,random_60_7_8,60,1244,1244,4563.49615288, ,1.8851,1.1574,2.8179,1.8847,1.4225,4.1792,2.365,6.2611,6.1363,7.5826,13.0346,18.1279,29.8551,12.8918,140.6411,174.3421,231.5388,1907.2336,2000.0362
path2sat,False,22,random_60_7_9,60,1244,1244,4870.84477496, ,0.9286,0.9633,0.997,1.0751,1.1775,1.2655,1.5018,1.87,3.8793,6.9001,22.8296,10.4514,14.5541,86.5711,124.4375,210.2031,424.2069,1583.6268,373.2732,2000.0295
path2sat,False,20,random_60_8_0,60,1422,1422,2883.74893117, ,1.0809,1.1301,1.2052,1.3172,1.5568,1.8288,2.7589,2.9611,4.4306,12.3319,6.0367,17.3848,26.7237,59.541,90.7902,349.3172,303.1917,2000.069
path2sat,False,21,random_60_8_1,60,1425,1425,3316.52997899, ,0.8212,0.7967,0.8302,0.881,0.9944,1.4938,1.6411,2.5468,3.0321,9.6078,8.3031,7.2301,182.833,115.3117,179.5017,55.6423,199.1068,545.7668,2000.0888
path2sat,False,21,random_60_8_2,60,1412,1412,4253.19895482, ,1.0434,1.0868,1.1452,1.2061,1.2496,1.5174,1.6488,2.0963,3.1702,7.374,6.5674,13.3769,18.915,23.6547,123.3628,451.0324,624.5698,970.0437,2000.0414
path2sat,False,22,random_60_8_3,60,1415,1415,4971.16633105, ,1.0726,1.1699,1.1293,1.2349,1.4089,1.4528,1.6042,2.6627,3.9202,7.0121,20.054,27.6163,25.0732,19.8746,66.0767,101.0817,521.2321,201.0937,1966.231,2000.0494
path2sat,False,22,random_60_8_4,60,1411,1411,4666.86361718, ,1.0556,1.1028,1.1563,1.2341,1.4874,1.6238,2.1111,2.0713,3.7588,6.8988,10.7274,19.1708,21.9928,39.6061,173.079,240.7866,308.337,829.6145,1000.8995,2000.0445
path2sat,False,23,random_60_8_5,60,1421,1421,6213.12235498, ,1.0119,1.0508,1.0986,1.1566,1.2205,1.4862,1.4541,2.2146,2.3754,4.7786,13.6595,7.7342,14.9761,30.3589,54.1227,195.3003,434.7671,600.5963,895.7693,1947.8471,2000.0436
path2sat,False,21,random_60_8_6,60,1424,1424,4221.31667709, ,0.7657,0.7792,0.8244,0.907,1.0768,1.3224,1.8494,1.8365,2.645,11.572,7.5252,8.1979,18.51,179.1579,65.0521,138.5075,308.3161,1472.3447,2000.0323
path2sat,False,23,random_60_8_7,60,1404,1404,6824.63368511, ,0.7433,0.8212,0.8613,0.887,0.9891,1.3171,1.1438,1.9856,1.7843,4.3977,17.769,35.5147,13.4809,21.0348,85.0193,174.8389,671.3462,691.7817,1755.4239,1343.3232,2000.0564
path2sat,False,22,random_60_8_8,60,1431,1431,4697.80882001, ,0.7874,0.8709,0.8511,0.9662,1.0017,1.3725,1.7281,1.634,3.299,2.2433,7.9067,9.1922,18.8731,31.1705,79.3701,257.1043,236.2821,861.8843,1181.0895,2000.0843
path2sat,False,23,random_60_8_9,60,1437,1437,5317.0898571, ,1.0479,1.0983,1.156,1.1909,1.3203,1.5388,1.6098,2.4943,3.3924,4.5499,7.7645,15.0643,65.3315,220.8989,159.1256,660.8365,301.8499,227.1836,609.0241,1030.4512,2000.0345
path2sat,False,24,random_60_9_0,60,1601,1601,3872.29681206, ,0.8023,0.827,0.8743,0.9928,0.991,1.2331,1.4928,1.8009,2.5359,4.5223,6.8699,9.0018,32.9363,8.2765,29.6893,46.6459,182.1475,541.2655,177.9643,421.4414,399.8276,2000.0498
path2sat,False,25,random_60_9_1,60,1606,1606,5167.56429791, ,1.1771,1.2293,1.2536,1.3478,1.5168,1.6844,1.762,2.2327,3.2342,4.4753,4.1674,7.2015,10.9452,18.9372,98.2198,33.0756,68.3748,58.6855,275.5035,718.9339,1001.1052,852.3078,2000.0678
path2sat,False,26,random_60_9_2,60,1620,1620,7690.12477303, ,1.216,1.2367,1.2913,1.4471,1.4491,1.6575,2.0705,2.5714,4.1318,3.9262,9.4422,16.3121,17.1525,26.1505,17.1777,70.1749,169.3973,385.6563,167.2546,1357.3456,1195.7071,947.4047,1289.7732,2000.0474
path2sat,False,26,random_60_9_3,60,1598,1598,6798.43513608, ,1.1517,1.1744,1.2312,1.2833,1.342,1.5209,1.7621,2.2094,2.9983,4.9604,4.1914,11.1668,11.7968,54.6334,16.6004,75.4594,92.1405,165.3672,203.514,499.4873,736.2762,1734.1441,1173.8406,2000.0411
path2sat,False,24,random_60_9_4,60,1588,1588,4301.99286103, ,1.2126,1.234,1.2099,1.3769,1.5011,1.4732,2.0928,1.8362,3.2138,4.4037,3.9364,15.127,26.9277,29.2917,44.002,68.0841,120.8901,216.4241,275.7745,594.9569,886.865,2000.0438
path2sat,False,25,random_60_9_5,60,1599,1599,5234.16320491, ,0.8752,0.8444,0.9556,1.0538,1.0765,1.2806,1.8156,2.0308,3.1896,5.1061,6.1081,4.9995,9.713,28.9725,17.3361,46.8356,104.8907,191.7396,60.0547,908.8213,323.0538,1513.2607,2000.0451
path2sat,False,25,random_60_9_6,60,1601,1601,5126.82643795, ,1.1238,1.1886,1.226,1.2826,1.3741,1.3654,1.4365,2.7783,2.5591,3.787,5.9369,6.0424,6.1782,12.8514,21.3468,69.0702,28.5918,51.777,258.9271,443.0927,718.7211,1485.9919,2000.0409
path2sat,False,24,random_60_9_7,60,1570,1570,3379.07843995, ,1.1126,1.1517,1.2036,1.2961,1.3954,1.4903,1.8246,1.7799,3.2551,3.6267,6.6187,5.9013,9.9324,16.3181,27.3064,62.0071,63.6546,126.9175,167.1948,92.2314,782.6958,2000.05
path2sat,False,23,random_60_9_8,60,1612,1612,2749.25857806, ,1.1626,1.1565,1.2228,1.2807,1.3371,1.5252,1.4266,2.4184,3.0388,5.0662,8.2379,9.7908,10.144,11.8217,21.5788,111.3566,60.9274,90.2285,100.9733,304.4029,2000.0574
path2sat,False,26,random_60_9_9,60,1593,1593,8422.69089508, ,1.4365,0.8782,0.8713,1.1918,2.1768,1.3966,4.3375,3.3808,2.5627,9.271,13.7312,9.3653,13.9774,8.3817,9.196,79.7053,158.6914,448.0654,153.0151,1132.8814,1449.1099,1313.2653,1605.6339,2000.0434
