pathset2sat,True,2,random_20_1_0,20,23,23,0.152431964874,0.1486
pathset2sat,True,2,random_20_1_1,20,15,15,0.126359939575,0.1209
pathset2sat,True,3,random_20_1_2,20,19,19,0.128684043884,0.0469,0.0738
pathset2sat,True,2,random_20_1_3,20,19,19,0.0911471843719,0.0864
pathset2sat,True,4,random_20_1_4,20,25,25,0.569914102554,0.0836,0.1188,0.3551
pathset2sat,True,2,random_20_1_5,20,14,14,0.0576119422913,0.0536
pathset2sat,True,3,random_20_1_6,20,22,22,0.354472875595,0.1747,0.1705
pathset2sat,True,2,random_20_1_7,20,17,17,0.117480993271,0.1139
pathset2sat,True,2,random_20_1_8,20,14,14,0.0629181861877,0.0578
pathset2sat,True,2,random_20_1_9,20,14,14,0.0564558506012,0.0533
pathset2sat,True,5,random_20_2_0,20,38,38,1.33901500702,0.1273,0.1292,0.2404,0.8268
pathset2sat,True,5,random_20_2_1,20,40,40,0.914474010468,0.169,0.1505,0.1982,0.3771
pathset2sat,True,3,random_20_2_2,20,28,28,0.171180963516,0.0787,0.086
pathset2sat,True,6,random_20_2_3,20,44,44,2.12797904015,0.1406,0.104,0.1783,0.3972,1.2893
pathset2sat,True,6,random_20_2_4,20,39,39,2.41195011139,0.1022,0.061,0.1601,0.5425,1.5257
pathset2sat,True,5,random_20_2_5,20,38,38,0.798732995987,0.1726,0.0967,0.1693,0.3446
pathset2sat,True,5,random_20_2_6,20,36,36,0.877257108688,0.1464,0.105,0.1747,0.4359
pathset2sat,True,6,random_20_2_7,20,38,38,2.93084383011,0.0809,0.1159,0.3069,0.453,1.9561
pathset2sat,True,6,random_20_2_8,20,42,42,2.63578486443,0.2845,0.1737,0.1818,0.4318,1.5446
pathset2sat,True,5,random_20_2_9,20,35,35,0.692570924759,0.046,0.1362,0.1555,0.3387
pathset2sat,True,9,random_20_3_0,20,68,68,7.36929607391,0.271,0.2118,0.1808,0.199,0.3222,0.7989,1.618,3.7368
pathset2sat,True,7,random_20_3_1,20,59,59,2.19087696075,0.2185,0.0966,0.1654,0.22,0.4092,1.0552
pathset2sat,True,7,random_20_3_2,20,51,51,2.86269211769,0.2746,0.1237,0.1148,0.2132,0.5711,1.5428
pathset2sat,True,8,random_20_3_3,20,56,56,5.94350290298,0.1262,0.1899,0.1606,0.2315,0.3704,1.332,3.5063
pathset2sat,True,7,random_20_3_4,20,48,48,3.50917983055,0.1686,0.0991,0.2222,0.268,0.9009,1.8283
pathset2sat,True,8,random_20_3_5,20,48,48,7.78493404388,0.0925,0.1142,0.1749,0.2365,0.3863,2.2424,4.5097
pathset2sat,True,8,random_20_3_6,20,54,54,9.60845208168,0.2792,0.136,0.2101,0.196,0.7175,2.007,6.0378
pathset2sat,True,8,random_20_3_7,20,60,60,5.81722593307,0.452,0.1691,0.1778,0.2689,0.4553,1.6286,2.6376
pathset2sat,True,6,random_20_3_8,20,45,45,1.48017382622,0.2207,0.1839,0.1576,0.2674,0.6303
pathset2sat,True,9,random_20_3_9,20,61,61,9.59152603149,0.0734,0.1936,0.1382,0.2158,0.4217,0.7769,2.3004,5.4351
pathset2sat,True,11,random_20_4_0,20,92,92,7.76214981079,0.1668,0.1195,0.1356,0.2039,0.3097,0.3643,0.4396,0.5398,1.812,3.6315
pathset2sat,True,10,random_20_4_1,20,82,82,9.56765794754,1.2648,0.2243,0.2183,0.1939,0.2264,0.4079,0.6277,2.0828,4.2839
pathset2sat,True,10,random_20_4_2,20,74,74,13.9133110046,0.1473,0.1235,0.1958,0.2392,0.3007,0.5008,1.634,2.9295,7.8085
pathset2sat,True,11,random_20_4_3,20,82,82,12.5767588615,0.1299,0.1067,0.162,0.1564,0.2412,0.4796,0.7666,1.436,3.146,5.9128
pathset2sat,True,10,random_20_4_4,20,71,71,11.5450320244,0.0691,0.0899,0.2575,0.344,0.3769,0.6133,1.0213,2.5102,6.2295
pathset2sat,True,9,random_20_4_5,20,71,71,6.37466001511,0.3813,0.101,0.138,0.2568,0.3399,0.4615,1.0112,3.6507
pathset2sat,True,11,random_20_4_6,20,78,78,32.0325479507,0.087,0.1532,0.2199,0.2303,0.3966,0.5149,0.9471,3.9249,7.0593,18.45
pathset2sat,True,11,random_20_4_7,20,76,76,22.0633449554,0.1237,0.1063,0.2333,0.2188,0.2807,0.374,0.7478,2.3869,4.9101,12.6387
pathset2sat,True,11,random_20_4_8,20,82,82,16.6654269695,0.1525,0.1268,0.1606,0.1716,0.3192,0.3405,0.6277,2.1446,4.2865,8.2893
pathset2sat,True,9,random_20_4_9,20,82,82,4.37902808189,0.8838,0.1097,0.1211,0.1709,0.2712,0.4089,0.6569,1.7251
pathset2sat,True,12,random_20_5_0,20,97,97,14.3026499748,0.2014,0.1216,0.128,0.1981,0.3351,0.3272,0.4599,0.8298,2.1238,2.827,6.7032
pathset2sat,True,12,random_20_5_1,20,91,91,24.357656002,0.1721,0.2186,0.2003,0.3165,0.3965,0.4337,0.5317,1.3483,3.0837,6.1791,11.4343
pathset2sat,True,12,random_20_5_2,20,93,93,17.6217889786,0.1197,0.0881,0.1818,0.2577,0.2398,0.3303,0.3121,0.7167,2.1824,4.3644,8.7826
pathset2sat,True,12,random_20_5_3,20,103,103,11.1911799908,0.0992,0.1008,0.1974,0.2604,0.2509,0.3714,0.3276,0.5664,0.9614,2.7944,5.2173
pathset2sat,True,11,random_20_5_4,20,94,94,7.1478509903,0.0828,0.1165,0.1516,0.2477,0.2739,0.3246,0.5127,0.9466,1.4053,3.0465
pathset2sat,True,10,random_20_5_5,20,80,80,7.34095287323,0.4072,0.1866,0.1648,0.1985,0.2386,0.3646,0.8511,1.7216,3.1676
pathset2sat,True,12,random_20_5_6,20,99,99,10.2786641121,0.1703,0.087,0.1116,0.1599,0.2063,0.2993,0.4798,0.6064,0.8731,2.8012,4.4233
pathset2sat,True,11,random_20_5_7,20,103,103,4.88089513779,0.1101,0.2214,0.1076,0.1461,0.2391,0.2792,0.3032,0.6796,0.9589,1.7941
pathset2sat,True,11,random_20_5_8,20,89,89,13.2342569828,0.7347,0.0901,0.1722,0.1567,0.2494,0.3609,0.8179,1.4022,3.0475,6.1659
pathset2sat,True,12,random_20_5_9,20,97,97,14.0505158901,0.1783,0.0856,0.1724,0.1693,0.2717,0.3304,0.5063,0.5308,1.2842,3.3703,7.1023
pathset2sat,True,13,random_20_6_0,20,114,114,13.7340390682,0.0847,0.1389,0.133,0.1553,0.2177,0.307,0.3911,0.5722,0.6941,1.779,3.1274,6.0795
pathset2sat,True,12,random_20_6_1,20,107,107,7.80437493324,0.0724,0.0828,0.1994,0.1695,0.2446,0.2829,0.4354,0.3909,0.7485,1.715,3.4198
pathset2sat,True,13,random_20_6_2,20,105,105,20.7000219822,0.0646,0.083,0.159,0.2106,0.1867,0.2852,0.4093,0.7118,1.2346,2.5312,4.6889,10.085
pathset2sat,True,14,random_20_6_3,20,124,124,11.0264101028,0.1394,0.099,0.1383,0.1553,0.1952,0.2541,0.2568,0.3808,0.5083,0.4567,0.9392,2.6043,4.8412
pathset2sat,True,12,random_20_6_4,20,104,104,9.64662909508,0.1954,0.1813,0.1491,0.2393,0.1715,0.3015,0.4563,0.4957,1.0654,1.8936,4.4431
pathset2sat,True,13,random_20_6_5,20,115,115,12.7735681534,0.1023,0.1058,0.1208,0.1911,0.2525,0.3702,0.4017,0.5253,0.7318,1.1993,2.8812,5.8396
pathset2sat,True,13,random_20_6_6,20,112,112,15.9010221958,0.1097,0.0752,0.1007,0.1606,0.2339,0.2356,0.2185,0.349,0.4977,1.5667,4.5775,7.7235
pathset2sat,True,13,random_20_6_7,20,124,124,5.92318487167,0.1608,0.0894,0.1089,0.1825,0.198,0.2596,0.2652,0.3609,0.3474,0.582,1.5018,1.7973
pathset2sat,True,13,random_20_6_8,20,119,119,9.74470281601,0.1286,0.0992,0.1369,0.2069,0.2878,0.2937,0.2712,0.3225,0.6011,1.3097,2.1857,3.8411
pathset2sat,True,13,random_20_6_9,20,110,110,15.927546978,0.092,0.0887,0.1598,0.2087,0.224,0.284,0.3754,0.4674,0.7531,1.3065,3.9577,7.9519
pathset2sat,True,14,random_20_7_0,20,145,145,4.31271910667,0.1953,0.0941,0.1074,0.1299,0.1959,0.2315,0.2883,0.2509,0.3949,0.327,0.3617,0.6324,1.0416
pathset2sat,True,14,random_20_7_1,20,137,137,6.92003297806,0.069,0.0761,0.0806,0.1273,0.1435,0.1973,0.271,0.3277,0.4635,0.4797,0.6071,1.2931,2.7267
pathset2sat,True,14,random_20_7_2,20,127,127,10.700605154,0.1017,0.0986,0.1678,0.1366,0.1865,0.28,0.3467,0.3455,0.2857,0.4469,0.5602,2.6085,5.079
pathset2sat,True,14,random_20_7_3,20,127,127,9.58112382889,0.0929,0.0836,0.17,0.2312,0.1929,0.2185,0.3038,0.3201,0.3929,0.6294,0.9505,2.2861,3.6407
pathset2sat,True,16,random_20_7_4,20,152,152,7.81980395317,0.0791,0.0757,0.1043,0.1538,0.1842,0.2202,0.3082,0.3398,0.3189,0.2985,0.3699,0.3923,0.7497,1.2735,2.8856
pathset2sat,True,14,random_20_7_5,20,132,132,7.41030097008,0.0941,0.0808,0.1013,0.1362,0.1799,0.1986,0.2805,0.3197,0.4668,0.4471,1.0515,1.5451,2.4468
pathset2sat,True,14,random_20_7_6,20,129,129,7.72740387917,0.078,0.2291,0.1401,0.1799,0.1971,0.2391,0.3536,0.3634,0.4724,0.5617,0.6641,1.6451,2.5453
pathset2sat,True,14,random_20_7_7,20,130,130,8.73214507103,0.1592,0.0805,0.0988,0.1513,0.1552,0.2265,0.2828,0.2729,0.4864,0.5248,0.8795,1.7331,3.6286
pathset2sat,True,15,random_20_7_8,20,143,143,7.19641113281,0.0801,0.0733,0.1202,0.1975,0.1871,0.2751,0.3039,0.2056,0.3149,0.3946,0.3732,0.6512,1.7073,2.2472
pathset2sat,True,15,random_20_7_9,20,139,139,9.80940890312,0.0998,0.0911,0.105,0.1751,0.2364,0.2913,0.2942,0.3569,0.343,0.3788,0.491,0.9277,1.5278,4.4301
pathset2sat,True,15,random_20_8_0,20,154,154,4.71856403351,0.1104,0.0749,0.1234,0.1708,0.2078,0.2246,0.2704,0.232,0.2194,0.353,0.3659,0.3489,0.5694,1.3439
pathset2sat,True,16,random_20_8_1,20,155,155,7.89259815216,0.0966,0.0661,0.1423,0.1622,0.2805,0.284,0.376,0.4304,0.3661,0.4471,0.6329,0.4343,0.6902,1.0119,2.3583
pathset2sat,True,15,random_20_8_2,20,147,147,6.93617200851,0.093,0.097,0.1444,0.1771,0.1783,0.2094,0.2618,0.3001,0.406,0.4774,0.3824,0.715,1.2079,2.2126
pathset2sat,True,15,random_20_8_3,20,152,152,4.53270506859,0.0989,0.0804,0.1225,0.1357,0.1953,0.2587,0.2806,0.2861,0.2989,0.3198,0.2215,0.2891,0.5065,1.375
pathset2sat,True,15,random_20_8_4,20,150,150,5.04524803162,0.1091,0.0942,0.1016,0.1719,0.1951,0.2347,0.2711,0.2916,0.3213,0.4341,0.4054,0.6437,0.6001,1.1088
pathset2sat,True,15,random_20_8_5,20,147,147,6.02292704582,0.0847,0.0849,0.1144,0.1479,0.2161,0.2829,0.2144,0.3283,0.3131,0.3128,0.3855,0.5818,0.7937,2.1036
pathset2sat,True,15,random_20_8_6,20,151,151,6.17912507057,0.1139,0.0978,0.1157,0.1276,0.2272,0.2396,0.3233,0.3084,0.4515,0.5579,0.3245,0.5382,0.6175,2.0716
pathset2sat,True,15,random_20_8_7,20,155,155,4.61714291573,0.1803,0.0898,0.1045,0.1472,0.1551,0.211,0.2561,0.3515,0.3134,0.5009,0.3161,0.3344,0.495,1.0992
pathset2sat,True,16,random_20_8_8,20,161,161,5.28649306297,0.1163,0.0941,0.1316,0.1457,0.1917,0.2216,0.25,0.3196,0.3817,0.339,0.3979,0.4253,0.4352,0.3996,1.3653
pathset2sat,True,15,random_20_8_9,20,156,156,4.75309514999,0.1693,0.0633,0.0948,0.1619,0.1744,0.2488,0.2415,0.3442,0.3962,0.3424,0.4469,0.4016,0.6474,0.9476
pathset2sat,True,16,random_20_9_0,20,172,172,3.81182193756,0.0965,0.0933,0.0998,0.1218,0.1528,0.1613,0.2013,0.2498,0.2985,0.2966,0.3621,0.3036,0.3363,0.3812,0.5951
pathset2sat,True,16,random_20_9_1,20,169,169,4.34992003441,0.1236,0.1266,0.1538,0.1485,0.1829,0.1716,0.2708,0.2546,0.4182,0.2853,0.4228,0.2985,0.4375,0.3095,0.6733
pathset2sat,True,17,random_20_9_2,20,178,178,3.85531997681,0.123,0.1061,0.1134,0.1097,0.2018,0.1182,0.2734,0.2191,0.299,0.2957,0.2444,0.2991,0.3154,0.2802,0.3152,0.4763
pathset2sat,True,17,random_20_9_3,20,170,170,4.69169783592,0.0667,0.091,0.1169,0.1404,0.1379,0.2087,0.2264,0.182,0.2812,0.2237,0.3673,0.4573,0.4159,0.3396,0.5426,0.8308
pathset2sat,True,17,random_20_9_4,20,182,182,4.13960194588,0.1092,0.0903,0.1183,0.1275,0.1462,0.1622,0.2099,0.2018,0.3029,0.2604,0.3188,0.3694,0.3608,0.395,0.3769,0.5305
pathset2sat,True,16,random_20_9_5,20,171,171,4.01255106926,0.1244,0.1002,0.1006,0.1294,0.155,0.2633,0.2978,0.2968,0.2995,0.3363,0.3015,0.3876,0.2955,0.3936,0.4742
pathset2sat,True,16,random_20_9_6,20,169,169,4.10574007034,0.0909,0.1026,0.1158,0.1195,0.1709,0.1964,0.2061,0.2581,0.2619,0.2834,0.2921,0.2981,0.2932,0.5469,0.7769
pathset2sat,True,16,random_20_9_7,20,177,177,3.63570213318,0.1356,0.0742,0.0883,0.1694,0.1488,0.2072,0.2262,0.2456,0.3418,0.291,0.3649,0.2874,0.364,0.2512,0.384
pathset2sat,True,17,random_20_9_8,20,172,172,4.78044104576,0.1127,0.1134,0.1202,0.141,0.1902,0.1898,0.3102,0.2721,0.3502,0.3045,0.3176,0.316,0.3877,0.487,0.6046,0.5032
pathset2sat,True,16,random_20_9_9,20,167,167,4.4309489727,0.1231,0.0728,0.1119,0.1471,0.1857,0.1999,0.2094,0.2788,0.3362,0.382,0.2734,0.3919,0.4674,0.55,0.6448
pathset2sat,True,10,random_40_1_0,40,86,86,871.204999924,347.0696,0.4026,1.4755,4.6552,6.7532,19.6873,42.4717,113.7885,334.8452
pathset2sat,True,8,random_40_1_1,40,75,75,136.071048021,2.3453,0.3929,0.9701,3.6641,10.1304,22.813,95.7178
pathset2sat,True,11,random_40_1_2,40,86,86,3045.91150212,469.9007,0.5296,0.8354,2.5518,7.4315,18.9186,48.5036,161.2688,490.023,1845.8851
pathset2sat,True,9,random_40_1_3,40,79,79,623.242631912,7.866,1.01,1.3791,5.6109,13.2388,26.283,120.4543,447.3565
pathset2sat,True,9,random_40_1_4,40,82,82,323.35999608,23.8099,0.4588,1.6073,3.9019,14.4519,23.4942,61.088,194.503
pathset2sat,True,8,random_40_1_5,40,69,69,210.440743923,1.5566,0.5971,2.0774,6.482,14.8574,38.2515,146.5788
pathset2sat,True,8,random_40_1_6,40,65,65,516.624243975,3.6415,0.3902,1.6827,7.0308,22.0455,86.6402,395.1551
pathset2sat,True,9,random_40_1_7,40,74,74,311.421973228,7.4299,0.299,0.9559,3.4102,8.6007,29.7324,59.0511,201.9062
pathset2sat,True,6,random_40_1_8,40,54,54,165.171885967,0.1649,0.6078,3.3098,12.0669,148.9962
pathset2sat,True,9,random_40_1_9,40,80,80,147.691306114,24.777,0.4812,1.5767,3.2844,8.6439,13.4097,32.5098,62.9708
pathset2sat,False,16,random_40_2_0,40,163,163,4585.90216994, ,0.3593,0.9704,1.377,3.5098,6.1158,11.4655,18.6629,31.072,73.3316,125.4999,305.329,602.5898,1405.5119,2000.0305
pathset2sat,True,16,random_40_2_1,40,177,177,2291.34713578,154.4053,0.3318,0.9349,1.8531,2.8184,5.193,8.6998,13.6466,23.5676,32.8504,60.399,123.5138,266.3304,568.8614,1027.8534
pathset2sat,False,16,random_40_2_2,40,163,163,4365.68655205, ,0.4009,0.7316,1.5173,2.7959,4.3657,10.4188,15.0019,23.8411,47.2398,106.059,227.7933,380.9249,1544.4492,2000.059
pathset2sat,False,16,random_40_2_3,40,165,165,4040.09568501, ,0.4593,0.7842,2.021,2.9536,4.9731,9.3346,12.9512,25.4282,47.0943,104.4349,240.89,452.0877,1136.5837,2000.0273
pathset2sat,False,16,random_40_2_4,40,164,164,3998.79309511, ,0.3877,0.5303,1.4088,3.0628,5.2896,9.8168,13.6283,25.7364,46.3684,104.8733,234.3459,493.3138,1059.9082,2000.0447
pathset2sat,False,17,random_40_2_5,40,170,170,6329.84897017, ,0.3421,0.6177,1.7549,3.6343,5.8241,9.0744,13.5834,29.8273,52.9979,129.8247,324.718,574.0986,1280.8368,1902.5854,2000.0426
pathset2sat,False,16,random_40_2_6,40,162,162,4105.40102911, ,0.4585,0.9722,2.3918,5.3144,9.4508,14.7996,20.9566,34.7543,62.5326,111.8958,231.8436,462.1419,1147.7573,2000.0469
pathset2sat,False,16,random_40_2_7,40,150,150,5073.63606906, ,0.3787,0.9561,1.8883,3.4106,6.7408,11.0396,20.5635,31.095,55.2816,116.7787,306.2542,739.8081,1779.3238,2000.0387
pathset2sat,True,15,random_40_2_8,40,158,158,1544.40588307,87.12,0.2984,0.72,1.7969,2.5351,5.9027,10.8163,14.0982,20.5577,29.5141,77.1004,132.0942,329.8114,831.9693
pathset2sat,False,16,random_40_2_9,40,150,150,5110.99520802, ,0.3367,0.6494,1.4165,2.8102,5.2177,8.9755,14.357,22.9083,47.8338,124.6232,338.8337,876.2778,1666.6392,2000.0512
pathset2sat,False,20,random_40_3_0,40,255,255,5794.64071107, ,0.4193,0.7678,1.3889,2.7451,4.3068,7.1695,9.9662,18.3284,23.52,35.9862,43.8951,69.2027,89.0456,211.3259,419.3398,960.7158,1896.3618,2000.0418
pathset2sat,False,19,random_40_3_1,40,226,226,5059.3587029, ,0.3184,1.3568,2.1772,3.9445,5.3121,6.1673,9.361,12.4052,22.0012,31.6893,52.9781,98.4337,198.8466,382.1412,837.9168,1394.1721,2000.0393
pathset2sat,False,19,random_40_3_2,40,219,219,5866.22546315, ,0.3309,0.6116,1.6305,2.7059,4.2381,5.6091,12.1672,15.3052,22.5485,33.1099,50.5582,110.7191,230.8776,559.4465,920.2013,1896.0227,2000.0437
pathset2sat,False,19,random_40_3_3,40,224,224,6250.91530991, ,0.3208,0.8787,1.1958,3.3881,5.3939,8.972,13.6408,17.7461,24.8183,37.398,67.8007,124.594,263.1643,556.1106,1177.6164,1947.7253,2000.048
pathset2sat,False,18,random_40_3_4,40,222,222,4733.45850706, ,0.2213,0.6351,1.3544,2.306,3.9603,7.0132,10.6378,12.3866,24.1099,44.2056,71.5782,157.0754,331.0328,680.2884,1386.5233,2000.0415
pathset2sat,False,19,random_40_3_5,40,224,224,5780.950279, ,0.3404,0.5485,1.0635,2.1282,3.6004,7.3086,11.415,15.1318,23.9688,33.5739,69.9211,125.259,238.9069,538.3626,1108.2722,1600.9998,2000.043
pathset2sat,False,19,random_40_3_6,40,219,219,4237.81133819, ,0.2629,0.7663,1.4655,2.1082,4.3417,7.365,10.9518,13.4908,21.6389,32.4547,41.0894,71.9996,126.3552,251.0272,485.4227,1166.9471,2000.0311
pathset2sat,False,20,random_40_3_7,40,246,246,5286.97823882, ,0.5068,1.0847,1.8015,3.1295,3.8591,6.0702,8.8958,12.5167,15.7788,23.9884,40.6106,61.3092,111.7169,205.9571,470.3741,666.3318,1652.9203,2000.034
pathset2sat,False,19,random_40_3_8,40,240,240,5156.63757086, ,0.4129,0.9526,2.0617,3.0719,4.5061,5.9505,10.695,11.9303,15.1141,31.0523,52.1691,88.3205,163.4851,298.1062,784.9219,1683.7552,2000.038
pathset2sat,False,21,random_40_3_9,40,264,264,5512.20430803, ,0.4056,0.8177,1.2569,1.5746,3.6827,5.4842,10.0405,10.4262,16.4333,20.9065,29.8662,50.6864,67.4552,100.4206,179.0079,355.4007,852.1281,1806.0603,2000.0361
pathset2sat,False,23,random_40_4_0,40,336,336,5679.46507502, ,0.4156,0.7706,1.0999,1.9853,4.6091,5.0282,7.7538,9.9363,12.7796,17.0985,20.8029,29.7603,34.9526,66.5968,92.3383,163.6263,289.2368,616.4073,774.857,1529.255,2000.0354
pathset2sat,False,22,random_40_4_1,40,301,301,5474.62256598, ,0.4104,0.7181,0.7651,2.2569,2.787,4.2691,6.1304,11.4146,11.886,19.5764,18.9298,28.1201,54.527,71.3794,139.1482,268.194,439.8033,754.7144,1639.4058,2000.0451
pathset2sat,False,22,random_40_4_2,40,302,302,6051.50529099, ,0.275,0.7439,1.3918,1.6266,2.3042,3.7705,7.0494,10.0169,15.4741,16.173,25.2019,34.7166,51.1826,86.4791,183.4197,289.7252,551.7798,1011.393,1758.6291,2000.0443
pathset2sat,False,21,random_40_4_3,40,300,300,5428.25038195, ,0.4906,0.8485,1.6755,2.2981,3.4193,6.8714,7.4868,11.4512,14.1601,24.2571,29.0477,45.8263,66.2308,105.2772,202.8822,455.6994,834.8157,1615.3707,2000.0365
pathset2sat,False,21,random_40_4_4,40,289,289,4354.5087831, ,0.2913,0.6392,0.9824,1.8926,2.8968,4.764,8.1816,9.758,15.55,22.4428,28.2789,37.6451,57.0885,88.2548,154.1613,263.9917,579.6948,1077.8489,2000.048
pathset2sat,False,22,random_40_4_5,40,308,308,5402.42739916, ,0.2872,0.9118,1.5895,2.4378,2.7092,5.6353,6.5225,11.8251,13.1409,16.2208,21.2759,31.0875,45.0231,60.7362,128.5118,236.8294,393.3088,787.8976,1636.3311,2000.0383
pathset2sat,False,22,random_40_4_6,40,311,311,5359.44334507, ,0.2572,0.5228,0.8522,1.5727,1.7605,3.8561,6.1646,9.3101,10.9192,16.5753,20.5953,34.4051,40.6875,76.4024,133.4117,204.565,409.5385,764.0845,1623.8207,2000.0386
pathset2sat,False,22,random_40_4_7,40,314,314,5297.30391812, ,0.3349,0.9994,1.4196,2.2533,5.252,6.1751,6.8758,8.2642,11.7275,14.2646,28.049,34.5964,46.5362,73.6215,111.9974,248.4039,430.9043,762.8478,1502.6053,2000.0355
pathset2sat,False,22,random_40_4_8,40,316,316,4716.00288105, ,0.4327,1.0382,1.1012,1.836,2.9388,4.8735,6.7195,8.4016,11.5457,17.1104,19.5594,31.4786,34.104,46.8091,99.0319,166.6748,318.0273,649.3802,1294.8105,2000.0266
pathset2sat,False,22,random_40_4_9,40,321,321,4606.89419699, ,0.3866,0.5255,1.4154,2.711,4.0968,5.8348,7.2441,11.1399,12.8017,14.3677,25.1578,24.5401,41.9826,62.3571,121.1546,155.9339,297.8318,661.5016,1155.7506,2000.0327
pathset2sat,False,25,random_40_5_0,40,389,389,4605.3942802, ,0.3834,0.6842,0.9302,1.9273,2.2626,3.8022,6.2552,7.1047,7.8128,10.3515,12.8003,17.1378,21.155,24.9147,32.6236,51.625,66.7679,98.7459,157.7547,301.9549,637.3282,1140.9258,2000.0259
pathset2sat,False,26,random_40_5_1,40,401,401,5971.02293587, ,0.4426,0.8604,0.988,1.3687,2.9315,4.9782,4.4838,7.7033,10.4057,13.9452,13.2543,17.0322,21.5338,30.7717,37.9559,48.9137,79.9477,95.9613,188.7892,266.8482,425.1379,907.5485,1789.0475,2000.0437
pathset2sat,False,26,random_40_5_2,40,399,399,6634.12523699, ,0.5406,0.8064,1.1805,2.6413,5.0196,3.5229,5.8095,8.0177,13.0668,13.1581,18.8353,20.962,22.2657,39.1983,45.7273,42.0198,53.6667,125.6666,230.3812,313.5638,545.0174,1154.1294,1968.7542,2000.0353
pathset2sat,False,25,random_40_5_3,40,377,377,5122.35750198, ,0.4549,0.5788,1.5853,1.6085,3.5298,4.6229,4.7858,7.0873,9.8685,14.9662,13.8128,19.1358,21.7117,29.5466,40.4081,55.4549,90.9808,159.3364,235.9988,440.2232,696.2033,1270.3007,2000.0339
pathset2sat,False,25,random_40_5_4,40,379,379,6270.10576797, ,0.4737,0.6804,1.1798,1.7049,2.8821,3.1097,4.6112,8.2557,12.2021,19.1359,20.1131,18.8179,32.2105,44.7344,46.6218,75.5005,127.7849,225.2534,342.3062,528.4994,896.9366,1856.9238,2000.0404
pathset2sat,False,27,random_40_5_5,40,421,421,6697.1510272, ,0.4117,1.0524,1.0505,1.8696,2.0869,3.035,5.429,4.9024,6.9681,8.8264,10.1893,13.7416,14.9343,17.7349,23.2075,28.3214,32.8124,52.1134,76.2418,143.916,359.9553,657.6804,1309.4992,1921.0119,2000.0374
pathset2sat,False,26,random_40_5_6,40,404,404,6238.08655405, ,0.3825,0.5591,1.3166,2.914,1.8315,4.2718,6.3885,8.5186,10.1554,10.3268,15.0735,16.8239,17.9603,19.9582,28.6895,46.0361,66.864,95.3206,163.2209,338.9726,526.9463,1026.3983,1828.9931,2000.0378
pathset2sat,False,26,random_40_5_7,40,412,412,5219.93618011, ,0.2954,0.4677,1.1223,2.2018,3.1908,4.0319,5.4336,9.7669,9.2562,9.5596,12.7161,13.8891,17.2741,20.1143,20.1208,40.452,53.9647,102.9641,112.1595,223.7856,404.8462,739.035,1413.1124,2000.0453
pathset2sat,False,25,random_40_5_8,40,393,393,4726.52243209, ,0.3233,0.7139,1.4697,2.1642,2.4868,4.8016,6.2666,7.6084,10.2765,12.4213,16.9282,16.9717,21.2191,22.5629,40.9981,51.5081,88.7868,145.0115,225.8732,353.134,634.6837,1060.1392,2000.0481
pathset2sat,False,25,random_40_5_9,40,401,401,5071.11620688, ,0.6151,0.703,1.5565,2.0082,2.5881,4.4526,6.0476,7.5049,13.921,13.4523,16.6924,18.7828,21.7801,27.2986,29.8086,44.0556,74.9314,121.2021,175.3205,361.2361,905.4209,1221.5593,2000.0437
pathset2sat,False,28,random_40_6_0,40,476,476,5607.07444, ,0.4986,0.7275,1.2998,1.7287,3.6111,3.3433,5.1665,7.2368,10.0912,10.4564,14.3112,15.9932,11.2801,17.9634,23.467,23.9461,21.2522,19.5189,32.5093,64.9894,169.7421,263.0813,493.8168,845.5675,1545.3008,2000.0383
pathset2sat,False,29,random_40_6_1,40,477,477,6179.39172602, ,0.5146,0.8666,0.9197,2.4772,2.7832,5.2568,5.6612,7.0731,6.3938,9.9797,8.8631,12.8052,16.1264,15.9129,16.8585,18.9126,22.2838,25.0978,35.0071,56.6825,91.6484,196.4779,317.3103,465.9055,1098.6435,1738.7583,2000.0346
pathset2sat,False,27,random_40_6_2,40,443,443,4825.12601805, ,0.3484,0.5551,1.4052,2.0979,2.0878,3.3039,5.6064,5.3692,8.8125,13.1131,13.5474,14.7649,18.9512,21.9468,28.3029,30.5468,35.4376,47.0569,59.2107,96.2877,210.1757,352.4426,680.3779,1173.2185,2000.034
pathset2sat,False,29,random_40_6_3,40,489,489,6012.73764086, ,0.4055,0.6076,0.752,1.5249,2.0658,2.0268,4.4681,4.9972,6.7878,9.6124,8.8998,12.5997,12.9439,24.6459,14.4278,17.4525,17.5595,21.1235,29.7602,50.589,89.0619,174.974,337.0411,528.8264,866.065,1773.3495,2000.0291
pathset2sat,False,27,random_40_6_4,40,449,449,4840.75732493, ,0.3669,0.7592,1.103,0.99,1.7855,2.7252,5.359,6.8735,10.3078,11.2047,14.9264,19.6803,14.7793,18.2658,22.0493,32.3864,28.2801,33.8271,49.4551,80.6406,193.4195,346.8434,670.1065,1274.4481,2000.0451
pathset2sat,False,27,random_40_6_5,40,444,444,5088.66617918, ,0.3307,0.387,0.7583,1.5234,3.1225,3.0652,5.2523,6.9144,8.0244,8.4647,9.2184,15.7853,15.3129,17.9029,20.6065,26.6448,32.7177,48.3795,71.6233,117.7771,178.6457,361.5713,734.3969,1400.0263,2000.046
pathset2sat,False,28,random_40_6_6,40,459,459,5945.08187294, ,0.7393,1.0715,1.4907,1.4769,3.0311,5.0823,5.8127,8.0591,9.9472,11.2014,14.4395,21.1419,21.2774,22.77,20.7849,21.4201,26.5873,30.2237,41.0363,68.6442,142.1848,292.6684,436.0764,1013.0979,1724.6271,2000.0468
pathset2sat,False,27,random_40_6_7,40,446,446,4978.0236659, ,0.3106,0.3727,1.9627,1.1631,2.6062,3.5241,4.4673,7.2703,7.6525,10.9544,15.4679,16.435,17.7048,18.6305,20.8496,22.3591,32.7538,59.4806,94.5695,141.5514,236.5676,336.4014,573.6796,1351.1195,2000.0347
pathset2sat,False,28,random_40_6_8,40,475,475,4803.80843496, ,0.7099,0.8058,1.1163,2.2612,2.6451,3.6106,4.5871,9.8769,7.2999,10.8999,13.7294,12.538,13.5565,15.2026,18.5424,14.7964,21.1947,26.3506,34.6339,55.4743,77.4586,187.0794,380.8771,719.1036,1169.28,2000.0397
pathset2sat,False,29,random_40_6_9,40,468,468,6466.26419711, ,0.3401,0.5697,0.9508,1.4249,1.5303,3.0694,4.9565,5.2333,7.2503,9.9861,9.7464,11.2052,16.0852,15.7861,20.6592,22.3107,21.1885,35.9962,49.3665,68.5714,138.0582,187.9312,303.4192,591.7191,1066.6333,1872.1086,2000.0347
pathset2sat,False,31,random_40_7_0,40,547,547,5156.20773292, ,0.4989,0.6244,1.2316,2.5043,2.84,4.9144,4.8441,4.7623,9.4511,10.2791,10.7065,12.7466,14.282,18.7916,16.9756,19.357,13.2154,14.07,13.6916,11.4569,12.5538,21.551,27.5641,109.5617,250.0205,479.3753,800.2531,1267.8713,2000.0561
pathset2sat,False,31,random_40_7_1,40,534,534,4832.77296519, ,0.319,0.5582,0.8805,1.6116,2.0823,3.319,3.9972,6.5418,6.2366,8.4683,7.6255,11.6165,11.7136,12.3591,12.2164,14.4117,11.8633,12.3288,10.1502,11.5939,16.1209,18.329,52.177,107.9193,195.8263,367.9296,702.9756,1221.4334,2000.037
pathset2sat,False,32,random_40_7_2,40,567,567,4579.50417399, ,0.4925,0.8881,0.998,1.6386,2.078,1.9917,2.6029,5.3251,6.8259,4.2953,7.136,7.0356,6.348,11.4258,9.8694,13.8321,12.5482,9.1395,8.3804,10.3072,9.6117,12.5671,15.4124,24.3332,45.8503,160.7675,343.3864,649.4089,1194.7446,2000.0843
pathset2sat,False,32,random_40_7_3,40,561,561,5500.46556902, ,0.5483,0.8356,1.2395,2.3523,2.8103,3.3895,5.3018,6.9689,8.2043,10.2932,10.1136,12.2885,14.8856,12.1037,10.1511,16.5393,14.8236,17.6985,14.0898,14.4893,19.5569,25.0822,47.7617,63.592,146.5872,247.3334,438.248,784.5836,1548.3713,2000.0382
pathset2sat,False,32,random_40_7_4,40,568,568,4396.81163192, ,0.4228,0.844,1.3315,1.1867,2.414,3.3443,5.1183,4.3833,4.589,6.4136,6.6584,8.8468,12.2202,12.1212,11.0323,13.3494,14.5503,10.8109,9.6815,9.1387,9.1062,10.2041,14.807,27.4588,67.108,157.9659,315.6519,600.306,1055.5165,2000.0623
pathset2sat,False,30,random_40_7_5,40,515,515,5531.24429989, ,0.4499,0.5906,0.7405,0.8664,3.8923,3.6324,5.5601,7.3685,7.5382,7.3532,9.5035,11.6628,12.8609,21.5066,15.8502,18.8634,17.1886,15.856,24.4467,21.6272,46.3691,73.6416,96.7251,276.146,517.7,808.6379,1504.4801,2000.0368
pathset2sat,False,32,random_40_7_6,40,565,565,4185.21178508, ,0.4648,0.8053,0.9114,1.1492,1.4544,3.8407,5.3426,4.3856,6.7523,7.1354,9.4003,11.1341,8.4395,8.6292,10.9396,11.9969,12.1589,10.3302,13.0827,10.0663,13.3514,10.8391,15.3883,43.3263,65.0724,143.8281,265.4355,490.9132,998.4548,2000.0351
pathset2sat,False,32,random_40_7_7,40,557,557,5863.36452985, ,0.4402,0.6069,0.8502,1.7442,2.0628,3.6945,2.8346,4.3371,4.6369,6.579,9.9267,7.3686,9.1782,15.149,10.8075,11.8872,13.3009,11.1123,13.8548,15.1579,14.1552,19.3326,30.0562,64.7768,152.1482,255.8914,540.029,890.5754,1750.6781,2000.0396
pathset2sat,False,31,random_40_7_8,40,540,540,4498.553334, ,0.3987,0.611,0.8904,1.5412,2.7102,3.2777,2.983,3.9612,5.7418,8.3233,11.1707,11.8786,14.7419,10.8893,14.5599,13.4884,15.3021,15.2889,12.3984,13.8597,18.3545,29.9054,63.9239,76.4442,220.7265,342.2041,588.8192,993.9885,2000.0308
pathset2sat,False,32,random_40_7_9,40,553,553,5897.90103292, ,0.3831,0.4484,1.0186,1.2495,1.9359,4.4299,6.3826,4.9227,5.5722,8.3876,8.1753,12.9387,8.5528,13.3815,15.2026,12.6406,10.3009,13.6974,12.5058,10.5454,9.3149,11.7894,22.8573,57.5049,111.9048,243.5678,423.2514,908.2482,1956.6014,2000.0408
pathset2sat,True,34,random_40_8_0,40,631,631,1933.08205581,6.5154,0.4185,0.5298,0.8987,1.5184,1.2639,2.1248,3.8005,2.5212,3.7731,4.2237,4.8976,6.2685,7.3654,11.5456,8.8943,9.2433,8.4436,7.1667,7.8864,8.5189,7.2254,6.6749,5.946,6.3546,6.3358,11.9997,17.5812,51.8667,137.5507,248.3196,444.0685,881.1497
pathset2sat,True,34,random_40_8_1,40,622,622,3557.20171785,0.8554,0.5224,0.6415,1.0155,1.6367,1.1475,1.7665,3.8405,3.8385,4.669,4.1827,6.8934,4.6717,8.7431,7.7216,11.9538,8.4964,11.0302,7.9677,8.7147,7.8727,8.7048,8.3904,7.544,7.7364,7.3959,11.9081,24.1559,81.2615,287.7924,450.8477,768.1457,1784.9108
pathset2sat,False,34,random_40_8_2,40,611,611,4106.71788692, ,0.4071,0.6826,0.7453,0.8121,1.173,1.2548,1.9671,3.0466,2.9228,2.9811,5.7878,5.5576,9.5666,10.8492,10.9218,11.9447,15.455,12.8399,13.9931,10.1054,11.9934,12.4433,11.5315,13.5512,20.0115,29.6045,63.887,122.7243,286.47,497.1466,914.1366,2000.041
pathset2sat,True,34,random_40_8_3,40,636,636,1580.38820505,0.9328,0.4613,0.6803,0.9403,1.1068,1.4744,2.8655,3.7726,3.0355,4.074,4.2019,6.0772,7.7917,8.7646,7.622,6.8905,9.2341,8.4965,7.7343,7.9731,7.8074,8.0692,7.1309,6.6503,7.3077,7.8443,9.1643,18.995,36.4682,60.5313,172.5429,408.0191,735.5704
pathset2sat,True,34,random_40_8_4,40,625,625,2710.05681491,0.8771,0.5599,1.0385,1.6648,2.4335,3.1078,2.591,4.4548,5.7085,5.1828,8.8115,5.5058,8.03,15.5163,12.4906,12.7469,14.9015,11.4656,11.0059,8.9483,11.471,10.6277,10.7055,8.1106,11.0642,10.0373,12.0391,24.9672,59.3572,141.9878,362.3611,659.6355,1250.4861
pathset2sat,True,33,random_40_8_5,40,624,624,1435.07665396,2.3459,0.3445,0.4664,0.5628,0.6258,1.1605,2.1903,2.2706,2.3185,3.1646,4.9738,5.5874,7.1837,5.9509,7.9891,6.0896,11.621,7.8438,11.1558,7.484,7.3465,9.2855,5.9608,8.1167,8.1811,7.7064,19.2329,41.6209,96.854,194.202,350.9352,594.1396
pathset2sat,True,33,random_40_8_6,40,633,633,843.759701014,2.7716,0.4616,0.7005,1.2132,1.1723,1.3978,1.4045,3.3238,4.8072,4.099,7.2632,6.1195,5.8862,7.2249,9.2255,10.3379,8.1523,9.8826,8.0132,9.9865,8.7232,7.3565,9.3532,7.0744,7.8112,8.6502,9.3699,18.5162,38.5128,71.7831,189.5889,363.4315
pathset2sat,True,33,random_40_8_7,40,626,626,1302.07219911,4.5399,0.4207,0.5589,0.8223,2.0269,2.2188,3.9663,3.8262,5.3528,5.4,7.3547,8.8451,7.1211,6.5975,10.8131,6.9834,7.6898,14.8043,8.7134,8.9333,5.9977,10.0618,8.7094,6.9369,8.6688,8.5292,24.1198,64.9623,97.003,153.2498,266.342,530.3483
pathset2sat,True,34,random_40_8_8,40,629,629,2095.65265179,1.1609,0.5743,0.7182,1.1638,1.3503,1.5713,3.1906,3.9317,6.4509,5.0113,4.9706,5.9595,7.1946,6.1102,8.961,6.7895,10.0812,10.4629,8.2926,8.2589,6.597,8.1657,7.894,7.2856,8.0909,7.8585,9.1861,30.3707,69.9393,159.3971,325.4195,465.3922,887.6404
pathset2sat,True,33,random_40_8_9,40,612,612,2061.20217514,1.1299,0.4984,0.8129,0.8326,1.4231,1.3394,2.1853,2.1145,2.9154,3.8331,5.4156,8.1077,7.7556,7.945,10.256,8.8616,14.3021,11.7253,14.3282,9.9487,12.7341,9.9177,10.0901,11.5683,18.3814,24.448,52.2156,85.7862,109.1853,195.2695,524.8079,890.9143
pathset2sat,True,36,random_40_9_0,40,714,714,323.593203068,0.5139,0.5344,0.7547,0.6758,1.452,2.1808,2.8219,3.8653,2.4987,4.0665,3.6464,4.7536,5.4797,5.2322,5.2222,7.1454,6.3205,8.3468,7.1678,8.2659,8.6751,8.1973,7.2835,6.6719,6.5339,6.1198,6.7627,6.3795,5.8028,5.8525,5.6893,8.9076,25.2335,41.5706,92.8126
pathset2sat,True,35,random_40_9_1,40,713,713,229.287240982,1.0006,0.4507,0.4923,0.6191,0.8654,0.9365,1.1306,1.3756,1.133,1.9634,2.6389,2.847,4.5896,4.3177,5.0945,5.4525,6.3443,8.343,8.8136,7.045,8.4788,9.5321,7.3542,9.9474,7.3433,8.1202,6.4241,5.7125,5.4917,6.3859,7.8969,14.7559,22.1603,44.0642
pathset2sat,True,36,random_40_9_2,40,694,694,596.028548956,0.5293,0.3951,0.4992,0.5515,0.8367,0.9798,1.0902,1.5009,1.9169,2.1936,2.5898,2.8742,4.214,4.7761,4.8456,6.5539,6.1966,6.6859,5.8634,7.6073,7.2009,6.7063,7.5301,8.2109,6.4827,7.247,6.8034,6.636,5.9842,5.5964,11.1883,23.0433,40.9821,83.2261,306.3322
pathset2sat,True,35,random_40_9_3,40,709,709,262.240669966,0.8514,0.4505,0.6182,0.7247,0.9661,1.1029,1.397,1.9669,2.751,5.5529,4.1763,5.0553,7.0283,6.3285,5.5666,5.1967,6.6012,7.5372,8.1669,8.1756,5.1576,6.4474,7.4084,7.6161,6.0072,6.8276,5.9099,5.4431,6.45,5.725,6.8799,15.8875,28.9673,67.1506
pathset2sat,True,36,random_40_9_4,40,711,711,357.708836079,0.5877,0.4264,0.5509,0.7752,1.1505,1.1212,2.7927,2.1201,2.5115,4.7414,5.0813,6.8878,7.011,8.2537,7.2272,7.1449,7.8076,8.0291,6.912,6.7872,7.2179,7.1124,6.5931,6.6648,6.0201,5.6094,6.3865,5.9377,6.437,6.911,7.1161,10.9897,35.6586,48.9834,101.9869
pathset2sat,True,35,random_40_9_5,40,694,694,406.694335938,0.4964,0.432,0.5004,0.8224,0.8065,0.8663,2.0636,2.62,2.768,2.3302,2.942,5.051,4.5641,6.833,7.6008,5.9076,7.5683,8.3075,7.5721,7.6599,7.5438,7.2037,6.5833,6.8827,7.3525,6.4606,5.5499,7.1761,6.2697,6.3972,11.3926,23.4978,63.269,163.2362
pathset2sat,True,36,random_40_9_6,40,704,704,411.254881859,0.5085,0.3932,0.5431,0.7087,1.1691,1.5735,2.5027,1.4883,4.0783,3.0499,3.8967,4.788,5.4439,3.3091,4.0132,7.1965,6.4792,6.5349,7.6954,8.8494,9.9958,10.3505,9.5805,6.9357,10.2387,6.6508,6.8185,7.0678,6.6842,5.6677,7.6786,8.4755,27.3803,60.7541,152.5685
pathset2sat,True,36,random_40_9_7,40,705,705,421.392456055,0.501,0.3434,0.3877,0.447,0.994,1.1344,1.4778,2.3736,2.1671,3.4393,3.3709,3.2553,3.4946,4.0526,5.6091,4.8032,5.387,6.261,6.0443,7.4567,5.8959,7.4074,7.7549,5.4167,5.6864,5.6914,5.3991,4.9587,5.7365,5.729,5.5178,13.8012,20.8932,69.7063,188.6564
pathset2sat,True,36,random_40_9_8,40,697,697,564.746550083,0.8005,0.5088,0.718,0.7398,0.9802,1.2219,3.4978,2.4313,3.4315,3.4105,5.7774,7.1765,7.6467,5.6815,7.0129,6.7857,6.7823,7.3309,8.5508,8.9056,8.9087,8.505,6.9648,7.5861,8.2901,7.3713,7.0068,6.7809,6.7796,5.8174,5.8568,8.8435,41.8635,106.3962,238.2122
pathset2sat,True,35,random_40_9_9,40,704,704,313.616643906,0.6959,0.491,0.5755,0.9256,1.1134,2.2235,2.8634,2.0442,3.9055,5.4928,6.1991,6.6178,7.4236,5.1977,8.2659,8.726,7.6987,7.1544,8.797,7.3238,7.1392,7.5074,6.9356,6.58,6.6075,6.0743,6.3596,5.61,6.2093,6.6421,10.4213,13.3592,36.7492,93.5113
pathset2sat,False,12,random_60_1_0,60,166,166,3621.72883701, ,0.9538,2.353,5.893,17.1427,40.6523,72.9633,129.5315,379.9205,972.2202,2000.0427
pathset2sat,False,13,random_60_1_1,60,156,156,4226.0019021, ,1.1007,3.7645,8.0318,21.4504,29.9935,58.5108,81.8156,217.4466,537.603,1266.1912,2000.033
pathset2sat,False,14,random_60_1_2,60,176,176,4633.29082894, ,1.1078,3.3682,7.5804,17.7044,34.4168,34.3555,80.9098,205.279,346.4906,625.1868,1276.778,2000.045
pathset2sat,False,13,random_60_1_3,60,162,162,4650.23297811, ,1.0373,4.8697,9.4553,19.1056,39.3911,60.2738,145.1222,338.4912,723.3837,1308.9099,2000.1236
pathset2sat,False,13,random_60_1_4,60,165,165,3668.67074299, ,0.8806,3.247,6.5674,14.9807,26.5202,56.607,91.9311,173.0578,406.0323,888.7278,2000.0517
pathset2sat,False,14,random_60_1_5,60,194,194,5299.03851986, ,3.8772,12.0641,13.3834,23.1559,28.1207,42.7636,75.6468,138.804,325.4456,784.0282,1851.595,2000.0425
pathset2sat,False,13,random_60_1_6,60,149,149,5551.84088087, ,1.8507,5.7731,12.4728,18.7211,51.9442,72.4393,180.6207,349.5522,864.7357,1993.6359,2000.0377
pathset2sat,False,13,random_60_1_7,60,167,167,4161.07228589, ,1.1814,3.5553,9.7696,17.4215,28.756,48.996,86.6538,194.864,451.6558,1318.1122,2000.0464
pathset2sat,False,13,random_60_1_8,60,172,172,4560.91591215, ,1.4498,3.6542,9.7457,23.0755,31.9042,54.4563,85.1989,217.5944,628.7414,1504.986,2000.0408
pathset2sat,False,14,random_60_1_9,60,179,179,5653.39905596, ,0.9658,3.3138,7.9089,14.3402,33.774,56.8343,71.9523,182.8814,393.5845,940.4995,1947.2374,2000.0392
pathset2sat,False,19,random_60_2_0,60,367,367,5437.72944307, ,1.1367,3.0227,5.0511,11.2007,14.4674,26.1264,33.0937,47.8974,74.4488,96.0645,114.9378,150.4535,248.5327,405.0596,718.492,1487.6114,2000.04
pathset2sat,False,18,random_60_2_1,60,362,362,5417.33064413, ,2.4696,4.4594,7.4436,17.5741,26.5861,37.6518,43.4569,68.6948,99.724,133.7726,203.4688,288.1766,454.7004,810.0104,1219.0042,2000.0403
pathset2sat,False,19,random_60_2_2,60,362,362,6840.60086918, ,2.7394,2.254,5.0461,9.3101,17.8459,27.4967,39.3028,50.3001,61.8157,100.3642,138.3151,205.7265,336.1264,663.678,1242.1477,1937.9753,2000.0411
pathset2sat,False,18,random_60_2_3,60,367,367,4570.93457603, ,1.6291,2.7344,10.6175,16.9277,25.3214,23.2406,36.001,76.5932,72.5795,93.5042,142.9209,259.6172,371.0239,493.9971,943.7129,2000.4108
pathset2sat,False,18,random_60_2_4,60,348,348,4900.80951715, ,1.6213,3.347,7.8157,15.1408,19.0442,27.8377,59.4429,68.7855,93.2129,106.3243,148.0817,215.27,369.1903,634.5261,1131.0326,2000.0391
pathset2sat,False,20,random_60_2_5,60,364,364,6918.00832415, ,1.0676,3.6152,3.57,8.3168,20.6036,31.495,43.461,44.7691,61.2984,91.2425,116.4103,182.0369,260.7376,431.8502,668.1616,1022.0131,1927.211,2000.0387
pathset2sat,False,19,random_60_2_6,60,379,379,5834.03703308, ,1.441,3.9941,6.0949,11.0029,18.759,31.5319,45.4304,55.2179,69.1785,94.4832,100.7853,175.444,265.7218,427.5321,947.619,1579.6476,2000.0485
pathset2sat,False,19,random_60_2_7,60,367,367,7008.91497302, ,1.6452,3.9914,7.6472,16.6093,20.7945,46.8456,50.8915,73.7374,92.7925,134.6095,153.2784,234.3073,335.4369,667.7023,1171.685,1996.7928,2000.0449
pathset2sat,False,18,random_60_2_8,60,364,364,5216.89176297, ,1.7682,2.6387,8.4823,18.0123,21.9579,30.6721,56.2392,87.321,90.2197,82.6437,142.8859,262.0746,422.1445,712.6738,1277.0065,2000.0355
pathset2sat,False,19,random_60_2_9,60,373,373,5044.17934394, ,1.4328,4.4779,6.2161,10.7392,14.9415,25.6707,37.3828,42.3936,58.735,82.4266,105.5798,144.6084,221.5787,406.1473,666.8204,1214.8814,2000.0454
pathset2sat,False,23,random_60_3_0,60,522,522,6257.42028499, ,0.8308,2.9361,6.1692,6.7268,11.389,17.9414,25.2981,39.386,52.2742,64.4622,82.0703,102.8044,117.0786,161.5667,201.3606,220.7643,408.9936,503.9525,738.0592,1493.1829,2000.0432
pathset2sat,False,22,random_60_3_1,60,494,494,6815.68778801, ,4.9198,2.6197,19.8824,10.8659,14.2732,24.2139,37.3293,46.8467,60.0207,85.0497,80.1728,136.2439,162.3578,178.358,298.5081,383.8388,680.621,1077.3795,1512.0173,2000.0456
pathset2sat,False,23,random_60_3_2,60,551,551,6948.24521303, ,2.0726,3.6519,8.3004,10.8646,21.4136,19.199,42.0729,38.8582,50.2116,67.2119,76.4854,85.7962,109.9449,134.141,175.2342,238.6661,363.9745,667.0232,951.1729,1881.748,2000.0443
pathset2sat,False,23,random_60_3_3,60,531,531,7083.35060811, ,1.5432,2.8233,4.2244,8.7094,17.2255,16.8303,32.3648,43.7708,50.991,62.7065,82.6567,103.0181,138.2855,158.4894,247.8067,244.3495,421.978,600.1708,1084.4666,1760.7759,2000.0383
pathset2sat,False,23,random_60_3_4,60,524,524,6377.12060094, ,1.0612,3.5205,5.442,7.7178,10.2241,20.355,24.0199,41.4107,50.5912,69.8199,76.8816,105.4465,117.8114,154.5902,186.3778,246.1759,339.6062,521.4453,826.6221,1567.8381,2000.0378
pathset2sat,False,23,random_60_3_5,60,557,557,6018.47990298, ,1.8929,3.0534,9.6607,12.0476,23.1974,22.2421,41.9963,37.466,49.7094,64.6205,86.3574,100.4678,175.8352,151.411,187.8795,231.5496,321.7694,414.7355,591.9958,1490.4137,2000.0517
pathset2sat,False,22,random_60_3_6,60,511,511,5873.18557692, ,1.2343,3.4049,5.4896,13.2842,15.0941,22.0721,26.4879,46.7799,52.7683,71.1374,83.9126,93.8565,128.6256,174.8363,206.8041,293.6179,461.7988,857.0675,1314.7384,2000.0417
pathset2sat,False,22,random_60_3_7,60,512,512,6075.88575196, ,1.6017,2.9688,6.2294,12.5481,16.3378,24.5543,44.4672,56.1924,67.215,69.5274,86.0741,116.2762,120.7517,163.124,213.3937,307.3421,466.3101,807.5121,1493.3043,2000.0347
pathset2sat,False,22,random_60_3_8,60,529,529,5254.28277206, ,1.2463,1.7826,3.5672,8.4006,10.1747,16.6593,24.2178,39.4406,50.583,68.39,80.0647,106.3742,113.1831,152.7202,158.4365,281.504,338.9612,697.8786,1100.5475,2000.0391
pathset2sat,False,23,random_60_3_9,60,549,549,6779.336694, ,1.5866,3.3254,5.5093,11.2221,15.1703,29.9582,46.1192,60.673,81.5189,73.0314,111.9532,129.6042,121.6641,165.086,214.1703,310.77,353.2701,535.5621,864.4226,1644.4991,2000.0464
pathset2sat,False,27,random_60_4_0,60,730,730,7266.9567399, ,1.2,1.8217,6.1099,9.4044,7.5965,13.1251,22.7545,33.1686,47.9607,62.1458,68.4636,89.0706,95.6699,122.5373,121.6972,177.9932,180.7071,267.4228,311.0988,399.943,453.4586,605.074,826.8995,1341.4134,2000.0364
pathset2sat,False,27,random_60_4_1,60,693,693,7954.20003605, ,3.4625,3.4479,14.7125,9.3306,12.1217,29.9229,33.8589,45.902,52.9339,77.7304,101.0257,101.5127,124.3189,116.1422,128.4507,153.351,196.5435,226.0028,312.9688,368.9279,534.9646,708.0703,1078.0396,1520.2405,2000.0442
pathset2sat,False,28,random_60_4_2,60,756,756,9238.60328579, ,1.6828,3.9162,6.2411,11.0567,12.6806,23.3146,35.1239,44.0211,61.6382,52.4814,100.3212,104.8522,129.0469,120.9232,152.1936,194.2414,225.1796,244.7201,322.5285,409.2191,475.6722,564.4962,820.4808,1389.5075,1732.8562,2000.042
pathset2sat,False,27,random_60_4_3,60,677,677,8076.81280494, ,1.9251,3.0613,7.0735,8.9322,17.1272,15.0299,18.4121,26.2606,37.0897,51.5899,60.9302,88.5395,77.4593,109.4967,157.257,194.0657,185.1045,289.1356,327.4559,409.1169,480.8858,713.3531,1054.1262,1743.2088,2000.0386
pathset2sat,False,26,random_60_4_4,60,684,684,6525.84366679, ,1.5123,2.714,4.7222,7.1458,11.8924,17.3727,29.1626,39.4029,67.0095,70.4298,71.1752,106.1305,111.5812,104.2106,153.7507,208.4193,215.8599,268.6118,324.44,403.2741,486.8136,675.1818,1144.8572,2000.0435
pathset2sat,False,26,random_60_4_5,60,654,654,8164.252949, ,1.6596,4.4524,3.2332,7.1735,15.1609,14.5303,24.475,25.2012,53.3253,63.7917,76.8139,102.9822,129.5875,140.1945,195.758,218.7043,240.1404,271.7776,360.2688,510.7631,798.4733,1088.4949,1817.0775,2000.0503
pathset2sat,False,27,random_60_4_6,60,687,687,8159.4622972, ,1.2814,2.0543,3.7168,11.0557,11.5091,17.8569,31.7254,30.3192,58.8299,67.1055,77.8549,93.0655,110.9943,107.667,135.7268,169.3111,206.3913,244.6675,300.8487,413.6343,594.7488,739.9142,1088.3897,1640.5883,2000.0299
pathset2sat,False,28,random_60_4_7,60,726,726,9241.26980519, ,1.3131,2.8878,5.6437,8.1204,16.2653,18.8371,17.1797,32.1308,46.9992,52.0326,73.4578,99.9424,95.8015,128.1527,146.7722,173.5167,210.4631,272.1887,287.7812,364.3635,480.4179,611.7656,980.6842,1195.6663,1918.6919,2000.0463
pathset2sat,False,27,random_60_4_8,60,698,698,7707.8618722, ,0.9734,5.5624,3.1214,5.5295,6.482,14.9055,26.4681,26.7401,43.814,56.1221,81.9016,86.6592,101.3259,140.5462,137.1346,160.6806,233.6636,264.3625,333.0194,380.9566,409.7747,719.2583,962.3646,1506.2924,2000.0482
pathset2sat,False,27,random_60_4_9,60,695,695,8082.69108605, ,2.2227,2.3888,4.8332,5.5805,13.4488,17.5925,28.9428,33.3772,48.4523,65.7506,107.8297,88.2481,84.8533,117.6953,152.1192,165.7468,201.5496,254.8852,320.9465,395.9194,553.1483,767.2076,1029.337,1620.4387,2000.0418
pathset2sat,False,32,random_60_5_0,60,909,909,9777.52662802, ,1.3525,2.0523,3.7291,5.0837,13.1718,19.1313,24.7485,24.7939,34.7014,38.1195,59.4471,77.9017,85.2775,87.83,121.4572,148.1761,162.662,181.5552,204.8027,260.8776,266.6125,270.2697,320.456,361.5464,430.4576,563.834,875.9933,1329.1707,1802.0838,2000.0501
pathset2sat,False,30,random_60_5_1,60,863,863,7922.43168902, ,1.2447,2.6992,7.033,10.1145,12.9792,12.4397,20.3938,30.87,25.0338,40.2024,69.8263,81.9625,94.5427,111.6846,113.6205,156.9134,155.8339,208.9769,205.1872,227.771,258.2584,296.7293,403.069,434.3484,657.2858,858.2485,1424.9577,2000.0329
pathset2sat,False,31,random_60_5_2,60,881,881,9133.73445177, ,1.6418,5.9412,3.8668,14.1469,27.7858,21.0473,24.1703,41.5529,35.5723,65.8682,71.3452,77.2365,105.0256,136.1633,124.8044,131.0779,177.3078,204.7358,186.6729,249.0156,298.414,308.5392,359.3421,408.183,600.7754,897.4207,1102.881,1452.9687,2000.0408
pathset2sat,False,32,random_60_5_3,60,920,920,8684.04128981, ,1.7359,2.2964,5.0743,4.7425,11.9725,15.3757,26.636,30.1157,35.6471,56.82,55.0459,83.7429,83.0942,102.7415,125.0197,122.006,151.9357,172.9144,177.561,199.7433,226.3578,252.8644,267.0389,319.2634,391.3674,606.7547,669.1305,920.4252,1566.4035,2000.03
pathset2sat,False,32,random_60_5_4,60,905,905,10438.3978581, ,2.5703,2.4628,3.9054,7.4603,12.5382,16.8082,18.5367,30.5127,47.1792,52.0254,75.8816,83.4752,99.7575,137.5205,147.5228,152.9483,135.4362,202.9546,244.9936,252.2306,323.6672,304.0501,345.0817,494.7427,577.8595,615.2368,965.4853,1275.5184,1809.7802,2000.0534
pathset2sat,False,33,random_60_5_5,60,929,929,10404.310154, ,6.0224,4.0788,7.5464,7.6685,8.2882,17.7656,25.983,29.6991,40.1294,54.8342,75.2065,88.1236,79.0626,108.426,123.6231,145.5462,154.9562,188.8849,194.3924,165.1289,199.589,259.9428,286.7445,322.4394,374.0645,587.0177,662.8834,933.7562,1375.3951,1876.8204,2000.046
pathset2sat,False,31,random_60_5_6,60,863,863,9470.85753202, ,1.1179,2.0925,4.993,8.5838,10.2679,18.3672,19.8236,29.95,39.862,43.9092,62.9956,73.75,89.1066,112.1586,124.5267,139.409,164.3796,183.4039,193.5779,233.4437,268.4559,280.2962,381.6408,533.5476,580.406,870.8032,1138.0689,1861.701,2000.0371
pathset2sat,False,32,random_60_5_7,60,903,903,9785.14904594, ,1.5976,2.9396,3.5266,7.5116,14.7139,14.1429,32.657,35.8857,35.6828,46.6772,62.5367,67.4279,101.1995,134.2512,133.0325,130.8047,163.2714,164.7337,192.3118,258.4773,247.3588,301.8446,338.1156,377.122,542.0481,669.127,878.3923,1155.6983,1671.8042,2000.0342
pathset2sat,False,32,random_60_5_8,60,883,883,10491.5451651, ,2.3816,3.9051,4.2525,7.1618,9.5163,14.5226,17.1145,26.7584,25.3421,31.7125,45.3527,55.1047,83.1819,78.3028,115.7045,131.8454,161.0779,153.4184,241.3562,241.0706,288.7275,347.1924,371.2602,428.4772,541.3071,847.7421,930.5356,1376.219,1910.7413,2000.0461
pathset2sat,False,31,random_60_5_9,60,857,857,9672.07934618, ,1.3211,2.6801,4.0642,8.0511,18.0524,17.665,20.9259,27.6892,36.5722,67.4367,64.0186,106.7766,92.5702,111.4653,140.0181,157.1641,171.2719,198.4918,208.1279,238.4869,283.2955,310.1142,355.6091,423.0302,618.168,894.9677,1324.9814,1768.7873,2000.0485
pathset2sat,False,36,random_60_6_0,60,1066,1066,9041.6799531, ,1.6146,2.9712,3.7151,5.9436,9.7056,6.9643,11.3163,19.8295,24.159,25.6861,39.166,47.2576,65.786,83.8512,87.3744,110.1963,117.3377,132.1158,116.8904,154.7955,162.1843,209.9646,186.7272,205.4529,219.8419,194.0402,194.7096,230.5488,320.0121,538.379,754.7199,1040.868,1717.2616,2000.046
pathset2sat,False,36,random_60_6_1,60,1049,1049,8349.38149405, ,1.072,1.7766,2.4545,5.6643,7.8838,8.943,15.1012,20.3114,25.7538,35.7913,45.2705,59.7852,54.2101,74.9399,87.0817,89.78,114.3979,108.2193,146.0853,149.524,147.8108,175.2324,148.3577,161.5298,156.3183,139.9803,132.2022,194.3691,288.6055,465.6125,773.65,939.0941,1572.3257,2000.0353
pathset2sat,False,37,random_60_6_2,60,1102,1102,9079.34054399, ,1.705,5.0454,4.7106,5.326,7.7118,16.2534,23.6493,24.4038,33.214,39.9935,38.9158,55.9581,74.1616,79.7733,79.4681,87.1877,124.2748,112.1472,125.7824,155.0861,160.6088,171.7132,154.887,186.3904,170.4615,195.0458,145.0518,179.9638,175.8235,322.266,624.8596,744.9839,1104.0367,1648.228,2000.0406
pathset2sat,False,36,random_60_6_3,60,1062,1062,8400.84753394, ,1.4013,2.9337,3.1687,5.0519,6.0949,14.9705,13.6264,30.7368,33.8476,47.2652,62.059,53.3879,81.9475,91.7843,115.1023,122.2177,127.035,153.505,169.5851,162.402,155.4627,208.8093,159.6494,151.0174,144.9544,162.5782,181.2922,172.8721,183.5113,437.3972,616.8531,992.9417,1535.114,2000.0482
pathset2sat,False,36,random_60_6_4,60,1072,1072,7648.56666708, ,1.4734,3.624,3.8987,7.0417,10.0492,14.5178,16.5205,30.1204,33.2048,36.5345,51.8711,59.1696,54.2424,67.4353,86.8664,87.7788,136.6354,119.4187,147.6401,143.8901,132.0858,180.57,197.987,217.1974,159.0674,205.5178,225.4315,223.7403,262.8049,376.1956,502.6258,681.1181,1172.0356,2000.0463
pathset2sat,False,36,random_60_6_5,60,1049,1049,9684.79928994, ,2.1582,2.3895,6.4254,6.2117,7.4888,11.7768,23.8234,31.2501,43.8758,38.6503,44.2744,72.5136,63.0788,82.7775,129.2176,160.2311,149.5726,159.3401,171.7123,190.8989,194.5182,209.3341,189.1986,170.0663,140.1822,203.7571,202.65,249.1682,254.4886,413.1865,777.4413,1287.0021,1995.8721,2000.0532
pathset2sat,False,36,random_60_6_6,60,1045,1045,10985.8375671, ,2.0686,4.6273,5.3101,8.9458,13.4523,13.8272,23.2464,25.8559,30.4458,33.8097,58.5189,59.017,80.3448,92.2822,82.6998,108.7169,125.0232,133.4523,136.5373,178.5307,159.9386,211.6899,221.0178,204.8996,214.808,245.9323,284.1807,357.8672,528.3643,742.945,1166.3459,1640.4908,1790.3891,2000.0406
pathset2sat,False,37,random_60_6_7,60,1092,1092,8746.66688395, ,2.064,2.3059,4.6908,9.7448,11.4815,16.032,17.378,21.7711,32.7184,42.2352,50.2643,55.1572,77.9959,104.2063,122.0525,109.4401,141.752,180.6267,160.5074,137.686,171.8432,186.0838,190.3319,142.5269,139.6173,147.3716,142.4211,152.5591,165.4405,183.9606,268.0745,680.727,1073.3762,1801.8861,2000.0766
pathset2sat,False,36,random_60_6_8,60,1079,1079,8969.2906661, ,1.7688,2.9983,7.5296,6.6635,13.9,10.7945,19.9487,31.2444,30.1383,43.143,51.0896,56.936,68.6477,86.0037,88.8684,131.8048,111.6552,151.5863,162.2805,150.4259,199.2125,225.5908,231.7412,243.023,247.8151,232.9859,231.7124,202.1923,275.1242,413.938,598.0437,1047.9975,1592.2091,2000.0598
pathset2sat,False,37,random_60_6_9,60,1090,1090,7373.86717606, ,1.2898,3.4753,4.9385,5.7313,9.8169,14.9001,22.2256,30.4933,33.7366,42.392,48.2129,54.7677,60.7326,76.5675,70.5677,81.2569,110.7483,129.943,143.4149,124.358,146.2521,134.802,148.6392,147.6103,112.1741,146.9781,138.7314,156.1512,152.756,217.3346,294.487,433.9911,693.5821,1380.5579,2000.0377
pathset2sat,False,40,random_60_7_0,60,1212,1212,7619.53130198, ,2.2216,4.899,6.0785,6.7155,7.0716,18.7028,24.5001,20.9672,36.6871,42.8618,37.3318,61.284,89.9818,92.7211,89.5008,104.337,128.0386,137.1827,151.4146,130.0848,94.4203,123.5916,138.2388,114.1512,107.4101,84.1761,96.8839,87.0459,101.4448,103.4948,81.5964,98.6958,161.7435,227.6532,483.4087,706.7807,1615.9219,2000.0514
pathset2sat,False,42,random_60_7_1,60,1234,1234,8135.73212194, ,2.6011,3.9669,7.0095,10.4286,7.2982,12.1185,16.85,20.0003,24.7603,27.0581,32.0033,42.6405,37.9474,35.8558,45.1657,60.2838,58.7582,49.6726,57.623,75.0441,80.1786,79.5027,120.8577,119.3599,141.0402,110.612,86.2694,96.7634,93.7605,88.6031,88.6976,78.2254,79.7508,101.4784,201.0955,340.5302,668.4042,1105.1837,1828.0115,2000.0491
pathset2sat,False,41,random_60_7_2,60,1233,1233,7391.06665897, ,2.0437,2.8345,6.2699,6.6537,11.6664,10.2791,20.032,16.5311,19.1649,31.7293,26.3874,48.5079,30.7462,44.9197,42.4509,86.3192,74.8115,90.0428,140.8541,110.582,101.9609,139.4918,98.8816,187.1126,116.132,100.0818,98.518,117.0012,75.2189,79.476,84.3311,90.2256,99.3237,117.2362,182.6141,421.0652,1205.0221,1254.2204,2000.052
pathset2sat,False,42,random_60_7_3,60,1235,1235,8092.39825702, ,2.397,4.4031,5.0301,5.1156,7.0375,12.3566,17.353,13.0147,14.2782,22.2113,57.4186,26.3928,61.2821,72.6488,48.6365,64.2649,83.9465,88.8894,107.8292,106.2068,103.6226,109.4806,95.6849,116.3397,100.785,106.6521,128.3406,108.0164,100.9692,104.5874,109.1492,92.3,123.0642,234.3609,220.6706,285.2496,444.7545,965.3013,1722.0732,2000.043
pathset2sat,False,42,random_60_7_4,60,1258,1258,8133.71643186, ,1.5144,1.8645,2.5196,3.5792,9.1131,5.6937,10.5535,22.3062,24.0079,21.2178,30.9525,32.2179,46.4164,61.3031,79.7259,81.8335,85.77,94.952,104.8905,96.223,98.3281,93.5298,106.9351,107.2704,104.2842,89.4239,95.5892,79.4752,101.2474,90.4248,83.9369,111.9536,105.3494,232.2953,363.5173,406.3866,495.6357,820.2063,1730.9702,2000.0473
pathset2sat,False,42,random_60_7_5,60,1272,1272,6946.28898501, ,1.9297,2.6195,3.5996,5.4421,9.4353,20.7681,17.8988,19.3444,23.8455,24.3044,35.4227,37.0044,56.7883,83.6162,78.4966,97.1563,69.5789,79.7966,102.9035,118.0465,111.0412,124.4772,107.2565,131.2673,115.4939,116.7179,110.959,84.9411,89.1975,95.5203,87.8045,68.1688,72.7092,69.6398,89.0531,222.2355,352.8789,614.5827,1394.0236,2000.0694
pathset2sat,False,41,random_60_7_6,60,1244,1244,5245.40202808, ,1.5856,1.8094,3.5389,4.0917,6.2486,6.5849,8.8138,13.5899,17.6378,18.46,24.1391,28.8737,36.117,48.0812,80.9709,90.7686,65.6721,76.1055,99.9152,94.1531,72.7966,109.0084,114.7918,117.4383,78.7628,91.0003,71.7198,98.4223,58.1854,62.9828,60.7205,52.7051,56.8233,55.4675,98.9224,180.1954,381.0412,756.9924,2000.0424
pathset2sat,False,42,random_60_7_7,60,1246,1246,8658.39492798, ,2.8276,3.713,6.1175,14.4081,7.7891,12.7649,18.5399,18.3614,30.1268,47.9355,46.7776,54.3437,64.3205,69.035,93.8132,81.4847,79.3613,95.1265,86.7382,120.2747,140.7872,141.5353,154.7403,149.8915,133.0002,158.1207,142.2808,108.7961,118.735,116.1667,105.875,78.3426,92.2194,117.7576,246.0994,433.4865,616.4039,941.3748,1708.6191,2000.0457
pathset2sat,False,42,random_60_7_8,60,1244,1244,7319.70650697, ,1.6425,2.1336,4.2755,4.3352,10.666,7.5305,9.1176,13.4873,14.7011,15.6369,24.7371,34.0691,52.9219,56.2458,45.9235,89.4201,56.428,72.8493,75.6615,90.4892,82.418,96.3024,112.6465,80.8231,103.9831,112.7757,90.571,80.146,70.7948,73.0795,65.8599,59.9659,72.0553,106.4862,218.9399,363.6928,615.9949,804.161,1426.449,2000.0499
pathset2sat,False,41,random_60_7_9,60,1244,1244,6764.81357479, ,1.1764,1.8854,3.1748,2.9273,5.6568,4.8133,8.0545,9.9102,15.7808,14.274,21.0622,43.0927,29.8086,36.8042,75.0119,72.126,66.5399,78.6335,116.433,94.4939,101.542,88.3655,110.4573,138.8922,109.0994,118.0497,101.4927,99.5894,76.3442,91.4497,75.9128,96.7836,93.1969,157.3968,284.5659,479.2137,682.1559,1158.3731,2000.0398
pathset2sat,False,47,random_60_8_0,60,1422,1422,6124.33266997, ,2.1469,3.2803,4.712,8.787,6.6466,10.515,14.6911,21.7115,28.8378,25.0869,33.1566,30.9481,40.8135,25.6859,57.1742,35.4924,51.0972,56.8809,77.2017,80.7608,56.352,60.3575,59.2544,94.2397,83.1936,75.5559,84.6108,89.8021,73.974,67.2366,70.6814,74.3004,55.4153,68.9982,54.7898,54.89,66.3854,61.7733,63.5089,70.8826,124.7868,273.9275,529.8024,1193.6638,2000.0501
pathset2sat,False,48,random_60_8_1,60,1425,1425,7501.12579298, ,1.8326,2.8425,3.9128,4.5268,7.5521,10.3652,12.7303,12.415,15.5837,15.0098,29.2594,27.7776,37.1562,52.5247,57.7488,64.7908,58.2642,49.2309,66.248,74.7976,50.4754,70.3122,79.6574,66.4339,90.3884,80.0115,87.0239,69.1624,76.9548,66.4361,62.7045,48.1682,45.5673,52.5308,51.1611,46.9479,46.595,52.7864,59.7432,123.3766,178.7821,342.2281,536.5885,898.322,1613.8953,2000.0386
pathset2sat,False,48,random_60_8_2,60,1412,1412,7306.17833304, ,1.5377,2.1663,2.8912,2.842,4.8707,6.2919,8.2026,8.7388,14.1044,18.5514,15.6436,20.5087,23.6865,19.4422,22.0192,38.7357,48.7718,48.2408,60.1362,47.4169,55.5979,51.523,56.0645,66.9052,70.4094,73.9033,70.7211,44.8515,48.4498,63.3009,44.3047,73.9444,44.707,42.7747,43.0031,44.0599,58.1343,62.8136,57.9713,108.5329,111.9903,209.3186,424.2254,999.9833,1963.6001,2000.0326
pathset2sat,False,47,random_60_8_3,60,1415,1415,6712.82939291, ,2.166,2.9977,7.215,7.4561,8.518,16.8531,18.0226,25.1484,33.1461,30.8908,30.8602,38.2239,40.4144,48.768,46.0687,51.3471,54.5646,80.0912,60.3324,85.9931,85.42,112.801,98.5236,78.405,97.1344,80.1562,65.774,79.9731,65.1222,79.2337,79.1013,70.8946,62.8223,60.9519,54.3536,55.4802,53.8853,53.5927,68.8242,80.0697,83.8082,356.1138,721.3861,1379.5978,2000.0465
pathset2sat,False,47,random_60_8_4,60,1411,1411,6058.120116, ,1.6944,2.6886,4.3881,5.359,8.5889,9.449,10.1985,13.7706,18.6019,17.9117,26.0082,21.2853,32.4835,34.9433,35.1312,44.3329,30.1608,44.5688,61.2086,48.6496,42.4748,44.9928,73.1309,57.3215,59.3344,84.1982,59.8541,63.0948,68.8338,50.9217,70.0374,66.8838,72.8421,61.4659,44.0084,45.2965,51.2352,54.1487,62.1249,102.8754,245.9203,399.5082,552.1363,1153.7443,2000.0583
pathset2sat,False,48,random_60_8_5,60,1421,1421,7365.89759803, ,1.8121,2.491,4.5228,5.0534,9.1993,14.2166,11.3932,20.9067,13.1781,24.7631,22.0813,18.3185,25.5296,28.1044,27.0268,62.6582,56.4898,62.8664,39.924,51.4032,77.6143,67.0932,49.368,62.1618,55.575,60.2302,68.4472,64.4818,66.0226,60.001,62.0636,64.2923,59.1196,57.699,45.1637,40.8762,42.2836,43.298,69.8386,131.1098,163.2443,225.2105,435.5422,894.8206,1898.1131,2000.0274
pathset2sat,False,48,random_60_8_6,60,1424,1424,7367.62400484, ,1.5249,2.9164,3.0379,4.7209,6.7388,9.5944,9.8779,12.9889,17.3734,28.671,29.6341,30.2171,26.8589,39.8247,32.4924,54.5237,37.8777,59.0456,59.9825,66.2008,54.3917,66.9155,72.5695,79.5607,62.6451,60.6468,52.6309,70.6877,57.0216,64.8401,60.6403,58.6114,41.362,47.9252,46.8266,43.3876,42.1103,45.3743,43.8165,93.2694,89.5827,250.4825,477.2616,1010.1697,1840.4749,2000.0376
pathset2sat,False,47,random_60_8_7,60,1404,1404,6822.98894811, ,2.2736,2.6492,3.7242,5.6827,5.6075,10.5957,10.9629,10.6391,22.4653,18.7467,29.4767,25.7503,48.3886,32.8592,45.0853,50.9814,45.6607,55.8553,52.8814,58.4391,59.3092,78.1179,94.1483,49.1831,59.3652,57.5927,61.3026,62.2722,67.55,58.8811,54.3029,52.839,54.3618,60.9085,54.3874,45.5411,47.6257,52.9889,71.5296,75.8811,188.6737,379.6943,867.7275,1629.7867,2000.0379
pathset2sat,False,48,random_60_8_8,60,1431,1431,6550.16476011, ,6.24,7.3268,3.8605,20.7599,13.0517,11.3938,14.4416,14.3438,13.6722,20.0267,34.2479,27.1218,41.9555,27.6784,34.599,35.6557,67.333,56.5161,47.2452,53.8768,50.8054,78.5893,53.9933,58.8251,61.5693,61.5711,77.3175,67.5165,58.2037,58.1574,61.2897,47.2939,46.0071,41.3514,45.7083,38.8467,51.8086,41.3272,52.5761,53.8437,92.6959,151.6475,322.5346,773.2706,1551.7577,2000.0427
pathset2sat,False,48,random_60_8_9,60,1437,1437,6469.83415103, ,1.9108,2.2059,2.9116,4.356,6.4404,8.6428,8.7938,13.5134,12.8539,14.7501,17.3272,14.2947,24.4919,24.8617,21.6,47.48,31.3772,30.6805,26.0789,36.5934,39.6997,43.5687,49.4261,68.0119,59.4922,75.0977,72.7996,68.0109,63.7555,56.2371,64.8365,68.7546,40.6668,50.05,43.0836,39.4694,38.3039,40.0823,46.6612,55.4717,232.7363,312.0255,511.3661,661.0465,1317.7422,2000.0448
pathset2sat,False,54,random_60_9_0,60,1601,1601,5296.74875593, ,5.4473,9.6238,4.9061,4.004,20.4776,15.6443,9.6101,20.6728,25.5108,12.2008,31.4086,34.6276,19.0198,20.043,27.6168,29.3647,40.8949,35.0344,45.0867,43.5056,44.1553,45.4896,51.498,47.3866,47.4577,54.6687,63.2926,41.4718,51.9352,49.9787,46.7381,65.5131,50.8177,42.8794,46.8978,45.8421,47.9132,34.512,35.7925,34.8862,35.6254,36.5012,35.9467,38.9298,35.1655,33.8588,32.4843,44.1801,130.9718,404.4947,1064.3975,2000.0513
pathset2sat,False,54,random_60_9_1,60,1606,1606,5097.5116961, ,1.7442,2.3595,3.5725,3.6085,5.1669,8.9059,8.5501,16.2708,14.6669,14.2215,18.7662,15.4057,28.9787,17.91,20.681,36.1037,35.2733,34.3671,35.9735,31.2898,44.3484,48.8231,58.7621,42.3685,46.075,57.3772,51.874,50.8927,49.9013,46.7733,50.3885,52.6233,39.5086,43.2218,39.3083,37.4625,34.3559,34.2226,35.812,31.5103,34.947,32.7857,32.803,31.2627,31.1067,31.3795,30.1525,45.5436,114.7912,347.5965,1115.3709,2000.0451
pathset2sat,False,55,random_60_9_2,60,1620,1620,6296.95892191, ,2.0643,3.0609,3.2975,3.4163,5.3876,8.0822,7.7927,10.8787,13.6014,10.3876,16.3571,30.7946,37.5112,26.505,22.5718,36.5006,29.9325,33.4863,30.3591,38.3916,48.0626,43.1689,51.6411,44.3767,71.5787,56.8364,78.3681,65.3335,69.6628,74.8598,61.1391,56.9197,53.5832,47.6167,70.9049,46.5226,56.3906,44.1227,44.0441,43.6742,44.3597,42.2876,41.258,40.4886,35.9124,42.6007,36.389,38.3732,100.1611,278.5399,601.2859,1495.7526,2000.0526
pathset2sat,False,54,random_60_9_3,60,1598,1598,6656.119344, ,2.5032,2.9137,4.8199,5.7084,7.2773,7.5886,6.8212,9.5691,11.2736,15.9646,15.2525,16.3048,21.5356,17.7657,23.6083,40.8916,25.3421,29.6572,29.3085,55.7752,63.2043,43.0128,68.948,54.8383,57.5196,61.7139,64.7741,83.5412,53.5028,52.3453,54.3485,51.7397,52.5608,41.8699,46.1991,44.1479,48.4788,42.912,42.6423,44.4404,41.1234,40.4243,38.2164,37.2139,37.2215,39.6289,55.2064,84.1508,190.1905,701.7482,1968.0335,2000.0451
pathset2sat,False,54,random_60_9_4,60,1588,1588,7345.62931085, ,2.0515,2.6349,3.1176,4.3075,4.4228,7.1107,7.6567,9.7603,13.5844,13.8777,14.0456,34.5391,20.5995,27.1289,33.2986,37.8714,31.6822,37.6734,48.4052,42.9031,37.1202,39.1033,49.3648,55.9993,58.2547,57.8949,59.5181,60.8363,62.7891,64.0041,62.7589,72.285,58.6126,45.2537,48.8166,58.2144,45.6596,46.2689,45.1953,43.4171,41.0011,42.0163,39.9704,36.8643,39.2418,41.0585,108.7786,194.775,482.8559,925.305,1925.3845,2000.0442
pathset2sat,False,54,random_60_9_5,60,1599,1599,5324.21107197, ,3.1168,2.361,3.6052,12.7498,5.0469,10.4802,15.3423,8.5098,8.8946,16.3571,22.4683,23.1278,22.19,19.8251,35.8885,30.5199,22.1901,31.6174,34.7429,48.2911,47.2465,49.813,35.7011,66.7081,44.4564,48.5581,55.244,51.0215,48.2992,45.6811,48.9206,43.8374,49.8193,35.8695,43.3944,38.1602,35.0527,36.9285,35.2126,33.3628,35.4731,32.8099,34.1771,30.04,44.0748,64.9371,74.4169,115.6122,274.684,442.857,904.1843,2000.038
pathset2sat,False,55,random_60_9_6,60,1601,1601,7386.19419885, ,2.3062,2.6998,3.9564,7.0878,11.6188,15.2989,11.5733,17.036,17.1442,20.3196,24.7121,24.502,44.2551,29.0783,40.8736,41.7633,46.9956,40.0244,44.4736,40.9665,41.4919,33.294,48.4698,40.8168,47.3174,55.6545,44.9473,58.2886,45.0864,48.2406,50.8425,45.997,61.8143,44.906,38.588,42.7776,36.9176,36.6796,38.3855,33.2802,35.0299,36.9788,34.3908,33.0855,33.683,49.4056,73.5534,125.4352,212.0621,520.7317,921.3479,1929.6722,2000.0469
pathset2sat,False,53,random_60_9_7,60,1570,1570,6239.10598302, ,1.7796,2.1173,2.7664,3.3177,4.5953,5.0783,4.9028,15.7056,11.5215,12.193,15.6036,25.9375,14.3957,19.1049,28.2245,25.9976,25.9711,49.6267,33.9816,30.5624,35.7253,42.9554,41.5798,42.7656,46.7784,56.3785,42.958,54.893,48.0263,59.1012,53.8056,52.3338,68.213,73.3461,45.286,46.1035,41.8868,45.8432,36.3093,36.1547,35.4298,38.8266,34.0407,43.1726,51.3593,76.5289,188.2713,416.6409,765.3705,1285.2979,2000.0563
pathset2sat,False,55,random_60_9_8,60,1612,1612,6718.54154801, ,1.9381,2.7002,2.8896,4.8509,5.6461,8.6038,7.5062,8.8009,8.4161,9.2574,10.4962,11.3985,12.9316,17.3827,21.0811,18.7781,21.4916,31.2845,42.2426,49.462,41.0657,59.8857,55.4431,57.401,45.4703,59.2243,61.2184,58.4122,66.1024,76.3731,87.1105,55.845,48.8211,47.6244,51.5429,41.4197,56.7872,48.5895,41.6449,41.3846,38.0612,36.8416,37.9744,42.2881,68.2623,58.5404,85.7075,124.938,200.6638,289.3651,648.6406,1688.3637,2000.0572
pathset2sat,False,54,random_60_9_9,60,1593,1593,6384.67165208, ,2.2871,2.5371,3.1539,6.5399,9.2486,8.6441,9.3096,8.6207,12.4093,11.1701,12.0036,14.7135,15.6188,16.7196,22.2751,18.7716,22.5101,29.1574,28.7387,28.547,33.6779,36.8258,28.3279,41.2732,42.3147,45.3068,52.8335,60.3811,85.1215,66.0626,64.4712,66.5744,75.0092,70.2914,40.9575,58.1543,36.8998,49.1016,40.0107,39.66,36.6048,33.1435,32.9283,35.3845,32.1373,44.5564,74.3611,148.8312,302.7371,667.7839,1659.6629,2000.0403
