sptw2sattwin,True,2,random_20_1_0,20,23,23,0.697929143906,0.3036,0.3827
sptw2sattwin,True,2,random_20_1_1,20,15,15,0.742707014084,0.3599,0.3715
sptw2sattwin,True,3,random_20_1_2,20,19,19,1.01676487923,0.3601,0.3189,0.3203
sptw2sattwin,True,2,random_20_1_3,20,19,19,0.685476064682,0.3069,0.367
sptw2sattwin,True,4,random_20_1_4,20,25,25,2.79382300377,0.3904,0.395,0.391,1.5935
sptw2sattwin,True,2,random_20_1_5,20,14,14,0.717452049255,0.3549,0.3516
sptw2sattwin,True,3,random_20_1_6,20,22,22,0.674496889114,0.2048,0.1619,0.2991
sptw2sattwin,True,2,random_20_1_7,20,17,17,0.636312961578,0.2785,0.3471
sptw2sattwin,True,1,random_20_1_8,20,14,14,0.322050094604,0.3164
sptw2sattwin,True,2,random_20_1_9,20,14,14,0.665469884872,0.3346,0.3204
sptw2sattwin,True,5,random_20_2_0,20,38,38,4.18469309807,0.8284,0.3203,0.3783,0.7081,1.9253
sptw2sattwin,True,5,random_20_2_1,20,40,40,3.66178703308,0.6773,0.3127,0.327,0.4885,1.8336
sptw2sattwin,True,3,random_20_2_2,20,28,28,1.07076215744,0.3309,0.2839,0.4399
sptw2sattwin,True,6,random_20_2_3,20,44,44,5.12474679947,0.429,0.3285,0.3775,0.5352,1.124,2.3014
sptw2sattwin,True,6,random_20_2_4,20,39,39,7.13872909546,1.0317,0.17,0.1934,0.5789,0.9705,4.1694
sptw2sattwin,True,5,random_20_2_5,20,38,38,2.60152006149,0.6982,0.2518,0.2563,0.4534,0.9024
sptw2sattwin,True,5,random_20_2_6,20,36,36,2.55730104446,0.4015,0.3091,0.3857,0.434,1.001
sptw2sattwin,True,6,random_20_2_7,20,38,38,7.05387806892,0.2302,0.3487,0.4175,0.431,1.2202,4.3773
sptw2sattwin,True,6,random_20_2_8,20,42,42,11.3593218327,6.1142,0.2981,0.4091,0.4686,1.1382,2.9009
sptw2sattwin,True,5,random_20_2_9,20,35,35,2.44243693352,0.3294,0.3261,0.4338,0.4625,0.865
sptw2sattwin,True,9,random_20_3_0,20,68,68,14.6754050255,0.3272,0.4144,0.3313,0.2385,0.5711,1.0183,1.7383,3.1122,6.8879
sptw2sattwin,True,7,random_20_3_1,20,59,59,4.15955209732,0.8251,0.2331,0.2315,0.3537,0.4088,0.5504,1.534
sptw2sattwin,True,7,random_20_3_2,20,51,51,7.66693210602,0.4646,0.2442,0.2652,0.4034,0.844,1.4985,3.9157
sptw2sattwin,True,8,random_20_3_3,20,56,56,10.5985939503,0.4942,0.2594,0.3259,0.4851,0.609,0.9906,2.6893,4.7065
sptw2sattwin,True,7,random_20_3_4,20,48,48,11.5705699921,0.7008,0.2444,0.3423,0.5895,0.9314,2.5044,6.2257
sptw2sattwin,True,8,random_20_3_5,20,48,48,19.2094190121,0.4129,0.2476,0.235,0.427,0.5332,1.6573,3.7023,11.9578
sptw2sattwin,True,8,random_20_3_6,20,54,54,21.8776919842,2.5308,0.2319,0.3008,0.4012,0.9138,1.5706,3.1407,12.7494
sptw2sattwin,True,8,random_20_3_7,20,60,60,12.82665205,2.4704,0.3157,0.3556,0.3691,0.4569,1.7629,2.3515,4.7075
sptw2sattwin,True,6,random_20_3_8,20,45,45,5.28814911842,0.5636,0.2452,0.3022,0.6078,0.6869,2.8533
sptw2sattwin,True,9,random_20_3_9,20,61,61,18.2770218849,0.3723,0.3159,0.2917,0.3412,0.5905,0.6922,1.9392,3.6361,10.0542
sptw2sattwin,True,11,random_20_4_0,20,92,92,11.397300005,0.2833,0.2311,0.3483,0.2652,0.3677,0.3724,0.6016,0.8579,1.0945,2.6221,4.3126
sptw2sattwin,True,10,random_20_4_1,20,82,82,14.4217050076,1.0989,0.2708,0.2781,0.3433,0.422,0.6419,0.7771,1.7051,2.7388,6.1014
sptw2sattwin,True,10,random_20_4_2,20,74,74,22.0595209599,0.9013,0.362,0.3727,0.4413,0.6023,0.7652,1.2538,1.894,5.9379,9.4844
sptw2sattwin,True,11,random_20_4_3,20,82,82,17.6063549519,0.25,0.3539,0.3571,0.4547,0.5584,0.6403,0.97,1.5926,2.1151,3.8485,6.4205
sptw2sattwin,True,10,random_20_4_4,20,71,71,17.3454229832,0.3099,0.2797,0.4166,0.3561,0.5133,0.7031,1.4427,1.7053,3.7615,7.8114
sptw2sattwin,True,9,random_20_4_5,20,71,71,14.2560510635,3.0543,0.2171,0.2876,0.4421,0.5697,0.9665,1.1806,2.0906,5.4113
sptw2sattwin,True,11,random_20_4_6,20,78,78,35.9947609901,0.2617,0.3076,0.2752,0.4345,0.4965,0.6669,0.9294,2.5525,6.3465,7.6054,16.0713
sptw2sattwin,True,11,random_20_4_7,20,76,76,27.2044739723,0.2577,0.3153,0.35,0.3007,0.4522,0.7363,1.3214,1.5831,2.8512,5.25,13.738
sptw2sattwin,True,11,random_20_4_8,20,82,82,20.0738871098,0.4462,0.2573,0.374,0.3986,0.4564,0.623,0.9562,1.222,2.2746,4.1493,8.8643
sptw2sattwin,True,9,random_20_4_9,20,82,82,7.99467802048,1.1193,0.2957,0.3752,0.3137,0.5371,0.6571,0.6688,1.2277,2.7587
sptw2sattwin,True,12,random_20_5_0,20,97,97,20.2396540642,0.3409,0.2649,0.3023,0.3244,0.3232,0.441,0.7943,1.1629,1.5498,2.3922,4.7974,7.4922
sptw2sattwin,True,12,random_20_5_1,20,91,91,34.3990728855,0.2963,0.3032,0.36,0.3914,0.5502,0.6315,1.1845,1.4307,2.4089,5.2665,8.0297,13.4708
sptw2sattwin,True,12,random_20_5_2,20,93,93,28.6441831589,0.2882,0.3541,0.3212,0.3889,0.3875,0.6954,1.1404,1.3882,2.2176,3.5721,6.6851,11.154
sptw2sattwin,True,12,random_20_5_3,20,103,103,16.0460948944,0.2525,0.2968,0.2592,0.4477,0.4792,0.4543,0.6845,1.3312,1.1327,2.015,3.4953,5.1361
sptw2sattwin,True,11,random_20_5_4,20,94,94,12.3330512047,1.0877,0.2891,0.3558,0.2701,0.3924,0.5746,1.0534,1.6937,1.0707,1.9614,3.5374
sptw2sattwin,True,10,random_20_5_5,20,80,80,17.2528121471,1.5147,0.2434,0.326,0.3399,0.5127,0.5464,1.1197,2.3948,4.0004,6.2045
sptw2sattwin,True,12,random_20_5_6,20,99,99,18.1341528893,2.1282,0.2474,0.2728,0.3285,0.5055,0.4338,0.7446,1.075,1.326,1.7144,2.6533,6.6444
sptw2sattwin,True,11,random_20_5_7,20,103,103,10.4972541332,0.4843,0.2696,0.3099,0.3662,0.313,0.4527,0.5633,0.9346,1.0883,2.3479,3.3194
sptw2sattwin,True,11,random_20_5_8,20,89,89,19.6773719788,0.9818,0.2935,0.2619,0.3518,0.4955,0.584,0.7714,1.2875,2.0727,4.0786,8.4445
sptw2sattwin,True,12,random_20_5_9,20,97,97,20.4305670261,0.4941,0.2725,0.3126,0.2536,0.3247,0.523,0.8437,0.9541,1.394,2.6925,4.431,7.8653
sptw2sattwin,True,13,random_20_6_0,20,114,114,14.5690720081,0.3548,0.3124,0.2547,0.2816,0.3841,0.5435,0.6553,0.6846,1.0884,1.3314,1.7098,2.7863,4.1239
sptw2sattwin,True,12,random_20_6_1,20,107,107,13.3984270096,1.0906,0.2715,0.307,0.2932,0.3276,0.6615,0.7664,0.6029,1.1698,1.6666,1.9644,4.2215
sptw2sattwin,True,13,random_20_6_2,20,105,105,26.2310171127,0.2699,0.2872,0.2744,0.3305,0.3348,0.6063,0.6552,0.7877,1.2816,2.2895,4.0453,6.273,8.7313
sptw2sattwin,True,14,random_20_6_3,20,124,124,17.6064651012,0.2519,0.3099,0.2795,0.3271,0.4377,0.5083,0.4924,0.9679,0.8876,1.0072,1.4012,1.9988,3.9703,4.705
sptw2sattwin,True,12,random_20_6_4,20,104,104,15.6968069077,2.0822,0.2805,0.3093,0.3028,0.4198,0.4796,0.6231,1.0356,1.2921,1.6541,2.5437,4.6219
sptw2sattwin,True,13,random_20_6_5,20,115,115,15.2703771591,0.2582,0.2832,0.2965,0.3129,0.4,0.4622,0.5777,0.9467,1.2908,1.2445,1.5892,2.6945,4.8462
sptw2sattwin,True,13,random_20_6_6,20,112,112,20.8222010136,0.3275,0.2997,0.3299,0.3916,0.4085,0.4373,0.5143,0.8185,1.0537,1.488,2.8466,4.9635,6.878
sptw2sattwin,True,13,random_20_6_7,20,124,124,10.8590860367,0.5932,0.2594,0.3139,0.3286,0.3575,0.3768,0.5718,0.6022,1.0803,0.8383,1.1759,1.66,2.6357
sptw2sattwin,True,13,random_20_6_8,20,119,119,13.7915480137,0.6311,0.268,0.3041,0.3281,0.297,0.4079,0.4555,0.6003,0.942,1.3342,2.2423,2.3352,3.5836
sptw2sattwin,True,13,random_20_6_9,20,110,110,20.8451981544,0.2783,0.2709,0.3061,0.354,0.4929,0.645,0.8105,0.8135,1.1544,1.8151,2.5906,4.0819,7.1694
sptw2sattwin,True,14,random_20_7_0,20,145,145,9.78473687172,0.2362,0.2776,0.2849,0.3584,0.3835,0.4465,0.5114,0.6785,0.6765,0.8369,1.1394,0.9673,1.4314,1.4861
sptw2sattwin,True,14,random_20_7_1,20,137,137,11.2137770653,0.2341,0.295,0.3554,0.3312,0.3878,0.4296,0.5053,0.5951,1.1541,0.7735,1.1692,1.3476,1.4847,2.0887
sptw2sattwin,True,14,random_20_7_2,20,127,127,16.2539641857,0.2974,0.3065,0.3099,0.3425,0.4348,0.5439,0.7566,0.9536,1.1424,1.0956,1.4192,1.8296,2.9165,3.8417
sptw2sattwin,True,14,random_20_7_3,20,127,127,15.2155108452,0.3836,0.3155,0.3178,0.3619,0.4252,0.4605,0.6919,0.8881,1.1156,1.2087,1.1164,1.6559,2.5546,3.6503
sptw2sattwin,True,16,random_20_7_4,20,152,152,10.1418180466,0.1833,0.2778,0.2902,0.3051,0.3906,0.4644,0.482,0.5562,0.6035,0.6192,0.7665,0.81,1.091,0.8088,1.1172,1.3097
sptw2sattwin,True,14,random_20_7_5,20,132,132,11.7533020973,0.3138,0.2943,0.37,0.3619,0.4275,0.4766,0.3829,0.5789,0.8748,0.8899,1.0248,1.9811,1.4523,2.2671
sptw2sattwin,True,14,random_20_7_6,20,129,129,13.7065320015,0.4831,0.3282,0.2962,0.3215,0.567,0.5066,0.665,0.8063,0.9809,1.1991,1.0823,1.3871,2.1052,2.913
sptw2sattwin,True,14,random_20_7_7,20,130,130,13.0370230675,0.2283,0.2996,0.3077,0.3712,0.404,0.5833,0.5773,0.6892,0.8457,0.8955,1.2499,1.396,2.465,2.6512
sptw2sattwin,True,15,random_20_7_8,20,143,143,11.9642379284,0.2775,0.3301,0.3061,0.3515,0.4097,0.4592,0.5779,0.6597,0.639,0.8499,0.8917,1.7943,1.1499,1.5248,1.6702
sptw2sattwin,True,15,random_20_7_9,20,139,139,13.9778511524,0.23,0.2851,0.3455,0.4159,0.4067,0.5623,0.5699,0.6942,1.0329,1.0829,0.9322,1.3276,1.3907,2.0261,2.5904
sptw2sattwin,True,15,random_20_8_0,20,154,154,9.55665397644,0.1911,0.2871,0.3131,0.3601,0.4148,0.4307,0.425,0.7457,0.7441,0.8127,0.8634,0.8949,0.8558,0.9055,1.2406
sptw2sattwin,True,16,random_20_8_1,20,155,155,10.7893619537,0.1755,0.318,0.3185,0.3827,0.4167,0.5092,0.621,0.6785,0.8273,0.7363,0.8506,0.8354,0.8045,0.9091,0.9554,1.3723
sptw2sattwin,True,15,random_20_8_2,20,147,147,12.2300860882,0.2666,0.3171,0.3561,0.3744,0.4623,0.4794,0.7399,0.9793,0.6158,0.9369,1.077,1.0762,1.2992,1.3189,1.8484
sptw2sattwin,True,15,random_20_8_3,20,152,152,8.63244700432,0.3145,0.2882,0.3128,0.2938,0.3557,0.4587,0.5906,0.5461,0.5257,0.7751,0.6267,0.7841,0.7862,0.7969,1.1033
sptw2sattwin,True,15,random_20_8_4,20,150,150,10.5750510693,0.2264,0.3398,0.3347,0.3599,0.4096,0.5127,0.5567,0.7821,0.6097,0.8371,0.753,0.9895,1.1792,1.175,1.4245
sptw2sattwin,True,15,random_20_8_5,20,147,147,10.2506799698,0.2107,0.2886,0.2866,0.315,0.4023,0.4917,0.4664,0.6618,0.5475,0.7268,0.9154,0.9805,1.2061,1.13,1.5631
sptw2sattwin,True,15,random_20_8_6,20,151,151,10.6677539349,0.5738,0.3451,0.3471,0.3549,0.3928,0.4459,0.5069,0.5884,0.7364,0.9091,0.8173,0.9619,1.1227,1.0321,1.4373
sptw2sattwin,True,15,random_20_8_7,20,155,155,9.77234196663,0.2546,0.3012,0.2989,0.3263,0.3493,0.6948,0.6107,0.6605,0.6864,0.7421,0.9063,0.846,0.9685,0.7915,1.2581
sptw2sattwin,True,16,random_20_8_8,20,161,161,9.21349978447,0.1949,0.2876,0.3242,0.3773,0.3905,0.4794,0.4289,0.5108,0.6341,0.6949,0.7539,0.6809,0.9226,0.7775,0.7614,0.9208
sptw2sattwin,True,15,random_20_8_9,20,156,156,9.10386300087,0.2538,0.2989,0.3,0.3337,0.383,0.3321,0.565,0.482,0.6976,0.7311,0.7838,0.6957,0.818,1.0525,1.3017
sptw2sattwin,True,16,random_20_9_0,20,172,172,8.74169802666,0.2188,0.3301,0.2964,0.3367,0.3702,0.4396,0.478,0.5882,0.6678,0.6708,0.6292,1.0001,0.7383,0.6007,0.6756,0.6301
sptw2sattwin,True,16,random_20_9_1,20,169,169,8.2196791172,0.2661,0.318,0.2905,0.3166,0.3232,0.3989,0.3967,0.5749,0.5663,0.6732,0.5789,0.6929,0.7352,0.6443,0.7061,0.6637
sptw2sattwin,True,17,random_20_9_2,20,178,178,7.94738006592,0.1538,0.2928,0.2987,0.351,0.3546,0.395,0.5544,0.5795,0.5316,0.5429,0.7123,0.6393,0.5845,0.5169,0.4839,0.4878,0.3835
sptw2sattwin,True,17,random_20_9_3,20,170,170,8.89262700081,0.1799,0.3043,0.3124,0.3213,0.3502,0.3737,0.4683,0.6201,0.6059,0.6194,0.7707,0.7903,0.6788,0.6438,0.5793,0.5744,0.617
sptw2sattwin,True,17,random_20_9_4,20,182,182,8.45408177376,0.2068,0.2958,0.3045,0.3756,0.3699,0.3958,0.4914,0.5399,0.657,0.5195,0.597,0.7034,0.6919,0.5736,0.7041,0.495,0.4371
sptw2sattwin,True,16,random_20_9_5,20,171,171,8.74244403839,0.2608,0.3091,0.3245,0.3712,0.3781,0.4561,0.5507,0.5982,0.5612,0.705,0.8041,0.7716,0.8919,0.6216,0.567,0.4932
sptw2sattwin,True,16,random_20_9_6,20,169,169,8.83170580864,0.1862,0.2899,0.3195,0.3197,0.3502,0.4714,0.435,0.5909,0.5495,0.5948,0.7534,0.9131,0.7474,0.7173,0.7671,0.7523
sptw2sattwin,True,16,random_20_9_7,20,177,177,7.60533690453,0.2331,0.2845,0.3197,0.331,0.3406,0.4109,0.4433,0.4798,0.5982,0.5205,0.5894,0.7186,0.5631,0.7148,0.5458,0.4301
sptw2sattwin,True,17,random_20_9_8,20,172,172,8.62708210945,0.1709,0.2906,0.2851,0.3196,0.4022,0.4593,0.4507,0.5821,0.5983,0.7029,0.6625,0.632,0.6583,0.6123,0.6511,0.5761,0.4755
sptw2sattwin,True,16,random_20_9_9,20,167,167,8.90053796768,0.2695,0.2835,0.3023,0.3356,0.3813,0.4675,0.5101,0.6454,0.7685,0.7317,0.718,0.8171,0.6111,0.7557,0.5735,0.6603
sptw2sattwin,False,9,random_40_1_0,40,86,86,3538.90926886, ,4.3015,5.5054,14.5774,37.9762,97.4994,485.7818,893.1606,2000.0515
sptw2sattwin,False,8,random_40_1_1,40,75,75,2564.52570081, ,4.3947,6.3808,9.4534,23.1822,105.3553,415.6702,2000.0443
sptw2sattwin,False,9,random_40_1_2,40,86,86,3235.08964682, ,4.1621,5.229,7.8799,37.2483,62.3516,361.6896,756.4292,2000.0437
sptw2sattwin,False,9,random_40_1_3,40,79,79,4473.87243295, ,3.9663,4.2422,12.631,23.7085,83.9326,403.9036,1941.3945,2000.0459
sptw2sattwin,False,9,random_40_1_4,40,82,82,3803.45117211, ,4.0664,5.7333,12.0115,30.2639,110.6342,361.113,1279.5296,2000.048
sptw2sattwin,False,8,random_40_1_5,40,69,69,3345.81512713, ,4.2614,7.0501,15.5553,56.0859,300.7781,961.9801,2000.0502
sptw2sattwin,False,8,random_40_1_6,40,65,65,4570.80650401, ,4.2441,6.5867,18.6476,74.4406,578.6617,1888.1327,2000.0427
sptw2sattwin,False,9,random_40_1_7,40,74,74,4602.92431402, ,4.0945,4.5693,8.0282,29.4464,146.7676,563.9697,1845.9536,2000.0454
sptw2sattwin,True,5,random_40_1_8,40,54,54,389.02480197,45.4555,4.1328,6.5156,19.4427,313.4529
sptw2sattwin,True,9,random_40_1_9,40,80,80,2448.29238415,339.1158,4.2227,5.1416,11.0876,26.4722,56.7524,183.4391,479.9548,1342.0501
sptw2sattwin,False,13,random_40_2_0,40,163,163,5572.84551001, ,3.9893,3.9677,4.7314,14.5425,15.6219,57.3093,106.4524,157.2367,410.1527,1211.6222,1587.0886,2000.051
sptw2sattwin,False,15,random_40_2_1,40,177,177,6391.94831014, ,4.1678,4.4071,6.2861,11.8959,20.0347,24.5552,64.56,86.3142,150.0253,239.3338,609.515,1498.9384,1671.7627,2000.0435
sptw2sattwin,False,13,random_40_2_2,40,163,163,4319.69170904, ,4.141,3.9243,5.7628,14.6033,19.1198,30.3524,60.0956,120.2911,389.0078,760.1318,912.1341,2000.0483
sptw2sattwin,False,14,random_40_2_3,40,165,165,5980.05121589, ,4.3992,4.3976,5.9011,12.1405,17.6075,55.7818,126.6067,114.6416,265.8662,578.5215,887.5828,1906.4789,2000.0456
sptw2sattwin,False,13,random_40_2_4,40,164,164,4902.31305218, ,3.8628,4.06,6.6389,12.9516,15.0254,32.3629,85.4374,142.336,275.7898,547.7986,1775.9355,2000.044
sptw2sattwin,False,13,random_40_2_5,40,170,170,4810.15022588, ,3.9114,4.8723,9.5747,8.676,18.6075,44.5146,60.9363,122.4168,217.2071,736.636,1582.6713,2000.0561
sptw2sattwin,False,13,random_40_2_6,40,162,162,4955.18485403, ,4.2127,4.6541,5.9684,10.4834,48.6804,50.0102,97.4551,173.1384,234.7732,627.8579,1697.8172,2000.0552
sptw2sattwin,False,12,random_40_2_7,40,150,150,4030.85499406, ,4.2339,4.8913,6.2145,11.6711,25.1646,61.1937,138.1772,263.8922,381.4927,1133.8225,2000.0398
sptw2sattwin,False,14,random_40_2_8,40,158,158,5439.96276402, ,4.2633,4.2501,5.7711,13.8051,17.1104,49.2214,81.8371,183.6869,241.7469,416.6484,781.1328,1640.3592,2000.0463
sptw2sattwin,False,13,random_40_2_9,40,150,150,4817.93550706, ,4.2306,4.73,5.8717,14.3766,36.9063,37.7336,74.9357,148.5266,200.2516,903.5798,1386.6699,2000.0484
sptw2sattwin,False,17,random_40_3_0,40,255,255,5978.85030794, ,4.2886,4.8414,5.2262,11.2435,10.0771,27.6672,35.888,47.9215,117.5884,166.288,241.8384,313.3932,525.6238,1089.1428,1377.6597,2000.0533
sptw2sattwin,False,16,random_40_3_1,40,226,226,5837.003721, ,3.9986,4.2709,4.7606,7.1447,13.3461,18.8425,30.8407,100.9201,106.1761,284.399,308.3409,521.289,986.0799,1446.4266,2000.0593
sptw2sattwin,False,15,random_40_3_2,40,219,219,4863.61911702, ,3.9212,4.1078,5.4661,5.8472,12.8539,17.0049,80.4121,53.2774,93.6753,165.0292,479.6209,672.5934,1269.6761,2000.0532
sptw2sattwin,False,16,random_40_3_3,40,224,224,6836.61300182, ,4.2607,4.496,6.0776,8.3728,17.786,28.4693,48.0061,67.3077,71.0627,288.5392,385.6247,721.4279,1393.4766,1791.5597,2000.0468
sptw2sattwin,False,14,random_40_3_4,40,222,222,3559.61363792, ,4.4205,4.3734,5.0488,7.3496,12.3242,20.7847,93.8792,95.1042,104.1682,239.8448,342.8232,629.3701,2000.0467
sptw2sattwin,False,15,random_40_3_5,40,224,224,6134.60350919, ,4.3807,4.3296,6.2678,9.3822,15.9457,31.6096,33.0746,93.8242,164.288,248.8825,590.196,1398.4606,1533.8268,2000.0465
sptw2sattwin,False,16,random_40_3_6,40,219,219,5807.56349897, ,4.4789,4.4548,6.1549,9.7138,14.7304,22.0733,48.0958,104.9803,113.7455,203.15,309.5878,604.7908,817.6596,1543.7999,2000.0531
sptw2sattwin,False,17,random_40_3_7,40,246,246,5919.71277595, ,4.1275,4.3273,5.2989,11.8136,17.6064,28.3115,29.9355,80.1761,102.7622,214.9823,449.2469,286.1916,751.0952,675.7506,1257.9283,2000.0474
sptw2sattwin,False,16,random_40_3_8,40,240,240,5434.873492, ,4.4375,4.6703,5.8154,8.2036,14.1669,23.6856,33.4793,42.7508,229.3053,198.774,157.5518,427.7587,782.981,1501.1036,2000.0563
sptw2sattwin,False,18,random_40_3_9,40,264,264,5709.156919, ,4.3084,4.7155,5.7174,6.2082,12.4649,13.7805,57.9296,33.9742,102.0378,93.9826,203.1354,250.8835,325.4938,696.4366,712.2643,1185.6506,2000.0508
sptw2sattwin,False,22,random_40_4_0,40,336,336,8121.45224309, ,4.2599,4.8521,5.2714,6.7084,8.8449,14.0079,20.8185,31.9425,44.7975,62.0358,100.0964,169.3214,159.7457,365.273,197.2326,320.6253,643.3291,856.2682,1401.3377,1704.4825,2000.0506
sptw2sattwin,False,20,random_40_4_1,40,301,301,7533.574821, ,4.0236,4.0241,4.9661,7.1175,9.0419,13.2818,16.8867,40.966,65.1816,97.0811,119.9004,174.7055,329.1117,261.5462,409.8062,915.8745,1086.586,1973.2956,2000.052
sptw2sattwin,False,19,random_40_4_2,40,302,302,5609.19264817, ,3.984,4.269,6.0209,6.3448,8.8032,10.4012,22.8505,35.5355,41.0697,54.7662,107.0157,147.2524,169.7575,276.993,476.3494,786.8876,1450.742,2000.0452
sptw2sattwin,False,19,random_40_4_3,40,300,300,6770.52723312, ,4.0763,4.3142,4.8928,6.6798,16.6896,10.9552,28.8164,43.8343,134.5475,90.9592,178.2711,248.5257,313.7549,308.574,613.9174,798.4296,1963.1329,2000.0488
sptw2sattwin,False,19,random_40_4_4,40,289,289,7129.95635796, ,4.1992,4.8549,4.967,6.3067,11.2614,16.5298,18.3475,62.8091,66.0681,85.5691,217.8709,284.6732,345.8852,578.7098,634.2122,1175.1859,1612.3056,2000.0522
sptw2sattwin,False,20,random_40_4_5,40,308,308,6915.60011005, ,4.0223,4.1802,5.2597,6.3151,9.0785,12.3288,20.7554,52.2787,63.1249,71.9219,102.0923,136.2265,312.4624,371.5229,410.4963,669.968,1138.9043,1524.4767,2000.0571
sptw2sattwin,False,20,random_40_4_6,40,311,311,7120.3699851, ,4.4637,4.2976,5.5285,8.0947,15.8891,19.3394,38.7243,66.7755,71.0171,140.5905,186.0763,261.2683,204.2017,338.0827,615.0464,906.8743,820.4778,1413.4487,2000.0515
sptw2sattwin,False,20,random_40_4_7,40,314,314,7181.27783704, ,4.1776,4.7371,5.077,8.2751,11.6345,11.7962,26.8358,47.2278,109.3284,117.8479,120.1143,302.4331,212.1728,233.2495,515.8863,758.2778,1008.7813,1683.2494,2000.0448
sptw2sattwin,False,20,random_40_4_8,40,316,316,6207.22164297, ,4.1214,4.3486,4.8948,6.2328,7.841,11.3743,14.6232,29.1562,60.6632,69.2647,113.8561,127.883,262.6243,204.1622,300.1775,484.8496,766.0957,1734.8717,2000.0432
sptw2sattwin,False,20,random_40_4_9,40,321,321,5916.07185698, ,4.6197,4.9296,5.8112,7.5144,12.1504,22.1705,37.1181,37.9969,81.8387,105.0792,146.5013,126.7456,280.2086,306.3329,364.2221,437.4344,685.4964,1249.7062,2000.0603
sptw2sattwin,False,24,random_40_5_0,40,389,389,6835.12379098, ,3.8965,4.2468,5.0806,5.992,7.7002,11.616,13.2922,21.2268,32.7578,57.4011,41.869,53.4543,91.2506,135.6332,148.8778,180.4853,397.7343,276.1568,363.6104,587.1707,919.9272,1475.5234,2000.0715
sptw2sattwin,False,25,random_40_5_1,40,401,401,7539.82868409, ,4.146,4.1696,5.0731,5.5006,6.0849,11.3194,13.7274,21.8717,26.0434,47.8787,58.0424,61.6362,92.5676,90.5329,145.902,132.9881,162.3726,215.1458,285.1271,464.2142,655.3276,1170.2577,1859.6931,2000.052
sptw2sattwin,False,26,random_40_5_2,40,399,399,9113.18598795, ,4.5162,4.6365,4.3393,5.2015,7.2977,9.3645,11.0464,20.9801,24.6055,41.7432,75.7718,60.9559,128.9893,124.1954,129.3074,219.8595,282.0468,247.1246,517.024,486.1086,705.8512,1029.3409,1235.3801,1737.2644,2000.0532
sptw2sattwin,False,24,random_40_5_3,40,377,377,8122.47309613, ,4.257,4.2218,4.9302,5.4158,6.6506,13.8449,12.56,24.0572,24.8411,55.4698,82.1547,73.7836,169.455,146.0007,240.0576,216.0245,304.0241,413.6348,702.0495,863.9429,1175.1774,1579.6648,2000.0698
sptw2sattwin,False,24,random_40_5_4,40,379,379,8339.2695868, ,4.0795,4.444,5.5515,5.3299,7.1809,10.5241,15.0805,17.0829,22.2054,43.5123,44.3243,83.201,97.2338,111.1427,188.6983,225.7582,379.6228,448.864,588.5265,817.1817,1312.1072,1907.4187,2000.0512
sptw2sattwin,False,26,random_40_5_5,40,421,421,7971.46778512, ,3.9432,4.0634,4.6498,4.8479,6.4667,12.2095,13.0405,18.4599,19.6589,32.893,37.0298,41.8304,62.716,106.6673,142.984,116.6985,182.8381,197.9896,251.2017,254.0322,590.3086,811.0897,1171.6622,1883.9733,2000.059
sptw2sattwin,False,24,random_40_5_6,40,404,404,6661.70293307, ,4.0515,4.1754,4.3895,5.5619,10.8897,12.0864,14.9563,32.4783,28.2827,35.2139,41.4048,57.6636,58.7568,99.2926,101.8548,129.5851,217.7026,297.6225,449.1935,661.2871,959.1153,1435.9627,2000.0474
sptw2sattwin,False,26,random_40_5_7,40,412,412,9124.26716495, ,4.3883,4.6762,5.3523,6.0337,7.0378,10.5588,12.7245,19.5303,29.4653,29.473,49.223,47.6278,60.6581,106.0463,88.961,141.5603,164.1661,308.2367,355.0097,445.0265,611.1925,1151.5326,1507.5267,1958.0482,2000.0571
sptw2sattwin,False,25,random_40_5_8,40,393,393,9291.8134768, ,4.4354,4.818,5.4912,5.994,8.0709,10.3343,20.7313,30.5876,40.801,32.1416,43.3715,73.865,95.6083,130.0839,186.6486,275.3084,361.0479,533.7335,513.2485,735.3454,1131.9519,1350.1815,1697.7613,2000.0771
sptw2sattwin,False,25,random_40_5_9,40,401,401,8917.14874697, ,4.4915,4.6516,5.4206,5.7126,8.8131,11.9421,15.5124,19.4545,44.0944,39.7773,68.4163,120.7206,104.9152,148.0189,183.7874,347.362,245.3722,331.0754,431.2999,595.5144,893.8021,1417.496,1869.251,2000.0698
sptw2sattwin,False,29,random_40_6_0,40,476,476,8190.68222499, ,4.0584,4.4705,4.8907,5.9923,8.5061,9.5569,13.0566,12.9846,11.9479,17.6083,19.5896,43.7187,45.7956,71.9498,80.1311,92.1917,87.2052,135.1477,129.5087,154.5483,238.9207,333.9158,465.7271,695.6095,820.7733,1089.2607,1593.3765,2000.0484
sptw2sattwin,False,30,random_40_6_1,40,477,477,9452.66882515, ,4.1763,4.513,5.2137,6.3317,7.5255,8.1855,9.4885,13.7593,19.2814,24.172,29.7488,42.8603,43.7446,73.6646,104.1706,94.2452,90.1444,126.2544,155.6447,177.8703,161.3076,265.1512,487.2845,563.9182,781.0915,975.5509,1335.6725,1841.4525,2000.0521
sptw2sattwin,False,28,random_40_6_2,40,443,443,8723.45479202, ,4.343,4.4287,4.7514,5.85,6.8546,6.8094,16.192,12.553,18.1486,36.3861,59.4725,36.0527,54.7641,59.565,94.635,124.826,101.4233,174.1955,187.0788,253.4268,267.8065,433.6868,754.0672,923.4543,1282.3208,1800.1574,2000.0452
sptw2sattwin,True,30,random_40_6_3,40,489,489,8140.53920007,348.6282,4.2526,4.5758,4.9812,5.8918,5.5322,8.5008,10.0334,12.0552,15.2981,26.2577,29.622,30.496,38.2597,45.0236,86.9733,79.8532,87.0379,124.242,108.7284,116.4411,197.0296,229.7393,287.6782,414.4049,585.9739,705.6765,975.4687,1608.8453,1942.851
sptw2sattwin,False,28,random_40_6_4,40,449,449,8601.77475286, ,4.1464,4.7229,5.2913,6.3782,7.1731,8.0081,9.1334,21.2262,37.5462,39.6993,36.6318,49.5485,57.067,57.1998,90.2109,127.3486,127.9745,162.8396,183.6974,184.0674,258.0282,380.6946,712.1143,1040.5668,1249.1343,1741.0466,2000.0453
sptw2sattwin,False,28,random_40_6_5,40,444,444,8371.95955992, ,4.3757,4.4231,4.6586,6.824,7.8867,10.4739,12.5985,22.9772,19.8225,32.2605,35.0726,61.6544,61.3822,107.8253,88.2586,137.9927,139.0863,175.0656,170.5274,189.2494,299.9837,399.2765,594.4529,747.981,1421.7493,1615.8675,2000.0581
sptw2sattwin,False,29,random_40_6_6,40,459,459,8963.67420506, ,3.9952,4.257,4.2412,5.5195,7.5271,8.9819,12.2359,17.4662,19.1225,38.1269,41.0709,39.7366,55.5514,70.7697,72.8344,87.2453,122.4893,170.9134,143.532,174.5611,240.6335,311.1663,459.0966,746.8976,1021.2645,1184.9722,1899.2317,2000.0577
sptw2sattwin,False,28,random_40_6_7,40,446,446,8192.99327993, ,4.1169,4.2243,5.0287,5.369,6.7606,13.3131,9.0894,12.7448,15.7857,21.3296,24.0041,45.8728,56.0399,62.9874,84.1833,122.9762,146.1319,165.9755,168.998,231.4424,354.4106,445.7178,540.8912,746.483,1182.293,1716.5815,2000.052
sptw2sattwin,False,30,random_40_6_8,40,475,475,8800.68350506, ,4.0495,4.3347,4.5956,5.2962,7.461,7.0503,14.0881,13.9898,26.5795,20.6386,36.5251,46.7996,49.0627,53.4207,82.2444,87.781,88.5199,100.7337,97.4959,157.7998,172.8896,270.6171,304.6156,502.3102,636.2961,852.4598,1332.96,1819.7881,2000.0833
sptw2sattwin,False,29,random_40_6_9,40,468,468,8026.7482419, ,3.9826,4.7488,5.2583,6.3835,6.9183,10.4542,13.4846,17.8079,16.8081,25.1224,42.6678,63.7503,45.1245,60.3664,71.6922,115.6035,94.0258,111.0647,138.5034,156.5981,248.1517,395.2221,471.3257,576.8851,903.5661,1005.5025,1415.4999,2000.0532
sptw2sattwin,True,32,random_40_7_0,40,547,547,4602.79448104,21.5625,4.2493,4.7384,5.3284,6.4411,7.3133,8.3961,10.1235,9.8258,25.5366,21.4099,21.6055,35.7844,47.9682,36.03,55.5613,53.4911,63.9045,82.8304,72.3082,72.6962,103.6893,78.4225,82.062,124.4417,180.4377,300.9899,453.8304,457.0805,542.6106,739.6183,872.2766
sptw2sattwin,True,32,random_40_7_1,40,534,534,5171.22097516,74.8037,4.4351,4.5316,5.3773,6.1677,6.6936,8.9865,11.0344,16.1262,18.6207,26.2664,24.787,24.5048,51.5691,34.4801,45.6933,36.1546,83.7582,82.6961,73.3751,94.8573,73.0225,89.2814,83.9479,174.4721,180.1309,242.8515,342.7584,517.2984,662.5807,804.8994,1264.8541
sptw2sattwin,True,32,random_40_7_2,40,567,567,3037.00211406,34.739,4.4901,4.3475,4.7729,5.3167,6.2389,6.8635,8.2588,14.8247,14.1887,15.9666,18.1326,27.7969,23.6091,25.4617,34.8734,39.7188,47.7688,98.5022,41.6903,70.8309,119.3048,81.2691,80.2759,74.6565,89.941,109.503,203.8931,337.0642,356.5138,507.3856,528.5867
sptw2sattwin,True,32,random_40_7_3,40,561,561,3447.34336805,18.8063,4.4717,4.5596,6.0872,5.8211,5.8801,6.3279,11.1021,10.0508,16.6752,24.1475,21.8686,32.2117,38.6114,38.7423,41.6287,54.8968,53.23,46.3561,68.88,76.1984,85.7597,86.7104,137.0501,101.5399,126.845,185.0906,260.4014,360.857,365.8354,491.2858,659.2039
sptw2sattwin,True,32,random_40_7_4,40,568,568,2733.08173013,106.1991,4.348,4.2222,4.7782,5.9086,6.7106,6.868,9.1692,8.3581,10.9035,12.8749,22.3461,30.5028,30.3331,34.6488,30.3668,48.0219,45.451,62.5225,50.9793,59.5281,74.4077,74.0217,78.258,75.5735,95.2771,130.8501,188.6484,236.8733,316.4136,368.8394,498.6819
sptw2sattwin,True,31,random_40_7_5,40,515,515,6703.91697216,62.7194,4.5456,4.5765,4.6564,5.164,8.7344,8.4019,9.2566,14.601,19.0813,17.6227,30.835,27.0,44.4749,46.6698,61.3748,54.7705,97.3872,78.5997,108.6438,77.7851,156.1231,145.0255,207.7609,238.5877,359.6673,540.5792,713.4638,940.6239,1012.2038,1602.7979
sptw2sattwin,True,32,random_40_7_6,40,565,565,2952.36317515,8.2704,4.1981,4.6386,5.4766,4.9394,6.1895,8.3564,8.5127,9.1145,11.5598,12.5076,19.7981,28.1556,27.5938,27.0613,29.4947,57.0709,50.8213,64.1891,51.678,70.7389,61.4657,75.9976,64.6382,66.8515,108.2121,132.7895,205.7287,282.8857,402.7361,473.9631,566.527
sptw2sattwin,True,32,random_40_7_7,40,557,557,3727.27902913,23.6522,4.0696,4.2227,4.5706,4.7412,5.7464,6.7893,7.1393,7.8731,13.7662,11.654,19.5168,29.6155,27.3934,38.3073,41.5564,36.8843,37.9196,59.2686,68.0655,84.5228,67.5075,67.2676,100.4624,109.5044,179.4975,214.4797,307.3142,336.8745,474.161,573.5532,759.1928
sptw2sattwin,True,32,random_40_7_8,40,540,540,4635.358814,29.5909,4.0634,4.4469,5.0307,5.0907,5.1609,8.9575,9.8388,13.3759,15.2879,16.8364,18.7268,36.4223,29.6144,37.9458,52.6173,42.8048,68.0286,58.1925,70.3012,80.0426,61.845,86.7634,104.2165,181.5432,158.3664,338.3779,330.3955,466.8779,572.79,714.796,1006.8135
sptw2sattwin,True,33,random_40_7_9,40,553,553,5898.58977699,5.1627,4.5755,4.4473,5.0089,6.1665,6.9893,6.1954,9.8121,10.7487,12.5813,18.1468,29.8189,33.0247,35.9296,33.9643,40.5978,45.5468,73.298,76.2243,63.454,77.8829,89.8671,99.8042,69.6805,105.1379,168.0727,187.1055,257.922,498.5935,641.8537,776.6016,997.9823,1406.181
sptw2sattwin,True,34,random_40_8_0,40,631,631,1268.79381585,15.9796,4.114,4.2986,5.1235,5.9364,6.4438,6.517,8.8651,9.0012,11.631,12.6526,15.2829,26.167,20.1038,28.9675,24.2028,32.5343,35.8304,25.7957,41.5809,42.2297,45.1176,43.8909,55.0512,38.9378,46.6854,41.3868,41.1802,47.7274,70.9149,90.5371,105.8114,120.4147,137.67
sptw2sattwin,True,34,random_40_8_1,40,622,622,1491.94149709,1.9784,4.2311,4.4105,4.8521,5.2378,5.7829,6.3987,6.6582,7.9714,11.1069,12.8293,21.7173,22.131,33.4765,35.7152,27.0136,30.157,25.2767,36.2792,38.0727,50.4997,38.7012,39.7497,59.7116,41.6602,42.7843,44.8807,47.0891,47.604,75.25,114.0252,153.7651,191.851,202.8553
sptw2sattwin,True,34,random_40_8_2,40,611,611,1950.92161608,3.0367,4.5727,4.4906,4.1954,4.9083,5.3026,8.9305,6.3182,10.6356,14.4087,19.4281,23.8433,19.2759,15.6963,20.4527,22.8606,27.1013,37.4243,47.306,65.4981,66.7424,59.8147,61.4589,53.894,74.0744,52.8457,56.7461,63.2667,116.7684,140.452,177.4812,197.2833,223.6958,240.4937
sptw2sattwin,True,34,random_40_8_3,40,636,636,1089.605479,1.9046,4.0571,4.866,5.07,6.2861,6.9086,7.3545,7.1699,9.5449,11.9374,11.2279,14.2046,18.8143,19.4693,20.0527,32.7365,30.8185,35.2852,35.041,29.8294,33.0125,34.2602,46.5281,42.7036,52.0172,33.7722,37.4543,48.5961,54.318,54.5275,63.4139,72.1828,100.4322,103.6103
sptw2sattwin,True,34,random_40_8_4,40,625,625,1420.49087191,6.9444,4.4362,4.5459,4.763,5.0467,6.6683,6.6349,8.6881,9.9125,11.3443,14.7064,23.1662,17.7683,24.0142,25.9158,31.4857,31.4823,32.2642,31.6837,51.8325,35.2521,35.5976,52.3231,48.492,48.7982,48.4675,49.5011,52.2085,62.3573,70.9333,88.8304,115.1422,170.9419,188.1333
sptw2sattwin,True,33,random_40_8_5,40,624,624,1352.46943116,27.1502,4.6694,4.9641,4.43,5.9037,6.4031,7.334,6.225,8.3025,10.2152,9.5636,18.1578,16.7122,19.4212,25.3476,26.1539,33.098,34.4814,45.0251,43.0438,41.4984,37.2212,51.4173,48.4902,52.9251,46.976,60.8813,58.6521,91.1449,104.6611,111.8461,139.5389,150.4218
sptw2sattwin,True,33,random_40_8_6,40,633,633,1112.66491294,22.0537,4.4101,4.6868,4.7852,5.5117,5.499,7.3457,8.9418,9.2885,11.766,19.4955,15.1614,12.3911,24.3243,16.9963,24.1123,25.9305,21.1224,27.9981,30.4605,34.12,38.1622,43.7079,54.372,59.6687,48.7534,49.4633,42.8561,73.767,73.1951,78.1135,105.715,108.2918
sptw2sattwin,True,33,random_40_8_7,40,626,626,1509.14155793,66.3798,4.5698,4.3675,5.4777,6.746,6.3911,8.043,8.1131,9.3029,10.7662,17.2743,18.686,14.3084,17.0336,24.19,19.9619,27.2801,42.0644,44.5316,49.8769,55.4544,59.7601,38.7332,63.7019,55.2298,51.8822,55.2216,88.149,104.9773,116.2462,120.3524,128.5396,165.3152
sptw2sattwin,True,34,random_40_8_8,40,629,629,1421.30359292,10.1384,4.4733,4.9124,5.2859,5.215,7.1277,7.4086,8.2861,8.483,9.9939,10.1214,14.406,19.875,21.7755,17.2106,32.313,32.868,28.245,42.6367,37.0011,40.723,55.9227,49.17,42.7937,48.4905,32.322,37.583,50.8967,71.4123,94.8064,122.8884,121.0305,148.491,176.8003
sptw2sattwin,True,33,random_40_8_9,40,612,612,1448.19268394,24.1825,4.4551,4.2939,4.8998,5.9086,6.4008,7.6784,12.182,8.4765,9.4037,18.3937,18.313,19.3565,35.9507,29.1318,43.3836,33.7166,52.395,34.5601,35.9258,65.4571,47.8418,36.6048,36.7444,49.8814,49.1602,74.4399,71.4314,73.8909,100.3976,129.921,140.966,162.2285
sptw2sattwin,True,36,random_40_9_0,40,714,714,545.453521013,1.4795,4.1662,4.5708,5.4743,6.7266,6.244,6.9715,8.0489,9.2403,9.4173,10.2465,18.3101,13.9405,17.571,17.9855,12.991,17.3987,17.0494,23.1446,20.583,23.7684,17.1955,25.8478,20.2179,18.8143,23.8473,25.3303,18.7679,17.4571,17.0816,18.3838,16.2658,15.5829,17.8832,17.1117,20.1316
sptw2sattwin,True,35,random_40_9_1,40,713,713,609.430186987,2.8082,4.2522,4.9662,4.7333,5.1922,8.0005,6.1499,7.9189,7.4013,7.899,10.9608,14.288,17.0528,18.2781,17.9608,23.941,26.6726,22.7209,22.1038,23.8175,24.7145,23.4705,27.0498,35.097,29.721,21.7821,26.0595,25.8095,25.6,20.0398,17.8918,18.5451,17.4007,20.3537,18.5576
sptw2sattwin,True,36,random_40_9_2,40,694,694,653.797024965,1.5679,4.6078,4.497,5.442,5.4135,5.4237,6.9642,7.5869,7.0938,9.5491,12.8571,15.6077,12.0591,18.6638,14.092,23.2721,19.8345,19.6637,22.3887,23.7051,19.9961,27.3619,30.4852,28.4335,23.9738,27.3957,29.3982,24.9223,25.7639,25.988,25.5845,22.3741,22.8004,25.7954,24.7385,28.2807
sptw2sattwin,True,35,random_40_9_3,40,709,709,621.818683863,3.0952,4.3598,4.6098,5.3301,5.4863,6.1481,6.653,7.701,8.4353,8.7707,11.3496,11.1818,10.9699,17.1666,16.6605,19.4575,19.7488,26.6924,20.9809,35.1035,19.5029,23.9536,25.269,31.8665,32.8863,25.89,26.5743,27.6658,25.3602,22.7345,21.841,19.7221,20.7734,20.7527,26.9037
sptw2sattwin,True,36,random_40_9_4,40,711,711,558.630414009,1.6149,4.2975,4.2208,4.5061,5.2463,6.3182,6.2768,6.6441,8.0987,8.3399,10.5375,13.9637,11.0561,13.6914,17.0996,13.9676,16.244,20.0812,15.3065,22.6789,21.9907,29.279,24.4927,23.0958,20.0713,28.662,21.2282,24.5452,21.5341,20.9157,19.7135,19.9823,17.2613,18.5604,19.489,17.4192
sptw2sattwin,True,35,random_40_9_5,40,694,694,599.656651974,6.1942,4.0382,4.1868,4.8103,5.4244,5.923,6.623,7.4257,8.3056,10.2084,9.0209,13.3448,10.3844,14.3515,19.2915,21.6835,17.9364,21.0097,18.4047,17.0898,22.9374,25.6505,24.6371,24.9815,26.4828,27.6541,23.1336,26.2902,24.1095,24.5719,23.8073,19.7402,21.4569,26.6852,31.6724
sptw2sattwin,True,36,random_40_9_6,40,704,704,563.139106035,1.9599,4.0434,4.1905,4.7772,5.6879,5.8449,6.6685,8.8012,7.6178,7.6662,6.7956,6.9822,13.7299,14.37,9.5394,19.5741,10.1416,21.9364,31.8448,19.2607,25.839,25.3879,29.2627,25.5111,18.9153,22.4221,24.9663,18.0898,19.3048,15.6749,19.7732,18.1855,16.6054,21.146,24.6121,25.8266
sptw2sattwin,True,36,random_40_9_7,40,705,705,606.411948204,1.857,4.1887,4.1163,4.6949,5.0884,6.1681,7.5036,6.8454,9.3412,9.6445,12.2429,11.9202,13.4039,16.77,14.7996,17.656,18.0217,21.0712,28.4854,26.0392,24.2537,28.7797,26.934,26.8992,28.4783,27.1525,22.7718,24.4114,23.0935,22.3416,20.929,17.9623,15.0842,15.7883,20.5528,20.9217
sptw2sattwin,True,36,random_40_9_8,40,697,697,607.275379181,1.3998,4.5006,4.4979,4.8503,6.3733,5.944,7.0836,6.853,8.7052,13.419,13.5652,13.297,14.5758,18.8619,13.6894,22.4429,20.7628,21.8345,25.7353,21.0038,28.6541,28.1957,30.4987,28.6487,23.7531,18.6429,23.8814,20.0627,17.0695,19.6192,17.482,14.0345,14.8002,21.2441,25.5149,25.5926
sptw2sattwin,True,35,random_40_9_9,40,704,704,566.438209057,3.9396,4.271,4.3199,4.9085,5.0351,6.0705,8.4773,9.713,10.2982,9.2817,10.1964,12.262,15.3341,14.8479,13.6582,15.274,16.679,19.1205,25.2261,26.175,32.4321,23.376,18.1349,30.2254,17.9069,17.329,21.5667,22.4315,22.6294,18.9526,19.4623,18.7535,17.9886,27.8768,22.0704
sptw2sattwin,False,8,random_60_1_0,60,166,166,3794.15948796, ,5.9721,8.4128,15.4901,178.4317,333.6336,1252.0826,2000.095
sptw2sattwin,False,9,random_60_1_1,60,156,156,5683.05552602, ,5.8611,7.1174,31.4805,153.9189,359.3395,1538.6146,1586.5837,2000.0879
sptw2sattwin,False,9,random_60_1_2,60,176,176,4623.10083604, ,5.6849,12.3877,31.622,100.2481,168.6537,572.712,1731.6574,2000.084
sptw2sattwin,False,8,random_60_1_3,60,162,162,3762.59917688, ,5.8871,9.875,31.9193,156.8937,337.4837,1220.408,2000.0782
sptw2sattwin,False,8,random_60_1_4,60,165,165,2985.58782697, ,6.6097,12.8279,26.4813,230.4314,184.437,524.6798,2000.076
sptw2sattwin,False,9,random_60_1_5,60,194,194,4450.82155895, ,6.1498,7.9227,21.5708,137.534,200.3105,703.1662,1374.0338,2000.0759
sptw2sattwin,False,8,random_60_1_6,60,149,149,4177.18718982, ,5.9597,11.1285,52.9967,91.8537,632.1171,1383.0087,2000.0799
sptw2sattwin,False,8,random_60_1_7,60,167,167,4250.74562597, ,6.3507,14.2394,67.7885,212.9218,471.6746,1477.6385,2000.0868
sptw2sattwin,False,8,random_60_1_8,60,172,172,3506.78127217, ,6.2071,11.2726,24.3188,152.6601,336.1075,976.0862,2000.0872
sptw2sattwin,False,8,random_60_1_9,60,179,179,3412.87985492, ,15.192,18.9426,40.9299,51.1446,354.3871,932.1579,2000.0884
sptw2sattwin,False,11,random_60_2_0,60,367,367,5354.80860782, ,8.172,11.4531,32.1953,50.37,114.1372,153.1876,482.5573,864.9484,1637.6216,2000.0907
sptw2sattwin,False,11,random_60_2_1,60,362,362,5378.39428496, ,6.6791,11.1053,11.2779,33.7091,98.8401,161.9192,285.6246,1101.3511,1667.7361,2000.0885
sptw2sattwin,False,10,random_60_2_2,60,362,362,4251.15944409, ,6.0547,9.0202,13.612,43.9329,90.6964,163.2351,534.0065,1390.4573,2000.0818
sptw2sattwin,False,11,random_60_2_3,60,367,367,5159.24743605, ,6.8249,14.3548,13.7549,28.0249,81.3996,387.0945,293.5321,898.6978,1435.41,2000.0845
sptw2sattwin,False,10,random_60_2_4,60,348,348,4697.68206, ,7.6743,11.5816,29.2903,94.957,132.6248,383.2952,450.414,1587.6879,2000.091
sptw2sattwin,False,11,random_60_2_5,60,364,364,5865.61241603, ,8.8252,17.2845,15.8508,47.4551,61.3748,449.7506,453.4675,992.6975,1818.7527,2000.0901
sptw2sattwin,False,11,random_60_2_6,60,379,379,6069.691818, ,10.6269,21.1585,23.1584,31.4004,60.7741,226.9316,799.1181,1112.2073,1784.1634,2000.0891
sptw2sattwin,False,11,random_60_2_7,60,367,367,5641.20474792, ,6.6375,8.6511,18.2448,29.2623,84.5618,319.597,649.4021,820.8483,1703.8316,2000.1
sptw2sattwin,False,10,random_60_2_8,60,364,364,4660.79293799, ,5.9193,7.8715,22.5497,75.9274,108.3741,351.7391,584.0658,1504.1926,2000.0966
sptw2sattwin,False,11,random_60_2_9,60,373,373,5185.58111596, ,8.7343,14.0622,23.9634,41.2516,121.6472,170.8769,716.7199,811.7574,1276.4049,2000.0883
sptw2sattwin,False,14,random_60_3_0,60,522,522,8218.77826595, ,6.4577,9.3354,13.0767,29.6148,57.1644,62.3258,342.7894,336.6649,854.5535,889.0295,1952.9638,1664.6157,2000.1041
sptw2sattwin,False,13,random_60_3_1,60,494,494,7276.73060989, ,5.8369,7.8828,12.4747,17.4225,74.6851,105.5446,282.5869,741.0273,715.8286,1654.0204,1659.2211,2000.1226
sptw2sattwin,False,13,random_60_3_2,60,551,551,6378.33961415, ,6.5384,8.7247,13.609,34.4249,73.1275,160.8123,155.1933,418.9938,1054.3157,575.1237,1877.3175,2000.0848
sptw2sattwin,False,13,random_60_3_3,60,531,531,6112.49770784, ,6.5893,8.1455,10.7332,29.3731,46.5249,105.1039,148.5,285.0803,1077.3485,1239.344,1155.5781,2000.1031
sptw2sattwin,False,14,random_60_3_4,60,524,524,8279.07555509, ,6.4483,8.5204,10.5484,13.8072,35.3296,96.7404,112.9558,385.8451,371.8744,1769.3774,1661.6169,1805.82,2000.1038
sptw2sattwin,False,12,random_60_3_5,60,557,557,4502.60574698, ,5.8613,8.8034,11.9893,26.9172,37.0637,163.269,126.0731,349.8767,226.5231,1546.0764,2000.0919
sptw2sattwin,False,12,random_60_3_6,60,511,511,5362.01343608, ,10.4502,10.5461,15.9385,37.5547,50.5075,46.0857,303.8177,620.1257,1243.6185,1023.1834,2000.1109
sptw2sattwin,False,11,random_60_3_7,60,512,512,4050.46757698, ,6.3922,8.4899,15.0089,15.9276,54.4626,330.6732,453.7988,422.5654,742.9692,2000.0969
sptw2sattwin,False,13,random_60_3_8,60,529,529,7495.7932229, ,9.7916,7.5833,19.3942,33.6275,61.2873,145.7523,323.1067,664.2724,1073.2255,1851.5028,1306.0626,2000.1061
sptw2sattwin,False,11,random_60_3_9,60,549,549,4108.39276099, ,7.0203,11.5818,15.4608,19.1713,76.7976,61.4865,219.3523,571.6392,1125.7361,2000.0874
sptw2sattwin,False,16,random_60_4_0,60,730,730,9232.61765504, ,6.4209,8.5208,11.1788,26.8088,31.5217,49.3335,90.3315,131.9033,588.6368,785.5582,1283.0275,793.1558,1776.3406,1649.683,2000.1051
sptw2sattwin,False,14,random_60_4_1,60,693,693,4850.60814381, ,7.4856,7.4614,9.9854,21.3271,37.0679,62.3443,61.1931,252.1579,338.618,360.5587,866.9172,825.292,2000.1022
sptw2sattwin,False,16,random_60_4_2,60,756,756,6987.77058911, ,12.4881,16.2542,15.7665,22.3378,35.0942,42.6036,56.094,119.274,438.4115,591.2415,518.8114,917.1519,886.8528,1315.1686,2000.1021
sptw2sattwin,False,13,random_60_4_3,60,677,677,3798.1204021, ,6.8393,8.6571,8.9241,18.1882,33.0966,55.1111,92.9642,123.158,180.0271,610.7305,660.2424,2000.1021
sptw2sattwin,False,14,random_60_4_4,60,684,684,6651.87647605, ,6.3916,7.6933,10.0207,21.8461,22.7306,151.3223,107.5999,272.4414,384.3274,677.7063,1737.3605,1252.2306,2000.0985
sptw2sattwin,False,14,random_60_4_5,60,654,654,6470.73027921, ,15.2213,13.1483,18.1694,21.7365,24.8809,141.1032,115.3233,186.9304,391.8896,519.2656,1177.6301,1845.2618,2000.0927
sptw2sattwin,False,15,random_60_4_6,60,687,687,7932.04039598, ,6.649,8.758,8.7788,18.9026,59.6842,54.2751,175.1305,261.437,383.0248,738.6087,1034.8094,1850.0605,1331.7322,2000.1012
sptw2sattwin,False,14,random_60_4_7,60,726,726,5879.273736, ,7.0114,9.8905,12.0276,21.7834,47.1042,52.4546,91.3458,199.1711,143.3205,313.2271,1423.2638,1558.504,2000.0982
sptw2sattwin,False,15,random_60_4_8,60,698,698,8264.23508215, ,12.2623,25.8935,18.7342,33.2822,54.5149,60.9347,117.1933,400.3066,454.3705,238.2582,1853.4466,1186.1426,1808.694,2000.1081
sptw2sattwin,False,15,random_60_4_9,60,695,695,6014.22045684, ,14.4806,12.5497,18.4222,18.7217,34.5989,64.1636,113.2288,232.2253,452.7875,551.6126,677.2457,762.4269,1061.5479,2000.1099
sptw2sattwin,False,21,random_60_5_0,60,909,909,11907.2983439, ,9.5223,9.8562,11.8176,17.3002,24.0891,45.3457,84.5369,70.703,118.2148,241.3173,158.2495,381.9805,552.6884,895.8984,1011.691,1367.4505,1226.9101,1725.1113,1954.3614,2000.1137
sptw2sattwin,False,18,random_60_5_1,60,863,863,8327.24879408, ,19.7424,21.0165,22.093,20.5954,42.6568,52.396,75.9897,159.0174,119.8923,220.2952,307.516,609.1051,477.1346,1498.8222,1159.0145,1521.7467,2000.1041
sptw2sattwin,False,17,random_60_5_2,60,881,881,6813.49751282, ,12.6165,10.5511,14.6829,21.7104,22.9249,40.2864,48.7952,180.1326,136.7629,350.6858,484.9263,520.4578,748.6972,738.4787,1481.5371,2000.0929
sptw2sattwin,False,18,random_60_5_3,60,920,920,8144.2222209, ,6.8861,7.9174,8.2452,12.7295,25.5171,31.3468,43.5052,72.2758,141.7823,195.0415,392.2953,474.1706,828.4848,978.7806,1490.8663,1434.1775,2000.096
sptw2sattwin,False,19,random_60_5_4,60,905,905,9603.09088206, ,13.2986,10.892,13.4692,30.664,34.1052,47.6515,55.2424,184.6294,328.7888,424.902,654.6069,462.0,510.6285,596.0379,1033.0999,1370.8483,1831.9981,2000.1094
sptw2sattwin,False,18,random_60_5_5,60,929,929,8318.25081491, ,6.6914,7.7934,9.4619,15.2627,30.9067,62.921,44.384,68.8154,99.369,174.6597,317.0478,931.066,692.0062,1062.9358,1421.1272,1373.6051,2000.0999
sptw2sattwin,False,16,random_60_5_6,60,863,863,6458.29246688, ,6.902,8.6394,8.6526,23.3312,28.6803,55.5789,79.879,83.3008,216.4844,423.0184,506.9569,739.587,1380.9193,896.1533,2000.1044
sptw2sattwin,False,19,random_60_5_7,60,903,903,8900.91277003, ,7.5815,8.8726,9.0346,15.3896,22.3707,45.4818,66.006,198.1393,211.0242,398.4228,302.8186,437.0491,454.4777,873.6481,1134.5827,1392.3357,1323.4425,2000.1129
sptw2sattwin,False,16,random_60_5_8,60,883,883,5430.40208721, ,6.4546,8.0119,8.8589,20.2159,26.7453,43.2733,54.1814,77.4038,142.1815,544.3304,313.9835,288.3468,603.8842,1292.327,2000.1045
sptw2sattwin,False,17,random_60_5_9,60,857,857,7919.24626398, ,14.0875,10.2833,14.9405,20.3339,27.3835,38.2665,67.4051,70.7185,179.465,246.6633,523.0818,861.7494,1166.3076,968.6499,1709.7046,2000.1062
sptw2sattwin,False,22,random_60_6_0,60,1066,1066,10544.172344, ,7.2747,8.8882,10.4026,11.9568,14.9757,32.0354,40.239,68.581,109.3348,146.8615,307.2258,412.391,338.2148,401.9295,690.4156,542.4143,1061.829,1742.3861,1463.9327,1132.6002,2000.1518
sptw2sattwin,False,20,random_60_6_1,60,1049,1049,9126.55043292, ,6.3197,7.283,8.5272,15.4372,19.4889,29.2858,46.3971,57.9035,120.8459,178.4492,288.2621,439.2817,510.3996,588.5367,1243.104,728.8029,1189.8284,1648.1992,2000.0889
sptw2sattwin,False,22,random_60_6_2,60,1102,1102,8730.50531411, ,7.1746,8.0459,12.3306,8.557,26.4246,28.2065,43.178,51.575,92.208,85.9421,180.8267,193.7073,207.33,400.9826,530.3992,722.9935,750.7742,677.8946,1386.3977,1315.318,2000.1039
sptw2sattwin,False,25,random_60_6_3,60,1062,1062,16812.124485, ,8.5302,11.4447,20.0031,24.7118,35.9201,43.4289,43.5652,81.3886,98.2158,192.9545,379.852,307.0129,432.1868,606.5406,906.6779,712.043,1388.4143,1387.003,1796.15,1723.8908,1418.3347,1681.6511,1511.9393,2000.1034
sptw2sattwin,False,25,random_60_6_4,60,1072,1072,15552.893676, ,17.3373,12.0302,12.2674,17.3613,23.0323,28.7312,84.5586,80.5701,104.4136,173.8573,150.1945,418.6092,300.5862,290.3189,533.6793,823.1607,1230.6274,858.184,1611.3457,1583.8472,1519.165,1756.1826,1922.5689,2000.1013
sptw2sattwin,False,23,random_60_6_5,60,1049,1049,13705.4173698, ,7.1899,8.1857,8.3918,13.3213,12.5728,19.3515,40.9843,96.1864,82.733,88.4686,179.0846,211.224,307.2896,392.1838,1278.0361,1228.007,1025.8133,1486.1531,1801.3134,1514.4017,1904.2825,2000.0973
sptw2sattwin,False,25,random_60_6_6,60,1045,1045,18091.1700659, ,7.0124,9.1379,10.109,16.4358,35.281,28.9527,43.3322,63.9427,106.0358,179.3836,257.2683,120.4874,515.2219,768.6339,1151.8637,1278.5795,1383.4318,1692.9676,1617.6409,1987.3442,1951.535,1401.3177,1465.0168,2000.0838
sptw2sattwin,False,20,random_60_6_7,60,1092,1092,8283.26477194, ,6.6217,9.7736,8.3756,13.5899,17.4523,36.8143,39.2518,47.9532,121.9912,129.0231,151.0365,431.1916,233.5682,453.5703,901.5852,838.5361,1593.6968,1248.9926,2000.1115
sptw2sattwin,False,23,random_60_6_8,60,1079,1079,11500.7038062, ,10.7046,8.8511,11.5255,14.1734,16.3379,35.5066,29.7324,67.6763,101.3472,204.5371,189.394,163.128,363.5215,454.4314,573.349,579.8109,833.2062,1082.4405,1239.2391,1672.486,1849.0423,2000.1091
sptw2sattwin,False,24,random_60_6_9,60,1090,1090,12441.3851552, ,6.7555,8.4108,11.2935,13.294,24.6852,14.9776,28.7484,111.6172,55.6738,90.1771,162.0606,337.8724,524.6155,415.1804,951.361,918.5567,887.0655,1108.5537,1152.7648,1222.1803,897.0673,1498.2359,2000.095
sptw2sattwin,False,29,random_60_7_0,60,1212,1212,17074.0460038, ,11.6601,11.7291,24.3128,18.2587,15.824,38.5528,38.2176,69.6783,99.3659,129.4121,122.1239,220.8854,263.2813,312.6887,359.4872,912.2186,704.4986,427.5495,992.5384,1052.569,1225.6613,1211.695,1272.4939,1219.4543,1253.8604,1712.6177,1353.0585,2000.107
sptw2sattwin,False,30,random_60_7_1,60,1234,1234,17816.2031841, ,6.949,9.4574,9.7619,15.3925,19.5158,23.9827,28.8547,39.975,62.9687,78.2968,168.4255,133.1117,199.9974,422.7001,347.7067,303.9577,501.8549,618.5371,781.1209,1058.5453,1402.4513,1209.4945,1311.5495,1048.7267,1475.2013,1712.7455,1072.2352,1752.4052,2000.0979
sptw2sattwin,False,31,random_60_7_2,60,1233,1233,19214.8377831, ,17.9766,18.7637,19.1418,15.3626,18.7006,31.4405,38.8016,72.044,46.7936,87.7729,144.1206,146.8072,108.1553,205.8962,336.853,388.2137,498.2248,589.4107,729.4012,1305.6115,1100.529,1143.7555,1146.7046,1981.4564,1283.3447,1951.9578,1225.6844,1088.5452,1473.0769,2000.1035
sptw2sattwin,False,26,random_60_7_3,60,1235,1235,11878.9853551, ,10.8426,16.8145,16.1838,18.0773,30.7256,32.6127,23.6345,42.068,51.2177,72.6212,81.816,165.4269,247.1539,417.6229,270.7044,292.0008,714.1869,812.868,921.4685,1052.037,1127.673,1101.2623,1103.5379,1256.1744,2000.0955
sptw2sattwin,False,29,random_60_7_4,60,1258,1258,14770.9427159, ,6.5979,8.9684,9.8333,13.3637,18.5092,16.0831,35.6123,51.6272,60.3587,49.318,119.7681,300.1677,133.5502,191.195,296.1143,384.7958,448.9427,398.2762,772.8678,711.5267,933.9087,983.6914,1072.8661,1068.7734,1560.3932,1325.9497,1797.6142,2000.0921
sptw2sattwin,False,30,random_60_7_5,60,1272,1272,17182.9058981, ,7.0538,8.9254,10.1629,12.3729,21.2827,32.0977,43.6547,73.2452,75.6998,123.7961,168.6077,97.6116,473.2671,253.2571,357.6697,495.0188,585.4272,758.3884,508.6577,950.1389,1072.3051,769.3961,1082.6378,1251.8552,1515.334,1202.7462,1722.4291,1509.5807,2000.0929
sptw2sattwin,False,31,random_60_7_6,60,1244,1244,19543.6128631, ,7.0089,8.5361,8.9445,11.0983,16.0862,31.0868,28.1281,45.6484,77.3721,77.116,103.6044,122.2666,187.5568,298.3365,503.6592,450.8832,616.0426,1045.9827,790.7269,879.4692,902.4695,1126.8589,1599.0648,1211.7528,1202.6325,1619.0582,1535.8821,1253.0236,1783.003,2000.1027
sptw2sattwin,False,31,random_60_7_7,60,1246,1246,17731.1625769, ,6.9151,8.4044,11.0144,13.7454,22.2713,24.415,46.0906,39.6381,127.8913,169.5311,127.443,209.0786,172.6393,151.7532,386.9914,527.2069,388.3379,758.9994,771.9224,741.7869,1410.6239,1201.8749,1004.6106,1007.7532,1187.5809,1133.6233,1112.8464,1346.7706,1619.1333,2000.0793
sptw2sattwin,False,31,random_60_7_8,60,1244,1244,18711.3583388, ,8.0609,7.9551,9.476,13.9849,20.5221,27.2515,29.611,42.6888,72.0745,81.9597,137.7297,123.0993,170.9961,235.9936,246.4952,330.7707,687.6878,966.9118,901.6466,817.4237,1132.2835,1447.143,1067.1827,940.7345,1123.2354,1449.9137,1243.653,1809.5346,1565.0533,2000.0946
sptw2sattwin,False,29,random_60_7_9,60,1244,1244,16773.7658761, ,17.4286,14.3599,17.3694,15.4917,20.3886,30.8895,36.7932,50.7328,49.5649,93.3449,93.3779,222.5698,146.1992,249.4774,420.0153,476.936,557.7138,544.8805,949.5087,905.0042,1111.3323,1434.119,1424.8806,1416.9618,1685.2182,1505.3299,1283.6028,2000.0967
sptw2sattwin,True,55,random_60_9_0,60,1601,1601,16586.719713,13.9252,7.3929,8.0472,9.5392,13.5256,17.4585,21.3369,26.4457,26.2129,46.7462,51.4727,54.5175,88.9726,84.3939,80.8701,136.3083,154.1342,184.2797,180.0123,214.8709,208.9807,280.5039,299.7729,379.1888,299.1912,357.1588,511.5049,497.636,530.6652,641.886,468.0664,498.162,438.691,524.3124,659.4681,569.9981,644.0878,649.7415,694.8893,574.2511,618.3868,585.4532,624.0987,764.7327,605.8776,844.3123,107.4974,129.222,113.8785,114.0328,117.9846,155.9398,198.6912,216.891,240.7249
sptw2sattwin,True,55,random_60_9_1,60,1606,1606,17813.8955719,12.0543,7.3556,9.3307,9.3806,12.9388,11.65,15.1392,26.0145,38.0458,27.5874,43.9409,70.5321,92.4289,125.6905,106.4683,130.3093,203.9471,254.4124,260.7483,191.2417,222.9591,308.1861,361.1168,438.3245,680.2853,480.3122,347.7394,482.2523,406.6891,540.2432,597.3936,449.2199,509.2874,755.9857,518.6179,517.0294,647.1329,740.9695,839.0229,582.7024,630.5036,869.8969,875.4709,668.5963,736.8296,660.117,115.1799,127.4164,101.7826,106.7432,115.3973,155.3694,171.3915,196.4157,207.7433
sptw2sattwin,True,55,random_60_9_2,60,1620,1620,16514.2255011,28.9734,14.0254,21.0444,18.5876,15.4418,20.7885,24.4771,25.7327,44.2206,32.6085,38.9124,71.5576,64.3182,66.1596,109.3197,133.2908,127.6165,123.882,187.8574,225.754,221.2805,275.074,247.4748,331.6059,362.755,344.7947,440.6176,443.8267,382.3033,428.726,538.4094,548.9355,663.5692,552.5137,521.5818,612.4827,703.7924,655.4376,712.3173,753.9223,722.2315,645.2761,729.4257,677.1642,705.1287,698.2135,121.4259,121.3762,96.8623,97.4133,106.6258,133.6849,161.0651,172.1684,189.808
sptw2sattwin,True,55,random_60_9_3,60,1598,1598,18649.822753,9.49,8.2271,7.858,11.2903,13.1325,15.7684,18.1236,26.2146,39.7819,40.4427,50.0771,56.1083,71.732,80.9162,105.3144,128.4771,175.6207,164.4071,271.7841,290.7758,280.3775,352.7188,373.7242,425.1164,483.2072,357.3524,505.7264,390.1813,582.6064,459.5807,577.4419,580.964,585.0789,608.1055,632.5956,696.0603,749.8322,558.5332,672.4066,770.1878,804.8199,825.0307,871.8809,780.6543,760.6384,824.2989,111.2047,101.1052,113.8615,110.2651,141.4698,212.1517,260.67,258.4379,245.6476
sptw2sattwin,True,54,random_60_9_4,60,1588,1588,18454.2003341,16.5324,6.8556,7.6827,9.9492,15.6539,20.1635,12.706,24.5362,25.2177,43.9643,65.3982,57.3687,68.1837,124.3967,119.9292,100.6356,149.1991,196.2633,171.4727,273.1302,235.8809,347.1362,343.1395,305.318,443.0595,359.0581,395.9946,516.8065,591.0035,475.7771,597.5821,668.8874,699.8669,710.1967,653.973,601.4719,736.1309,586.3257,752.2072,708.753,684.5204,825.5017,747.4782,778.5957,772.266,759.2358,122.6959,155.3517,123.8667,145.7332,220.3057,245.4321,297.7363,337.3158
sptw2sattwin,True,55,random_60_9_5,60,1599,1599,19388.3077719,9.9994,6.8566,11.6723,10.0607,14.2492,18.5668,17.8067,26.2791,32.763,28.0829,52.8158,68.3536,97.4555,94.7422,99.5757,132.1353,130.101,145.5192,192.857,296.8266,268.3563,285.4671,331.3542,434.6027,348.0656,543.1565,381.0647,619.0635,470.3246,531.8663,540.934,595.6534,700.6377,727.3201,811.3949,662.0596,992.3327,794.6713,771.5045,939.9796,750.2607,814.9254,702.1346,831.6338,835.6436,793.4715,125.9537,117.835,131.3138,119.7446,158.6097,156.9681,168.5241,200.9037,243.4897
sptw2sattwin,True,55,random_60_9_6,60,1601,1601,16278.1495612,9.8191,8.0037,8.9697,9.281,13.6937,14.5096,21.625,23.6413,31.2802,40.6301,53.5281,57.7509,58.3396,86.5129,115.2634,102.0815,140.8317,160.5864,221.278,233.5268,232.2749,256.8818,245.1507,323.0298,517.2433,303.0921,421.0021,365.9665,473.7718,457.3808,453.3003,607.0475,490.5473,492.484,530.045,614.2341,665.2151,715.3491,630.0388,623.0693,708.1537,634.9131,712.2694,796.0201,642.2161,638.9216,109.9971,108.1318,105.9048,122.2643,137.8035,180.2546,173.3423,193.1358,186.1913
sptw2sattwin,True,54,random_60_9_7,60,1570,1570,21565.5561972,9.0474,6.5581,9.2761,10.3899,12.4793,17.3267,19.6955,19.7474,23.8571,33.7524,59.6266,80.1489,83.1889,80.4665,144.9311,92.3144,159.7868,132.3235,212.5391,198.1118,290.7709,353.7318,442.3461,362.1548,336.8031,399.5267,499.871,526.5911,576.4989,548.0945,652.1457,914.5479,721.4928,833.6084,606.3502,955.7166,906.7733,814.4977,837.6018,1032.7059,916.5933,804.3234,693.6333,817.4334,955.9922,1014.2244,172.8221,184.708,194.6741,321.541,352.1852,339.8443,369.1372,410.6808
sptw2sattwin,True,55,random_60_9_8,60,1612,1612,18745.417841,18.2351,7.2258,10.9131,9.1696,15.5248,16.9212,22.2363,22.2551,52.58,44.1744,47.5405,40.4654,86.5312,100.3851,147.7689,134.5447,174.6297,210.7072,158.4202,173.1112,198.1736,292.561,310.0718,265.7163,382.6147,391.7341,497.1908,512.9604,476.2717,608.1948,609.4296,501.0112,813.8577,640.3885,746.8363,751.7642,648.2937,694.7954,922.6541,791.6659,677.4425,793.8837,903.2007,837.3415,823.2782,791.1222,139.5847,136.9361,148.0032,149.6606,129.3626,144.978,163.4927,169.1846,188.0762
sptw2sattwin,True,55,random_60_9_9,60,1593,1593,18381.33354,14.5644,7.1779,8.4732,11.3419,13.8432,24.1048,21.5929,31.5424,38.643,50.8968,48.6752,65.4579,82.1375,77.8528,100.0995,107.3453,147.8264,178.4602,163.5942,181.3875,219.1719,276.5022,274.5948,290.9264,470.0871,411.0951,469.4288,513.2283,528.7457,538.3322,512.0835,656.4692,692.4566,653.352,676.2944,735.8829,775.3413,680.1125,869.5913,649.2134,613.7062,718.7185,787.9658,780.6567,646.9569,730.4787,111.6388,156.4849,155.9406,137.9341,195.2379,210.7939,282.2852,288.0172,296.2287
