sptw2sat,True,2,random_20_1_0,20,23,23,0.791553974152,0.289,0.4914
sptw2sat,True,2,random_20_1_1,20,15,15,0.72634601593,0.3145,0.4003
sptw2sat,True,3,random_20_1_2,20,19,19,1.09412312508,0.3603,0.3655,0.3565
sptw2sat,True,2,random_20_1_3,20,19,19,0.699830055237,0.3524,0.3386
sptw2sat,True,4,random_20_1_4,20,25,25,2.43546795845,0.3645,0.3057,0.3432,1.3977
sptw2sat,True,2,random_20_1_5,20,14,14,0.733839988708,0.3695,0.3558
sptw2sat,True,3,random_20_1_6,20,22,22,1.1876540184,0.3566,0.3591,0.4595
sptw2sat,True,2,random_20_1_7,20,17,17,0.681340932846,0.3872,0.2827
sptw2sat,True,1,random_20_1_8,20,14,14,0.344523191452,0.3409
sptw2sat,True,2,random_20_1_9,20,14,14,0.59286904335,0.3001,0.2809
sptw2sat,True,5,random_20_2_0,20,38,38,4.5532040596,0.8488,0.3528,0.3695,0.785,2.171
sptw2sat,True,5,random_20_2_1,20,40,40,4.2580370903,1.1137,0.3869,0.2998,0.4624,1.9691
sptw2sat,True,3,random_20_2_2,20,28,28,1.19164085388,0.4001,0.323,0.4565
sptw2sat,True,6,random_20_2_3,20,44,44,5.07433605194,0.4169,0.3715,0.3654,0.5639,1.2195,2.1036
sptw2sat,True,6,random_20_2_4,20,39,39,6.03453707695,1.0029,0.2188,0.2371,0.3429,0.8414,3.3692
sptw2sat,True,5,random_20_2_5,20,38,38,2.7336359024,0.5417,0.323,0.3479,0.4861,1.009
sptw2sat,True,5,random_20_2_6,20,36,36,2.37754392624,0.2805,0.1902,0.3069,0.5319,1.0459
sptw2sat,True,6,random_20_2_7,20,38,38,8.83117604256,0.3826,0.337,0.3821,0.5177,1.3829,5.8058
sptw2sat,True,6,random_20_2_8,20,42,42,12.3377699852,6.5799,0.3693,0.3555,0.5373,1.2709,3.2006
sptw2sat,True,5,random_20_2_9,20,35,35,2.6270198822,0.373,0.3535,0.3761,0.5399,0.9643
sptw2sat,True,9,random_20_3_0,20,68,68,14.2572181225,0.349,0.3017,0.2613,0.3551,0.543,1.162,1.6534,2.5989,6.9886
sptw2sat,True,7,random_20_3_1,20,59,59,6.14715600014,1.2049,0.4497,0.3672,0.465,0.6128,0.8291,2.1891
sptw2sat,True,7,random_20_3_2,20,51,51,9.32250595093,0.6898,0.4033,0.3661,0.4272,0.9564,1.8389,4.6127
sptw2sat,True,8,random_20_3_3,20,56,56,12.2611141205,0.6187,0.4169,0.4304,0.4899,0.6386,0.961,2.9432,5.7309
sptw2sat,True,7,random_20_3_4,20,48,48,10.2841849327,0.7598,0.1954,0.2347,0.8096,0.8848,2.3922,4.9787
sptw2sat,True,8,random_20_3_5,20,48,48,23.4159090519,0.3982,0.3697,0.4657,0.501,0.7291,1.8078,4.1832,14.927
sptw2sat,True,8,random_20_3_6,20,54,54,16.3318550587,1.7775,0.3501,0.2182,0.3893,0.8485,1.4381,2.5937,8.6787
sptw2sat,True,8,random_20_3_7,20,60,60,16.4433200359,3.1745,0.3643,0.3905,0.5299,0.6873,2.3452,2.6119,6.309
sptw2sat,True,6,random_20_3_8,20,45,45,5.05206990242,0.5867,0.2692,0.39,0.4581,0.6542,2.6713
sptw2sat,True,9,random_20_3_9,20,61,61,19.1757121086,0.4517,0.2929,0.4114,0.3731,0.6249,0.5962,2.0557,4.6757,9.656
sptw2sat,True,11,random_20_4_0,20,92,92,12.8418061733,0.2871,0.2951,0.2939,0.2488,0.3944,0.4408,0.7298,1.0119,1.2558,3.103,4.7268
sptw2sat,True,10,random_20_4_1,20,82,82,20.9430909157,1.4712,0.4048,0.4237,0.5152,0.6861,0.9906,1.101,2.6859,3.9277,8.6945
sptw2sat,True,10,random_20_4_2,20,74,74,25.7613739967,1.1422,0.2906,0.3507,0.4102,0.5599,0.774,1.5424,2.2636,6.7953,11.5923
sptw2sat,True,11,random_20_4_3,20,82,82,17.3172569275,0.275,0.253,0.3653,0.3767,0.4996,0.6678,0.9531,1.6216,2.0785,3.8471,6.3356
sptw2sat,True,10,random_20_4_4,20,71,71,17.3591909409,0.3187,0.3456,0.339,0.3726,0.5101,0.7302,1.2191,1.757,3.8915,7.8302
sptw2sat,True,9,random_20_4_5,20,71,71,14.8083450794,2.9954,0.3367,0.2708,0.4974,0.5538,0.745,1.1741,2.7265,5.467
sptw2sat,True,11,random_20_4_6,20,78,78,35.5064530373,0.2798,0.2525,0.2646,0.4319,0.6236,0.6989,0.9374,2.71,5.568,7.3991,16.2852
sptw2sat,True,11,random_20_4_7,20,76,76,36.7964611053,0.3278,0.5528,0.3807,0.4389,0.5955,1.0,1.9599,2.2225,4.2256,7.5613,17.481
sptw2sat,True,11,random_20_4_8,20,82,82,19.622936964,0.3691,0.2593,0.2846,0.353,0.3886,0.5677,0.8099,1.2575,2.4852,4.3563,8.4396
sptw2sat,True,9,random_20_4_9,20,82,82,7.4425599575,0.9917,0.2494,0.32,0.3099,0.463,0.5699,0.6555,1.4557,2.3906
sptw2sat,True,12,random_20_5_0,20,97,97,30.0622758865,0.3477,0.4682,0.4274,0.5908,0.5123,0.6637,1.1996,1.5886,2.2297,3.5182,6.53,11.9336
sptw2sat,True,12,random_20_5_1,20,91,91,29.7967050076,0.2784,0.29,0.406,0.3516,0.4801,0.6071,1.0885,1.2746,1.811,4.3998,6.1649,12.5885
sptw2sat,True,12,random_20_5_2,20,93,93,28.4313390255,0.3828,0.3342,0.2429,0.3856,0.4372,0.6628,1.1768,1.162,1.9961,3.1991,6.5229,11.87
sptw2sat,True,12,random_20_5_3,20,103,103,21.2115910053,0.3751,0.4212,0.4239,0.5183,0.6183,0.6993,0.8023,1.5276,1.4932,2.5701,4.9292,6.7814
sptw2sat,True,11,random_20_5_4,20,94,94,12.5825340748,1.1139,0.2406,0.3244,0.2765,0.4463,0.6776,1.047,1.7473,1.2723,1.8135,3.5679
sptw2sat,True,10,random_20_5_5,20,80,80,22.52354002,2.216,0.4378,0.4239,0.4194,0.6541,0.8257,1.5289,2.6705,5.0414,8.2501
sptw2sat,True,12,random_20_5_6,20,99,99,20.2176909447,2.2467,0.283,0.3072,0.3171,0.6155,0.5174,0.8148,1.0904,1.5334,1.8876,3.2223,7.328
sptw2sat,True,11,random_20_5_7,20,103,103,10.4351899624,0.4864,0.2533,0.2444,0.316,0.3093,0.4855,0.5235,0.8977,1.1043,2.2825,3.4815
sptw2sat,True,11,random_20_5_8,20,89,89,19.668061018,1.0104,0.2503,0.2753,0.2927,0.4517,0.513,0.7871,1.1318,2.1838,3.8402,8.885
sptw2sat,True,12,random_20_5_9,20,97,97,20.2133700848,0.3937,0.2505,0.279,0.31,0.2907,0.4834,0.8268,0.9052,1.3617,2.5337,4.1459,8.3647
sptw2sat,True,13,random_20_6_0,20,114,114,15.0229990482,0.3173,0.2798,0.3028,0.3112,0.3973,0.5446,0.6558,0.8429,1.107,1.437,1.717,2.5615,4.4898
sptw2sat,True,12,random_20_6_1,20,107,107,13.7004158497,1.1274,0.2826,0.2832,0.3742,0.3376,0.7575,0.7189,0.6789,1.3425,1.475,1.9868,4.2803
sptw2sat,True,13,random_20_6_2,20,105,105,28.3857710361,0.2554,0.2785,0.2621,0.3242,0.312,0.5679,0.6069,0.8654,1.4328,2.5059,4.2283,6.9308,9.7544
sptw2sat,True,14,random_20_6_3,20,124,124,16.5446169376,0.2662,0.3112,0.2923,0.3525,0.4482,0.4675,0.4971,0.897,0.9593,0.9952,1.3292,1.8164,3.4859,4.3579
sptw2sat,True,12,random_20_6_4,20,104,104,16.1893210411,2.0022,0.3463,0.2668,0.2769,0.3883,0.4802,0.7565,1.0193,1.4052,1.6048,2.8389,4.7517
sptw2sat,True,13,random_20_6_5,20,115,115,17.9089589119,0.2668,0.3174,0.2796,0.3541,0.4121,0.5032,0.6851,1.113,1.3996,1.4779,1.9946,3.4023,5.6455
sptw2sat,True,13,random_20_6_6,20,112,112,21.1850600243,0.3022,0.3737,0.2534,0.3242,0.4027,0.4401,0.5212,0.8204,0.9643,1.3486,2.8544,5.4776,7.0424
sptw2sat,True,13,random_20_6_7,20,124,124,11.5745439529,0.6761,0.2721,0.288,0.323,0.3369,0.3646,0.5879,0.6048,1.0713,0.8967,1.1177,2.0227,2.9526
sptw2sat,True,13,random_20_6_8,20,119,119,14.0820960999,0.641,0.3355,0.2955,0.3081,0.3198,0.4726,0.5393,0.6485,1.0036,1.4733,2.2063,2.2429,3.5245
sptw2sat,True,13,random_20_6_9,20,110,110,24.6782839298,0.3481,0.3786,0.4077,0.4613,0.6274,0.7355,0.8371,0.9449,1.3337,2.2876,3.3423,4.8945,8.0272
sptw2sat,True,14,random_20_7_0,20,145,145,8.02371191978,0.2195,0.2481,0.2664,0.3163,0.3487,0.3913,0.3944,0.5183,0.5559,0.6762,0.8578,0.8337,1.1027,1.2338
sptw2sat,True,14,random_20_7_1,20,137,137,11.8186810017,0.2016,0.2868,0.3194,0.4179,0.3664,0.5704,0.5984,0.5915,1.074,0.8001,1.0725,1.3199,1.5312,2.5854
sptw2sat,True,14,random_20_7_2,20,127,127,15.5813038349,0.2618,0.2995,0.3074,0.3197,0.3948,0.5282,0.7144,1.0115,1.0651,1.1904,1.4386,1.7895,2.8619,3.3281
sptw2sat,True,14,random_20_7_3,20,127,127,14.1225919724,0.3313,0.3027,0.2785,0.3124,0.3997,0.4453,0.6329,0.7817,1.0126,1.1383,1.0448,1.6823,2.3485,3.3508
sptw2sat,True,16,random_20_7_4,20,152,152,11.2303700447,0.2122,0.273,0.3108,0.3524,0.4122,0.5448,0.6133,0.6555,0.6992,0.7011,0.8159,0.951,1.2389,0.8335,1.1421,1.3988
sptw2sat,True,14,random_20_7_5,20,132,132,11.9227490425,0.339,0.3207,0.3133,0.4122,0.5301,0.4356,0.3694,0.6588,0.8076,0.8465,0.9886,2.0382,1.5292,2.2606
sptw2sat,True,14,random_20_7_6,20,129,129,13.6155200005,0.4144,0.2921,0.3041,0.4231,0.5692,0.4897,0.7616,0.8697,1.0223,1.0674,1.0081,1.3276,2.2339,2.7642
sptw2sat,True,14,random_20_7_7,20,130,130,12.1937499046,0.2241,0.3015,0.2692,0.3474,0.3947,0.5521,0.5413,0.674,0.8507,0.864,1.1546,1.3339,2.1515,2.4736
sptw2sat,True,15,random_20_7_8,20,143,143,11.8555378914,0.2372,0.4355,0.349,0.3885,0.4001,0.4243,0.4987,0.5835,0.6235,0.8401,0.9307,1.9039,1.1612,1.4601,1.5412
sptw2sat,True,15,random_20_7_9,20,139,139,13.0938830376,0.2172,0.2781,0.273,0.3188,0.3581,0.4993,0.5155,0.5993,1.0319,1.0476,0.8508,1.2313,1.3843,2.162,2.262
sptw2sat,True,15,random_20_8_0,20,154,154,10.0392999649,0.206,0.2823,0.2964,0.3735,0.44,0.4262,0.4819,0.8005,0.8753,0.7794,0.9746,0.9345,0.9398,0.9481,1.2087
sptw2sat,True,16,random_20_8_1,20,155,155,9.87142515182,0.1895,0.2636,0.3047,0.3442,0.3425,0.5274,0.5438,0.6841,0.6854,0.6257,0.7075,0.8256,0.7458,0.8645,0.9101,1.2308
sptw2sat,True,15,random_20_8_2,20,147,147,12.460875988,0.2474,0.2923,0.3375,0.4599,0.4512,0.5557,0.6562,0.8029,0.7189,1.1365,1.2396,1.3559,1.0639,1.3025,1.7602
sptw2sat,True,15,random_20_8_3,20,152,152,9.68316912651,0.3295,0.3222,0.3457,0.3873,0.4009,0.4366,0.616,0.617,0.629,0.9204,0.7152,0.9147,0.9544,0.9019,1.1207
sptw2sat,True,15,random_20_8_4,20,150,150,9.17022204399,0.2039,0.2726,0.2911,0.2993,0.3825,0.4519,0.4833,0.7272,0.5025,0.8151,0.766,0.9491,1.0064,0.7807,1.1605
sptw2sat,True,15,random_20_8_5,20,147,147,9.97118806839,0.2061,0.2712,0.29,0.321,0.4261,0.5043,0.4187,0.6557,0.5717,0.679,0.8722,0.9761,1.3334,0.9969,1.3833
sptw2sat,True,15,random_20_8_6,20,151,151,10.1037220955,0.5533,0.3114,0.2905,0.3225,0.3328,0.4094,0.4612,0.5987,0.6686,0.9021,0.7911,0.8611,1.062,1.0321,1.4425
sptw2sat,True,15,random_20_8_7,20,155,155,9.84362816811,0.2316,0.3046,0.3037,0.3378,0.4131,0.6993,0.6522,0.6961,0.7423,0.7049,0.8064,0.8046,1.0343,0.8872,1.1611
sptw2sat,True,16,random_20_8_8,20,161,161,9.20235300064,0.2412,0.328,0.3277,0.3478,0.4033,0.4321,0.4605,0.4987,0.6413,0.7179,0.7213,0.6763,0.912,0.742,0.7622,0.9214
sptw2sat,True,15,random_20_8_9,20,156,156,9.84813284874,0.246,0.3378,0.342,0.3638,0.4522,0.3667,0.6745,0.5578,0.8081,0.729,0.8445,0.7064,0.8142,1.1065,1.438
sptw2sat,True,16,random_20_9_0,20,172,172,8.35301303864,0.2267,0.3097,0.3041,0.3359,0.3841,0.4404,0.4636,0.5566,0.6228,0.6477,0.6025,0.8545,0.7597,0.5425,0.6593,0.5645
sptw2sat,True,16,random_20_9_1,20,169,169,8.92757701874,0.3072,0.3252,0.3231,0.3668,0.3672,0.4115,0.4509,0.7093,0.6552,0.7619,0.6231,0.7597,0.7375,0.636,0.7233,0.699
sptw2sat,True,17,random_20_9_2,20,178,178,7.64317512512,0.1622,0.2832,0.3405,0.3928,0.3693,0.3905,0.4588,0.4914,0.4679,0.554,0.7382,0.5612,0.5489,0.5291,0.5058,0.419,0.3658
sptw2sat,True,17,random_20_9_3,20,170,170,11.813863039,0.2322,0.3913,0.4329,0.4314,0.4593,0.5538,0.6292,0.838,0.886,0.8063,1.0387,0.9643,0.8525,0.8811,0.719,0.7815,0.818
sptw2sat,True,17,random_20_9_4,20,182,182,8.66914010048,0.2295,0.3711,0.3756,0.4201,0.4094,0.445,0.5074,0.5514,0.6396,0.5241,0.6046,0.7043,0.6257,0.5742,0.667,0.4845,0.456
sptw2sat,True,16,random_20_9_5,20,171,171,8.87781214714,0.2801,0.367,0.363,0.3871,0.4028,0.4836,0.5553,0.5989,0.5947,0.6995,0.7377,0.7411,0.8584,0.637,0.5837,0.525
sptw2sat,True,16,random_20_9_6,20,169,169,8.46813201904,0.1937,0.2821,0.2953,0.3157,0.3875,0.4835,0.4418,0.5777,0.5127,0.5791,0.6784,0.8039,0.6888,0.767,0.6777,0.7045
sptw2sat,True,16,random_20_9_7,20,177,177,7.87417197227,0.2316,0.2949,0.319,0.3295,0.368,0.4389,0.455,0.5072,0.6137,0.5373,0.5522,0.7363,0.5847,0.7911,0.5781,0.4478
sptw2sat,True,17,random_20_9_8,20,172,172,9.26693892479,0.1632,0.291,0.3175,0.3483,0.4139,0.4928,0.5341,0.6669,0.6439,0.7516,0.6942,0.6955,0.7032,0.6474,0.7426,0.5981,0.4862
sptw2sat,True,16,random_20_9_9,20,167,167,9.59110713005,0.2779,0.3514,0.3697,0.3755,0.4392,0.5238,0.9392,0.6399,0.7197,0.6824,0.7019,0.784,0.6238,0.7642,0.6282,0.7083
sptw2sat,False,9,random_40_1_0,40,86,86,3407.93672013, ,4.066,5.9097,13.4774,36.3338,89.35,438.0098,820.679,2000.049
sptw2sat,True,8,random_40_1_1,40,75,75,2047.449404,237.8118,6.0962,7.18,9.3669,16.9285,74.2758,287.9107,1407.8368
sptw2sat,False,9,random_40_1_2,40,86,86,3280.05597806, ,6.8212,7.5931,10.5063,42.3417,72.9967,351.4596,788.2375,2000.0467
sptw2sat,False,9,random_40_1_3,40,79,79,3721.48388577, ,6.244,6.5494,12.7137,20.2204,67.5011,295.8907,1312.2869,2000.0318
sptw2sat,False,9,random_40_1_4,40,82,82,3796.96385002, ,4.3342,5.5494,10.2999,28.9456,101.0908,333.098,1313.5439,2000.0475
sptw2sat,False,8,random_40_1_5,40,69,69,3259.58848286, ,6.5786,9.4343,17.1785,53.113,299.6578,873.5393,2000.045
sptw2sat,False,7,random_40_1_6,40,65,65,2630.87419105, ,3.9942,6.5047,16.0073,70.2826,534.0098,2000.0406
sptw2sat,False,9,random_40_1_7,40,74,74,4498.75546002, ,3.829,4.4076,8.371,29.3289,124.4973,555.5761,1772.6566,2000.0403
sptw2sat,True,5,random_40_1_8,40,54,54,376.023289919,44.7252,4.0346,6.1289,18.2804,302.8288
sptw2sat,True,9,random_40_1_9,40,80,80,2798.65852308,327.5397,3.839,4.6675,9.6053,30.6324,58.0627,212.0262,544.4938,1607.7298
sptw2sat,False,13,random_40_2_0,40,163,163,5503.07920814, ,3.8692,3.9385,4.6876,15.1998,17.9859,60.2368,97.6909,151.0364,372.9433,1206.7488,1568.6215,2000.0406
sptw2sat,False,15,random_40_2_1,40,177,177,6539.8447361, ,3.8725,3.9631,6.5615,10.1567,17.6513,25.4734,55.5801,80.2471,149.5188,240.0474,635.3379,1566.3182,1744.9549,2000.0532
sptw2sat,False,13,random_40_2_2,40,163,163,4672.26976109, ,4.0404,4.1426,6.858,13.0616,22.8042,37.5475,71.7182,149.3556,354.8919,805.8254,1201.88,2000.066
sptw2sat,False,14,random_40_2_3,40,165,165,5883.34791803, ,4.3344,4.9219,5.2134,13.5712,20.8689,52.684,104.6293,117.3697,228.4267,604.7007,977.4059,1749.0873,2000.0474
sptw2sat,False,13,random_40_2_4,40,164,164,4955.590734, ,6.7992,6.7042,8.8348,18.5114,19.9789,37.2429,101.0609,147.9872,315.1049,628.9187,1664.3287,2000.0417
sptw2sat,False,13,random_40_2_5,40,170,170,4786.92066789, ,4.0089,4.6961,9.0842,8.7638,18.5383,47.9618,62.0251,159.6296,242.5013,724.4423,1505.1296,2000.0607
sptw2sat,False,13,random_40_2_6,40,162,162,4380.797786, ,4.3588,4.3849,5.7438,8.8006,37.2106,38.3138,72.3138,156.2875,178.7145,469.8598,1404.7044,2000.039
sptw2sat,False,12,random_40_2_7,40,150,150,4260.96701002, ,4.1512,4.5849,5.6906,12.7081,29.5461,65.4186,155.3706,285.1604,449.7923,1248.4183,2000.0474
sptw2sat,False,14,random_40_2_8,40,158,158,5581.93108201, ,3.8641,4.399,4.7424,13.0595,19.3183,36.9366,73.2142,186.3058,302.9595,444.9876,864.2256,1627.7947,2000.0517
sptw2sat,False,13,random_40_2_9,40,150,150,5295.99987388, ,4.1502,4.2689,5.0284,12.2859,33.6987,35.7617,71.8506,145.9819,232.0756,1115.8401,1634.9323,2000.0464
sptw2sat,False,17,random_40_3_0,40,255,255,6052.05300403, ,4.2518,4.9864,5.519,9.279,11.3316,27.4924,36.3057,46.3924,124.3451,158.87,262.9559,310.5445,565.3523,1096.8531,1387.4199,2000.0518
sptw2sat,False,16,random_40_3_1,40,226,226,5680.7904191, ,4.0223,4.1119,4.825,7.2514,12.6122,16.6363,27.6322,88.8379,120.2218,289.5347,298.456,499.9655,921.2516,1385.2596,2000.0554
sptw2sat,False,15,random_40_3_2,40,219,219,4517.16747999, ,4.0761,4.0752,5.225,6.1026,13.517,17.8857,78.9349,45.5957,82.9159,153.5637,538.9299,662.4761,903.7527,2000.0439
sptw2sat,False,16,random_40_3_3,40,224,224,6705.10132098, ,4.0226,4.396,6.312,8.3389,21.5192,30.5034,56.2707,79.6287,70.7752,213.6901,312.0846,659.2208,1357.242,1880.9553,2000.0485
sptw2sat,False,16,random_40_3_4,40,222,222,7094.03465891, ,4.2141,4.637,4.9796,6.4008,10.534,18.9035,93.1558,117.569,116.5513,241.5388,304.0229,555.8991,1651.9118,1963.5573,2000.0573
sptw2sat,False,15,random_40_3_5,40,224,224,5282.68633318, ,4.1004,4.5719,5.7497,8.2232,15.0735,31.0061,33.8037,85.2197,155.5929,238.0578,466.2356,1063.571,1171.3459,2000.0457
sptw2sat,False,16,random_40_3_6,40,219,219,5979.36081815, ,3.955,4.1819,6.0255,10.0743,17.1888,25.49,57.689,107.6015,110.266,197.3523,342.8386,665.1146,901.4971,1529.9351,2000.0535
sptw2sat,False,17,random_40_3_7,40,246,246,5717.985919, ,3.9988,4.492,5.1953,9.6894,17.6072,27.5172,29.8537,66.4433,79.4618,178.5841,406.4319,266.0494,712.5707,649.5256,1260.4119,2000.0473
sptw2sat,False,17,random_40_3_8,40,240,240,7087.34953499, ,3.9742,4.0637,5.5298,7.5241,12.0098,20.5346,29.1594,37.5433,223.8476,220.6256,181.2572,357.7141,792.4632,1448.2115,1742.7423,2000.0546
sptw2sat,False,18,random_40_3_9,40,264,264,6042.71070194, ,4.04,4.288,5.9729,6.4984,12.4079,13.1962,53.8055,33.6108,95.9954,106.2872,225.8944,280.4717,399.745,847.7243,736.0832,1216.5268,2000.0553
sptw2sat,False,22,random_40_4_0,40,336,336,8217.86220598, ,4.0977,4.7058,5.1664,6.9275,9.4095,13.9075,20.7693,33.099,45.1464,66.4073,117.2754,173.3739,200.6797,415.3374,198.364,310.5082,644.3874,835.7637,1300.8057,1811.359,2000.1458
sptw2sat,False,19,random_40_4_1,40,301,301,5303.05657291, ,3.9525,4.0248,4.7393,6.5824,8.679,12.8018,15.8972,40.7186,68.3145,94.6238,105.2651,133.6089,282.9065,275.473,336.7674,718.8713,1189.6614,2000.0532
sptw2sat,False,19,random_40_4_2,40,302,302,5597.35992789, ,4.3752,4.9601,5.6967,6.3214,8.8556,10.6744,23.6563,42.2265,55.5696,80.4392,146.9075,150.8778,171.6132,378.7792,589.0901,769.6831,1147.4739,2000.0486
sptw2sat,False,18,random_40_4_3,40,300,300,5031.87426901, ,4.0881,4.5807,5.0134,7.4219,16.5287,12.2585,29.4841,48.0352,146.7287,99.0499,237.6144,212.5424,304.157,295.9788,641.8714,966.3562,2000.0561
sptw2sat,False,19,random_40_4_4,40,289,289,7035.14707494, ,4.1624,4.7969,5.4243,6.9127,10.6383,16.3663,17.6394,54.954,60.0934,75.6807,187.4,252.8101,387.183,561.3787,664.7934,1190.1736,1534.5543,2000.0678
sptw2sat,False,20,random_40_4_5,40,308,308,6432.59217215, ,4.2538,4.26,5.21,6.9537,10.0238,12.3152,19.6987,55.1628,62.3741,78.4825,113.0306,150.7105,319.0295,356.1548,352.1215,598.869,1008.3443,1275.4084,2000.0557
sptw2sat,False,20,random_40_4_6,40,311,311,7076.52143288, ,4.3894,4.5026,6.2682,7.4097,12.1773,15.6719,34.1985,59.7704,77.3848,113.4365,143.1116,207.664,187.3955,452.3762,520.6555,903.7966,842.475,1483.6562,2000.0632
sptw2sat,False,20,random_40_4_7,40,314,314,6069.39196301, ,6.3629,6.4611,6.7003,8.8826,11.6563,11.7157,23.4512,35.9747,72.7427,77.5351,71.5291,234.3278,164.4915,191.1698,424.1685,585.5173,829.7855,1306.7746,2000.0378
sptw2sat,False,20,random_40_4_8,40,316,316,5507.60028911, ,6.6282,6.4085,6.9459,7.5527,8.429,12.3903,13.4149,23.8378,48.2945,53.0215,87.8365,91.8454,212.0996,148.3349,253.2937,404.2995,630.2571,1492.5586,2000.0435
sptw2sat,False,21,random_40_4_9,40,321,321,6368.72472501, ,6.3984,6.4174,7.092,8.1188,11.9185,17.802,28.0822,26.3995,54.2162,71.129,90.5337,96.8071,204.4628,212.086,264.0878,341.0381,537.1407,903.314,1481.5287,2000.0381
sptw2sat,False,24,random_40_5_0,40,389,389,7070.06627083, ,7.3813,7.4378,8.0272,8.9669,12.7159,16.9464,16.7682,25.8224,39.4382,67.8194,46.2249,70.7038,108.0751,131.9865,147.3055,190.1734,392.5992,295.2868,367.1277,607.0228,950.3875,1551.6429,2000.0581
sptw2sat,False,26,random_40_5_1,40,401,401,8428.10101318, ,4.0586,4.2829,4.9312,5.2219,6.0549,7.9555,9.8534,16.5729,22.7879,42.036,46.5576,53.2333,85.6439,86.1465,139.0713,134.8309,159.2428,235.892,301.5645,463.5272,662.9201,739.2562,1260.1087,1936.1375,2000.053
sptw2sat,False,26,random_40_5_2,40,399,399,9755.57537007, ,7.4867,7.2523,7.5765,7.7846,11.1888,13.9262,15.4576,28.6339,33.7786,55.0873,81.0443,56.1864,118.7346,109.6253,124.7232,213.3915,284.1142,254.9936,527.3627,536.2058,810.179,1112.769,1404.9024,1932.966,2000.0511
sptw2sat,False,24,random_40_5_3,40,377,377,8105.243922, ,4.139,4.451,5.1994,5.7474,7.0987,13.366,14.172,26.9118,25.1064,52.3999,76.1931,67.4095,134.8789,115.1974,227.8692,200.3174,286.3746,421.1035,757.8406,850.9692,1123.5362,1684.7361,2000.0637
sptw2sat,False,24,random_40_5_4,40,379,379,7664.56833196, ,4.0357,4.5223,5.1617,5.118,6.6857,10.0671,14.138,17.1037,22.6564,39.9983,41.6891,69.9984,103.9423,105.9332,161.819,188.2735,319.0145,425.8078,555.8919,737.8225,1182.1796,1642.5157,2000.0521
sptw2sat,False,26,random_40_5_5,40,421,421,7985.36196303, ,6.7939,6.6936,7.2712,7.5118,9.2144,14.1089,14.5754,17.7879,21.7252,38.0577,42.2519,49.7265,69.3229,109.1925,140.577,119.1358,183.6796,197.9779,234.3921,249.0691,639.1915,886.2612,1121.5363,1799.106,2000.0514
sptw2sat,False,24,random_40_5_6,40,404,404,7118.34131408, ,4.3717,4.5097,4.8509,5.8755,11.9927,12.5779,17.136,39.6279,35.464,34.4394,41.2292,70.7571,69.4337,116.9879,124.3595,159.7797,208.6095,334.5036,483.5952,726.9884,1116.9985,1494.0541,2000.0566
sptw2sat,False,26,random_40_5_7,40,412,412,8934.15381002, ,4.3038,4.1311,4.8697,6.0186,7.5374,9.0965,12.6919,17.8643,26.2521,26.4289,49.3809,43.9839,56.0322,101.9715,91.5585,141.589,172.4952,280.0164,333.756,456.1325,641.0141,1125.7299,1536.2478,1784.8226,2000.0535
sptw2sat,False,25,random_40_5_8,40,393,393,9196.24277902, ,4.1622,4.257,4.7425,5.3204,7.5798,9.308,18.7805,30.569,38.4955,29.4785,44.2462,67.1231,90.9459,128.5083,178.8337,239.7837,331.8586,452.8703,548.4484,769.4572,1086.2053,1344.7842,1760.2702,2000.0539
sptw2sat,False,25,random_40_5_9,40,401,401,8673.78208804, ,4.419,4.0074,4.5032,4.5875,9.0098,10.5134,12.1238,18.4354,42.1906,35.9643,63.9444,115.3075,80.8984,131.8467,158.2389,293.3067,237.931,345.1741,401.9695,689.475,1087.5564,1336.3327,1585.8286,2000.0507
sptw2sat,False,29,random_40_6_0,40,476,476,9024.57525682, ,4.2329,4.7068,4.7806,6.2447,9.2032,9.977,15.2714,14.7478,13.3011,20.4306,22.3714,45.3016,47.6201,74.401,86.2418,97.408,85.163,137.2513,135.2476,146.2113,226.025,347.2316,547.9009,804.2887,912.8834,1350.2598,1855.6356,2000.0546
sptw2sat,False,30,random_40_6_1,40,477,477,9217.19795895, ,3.901,4.1304,4.7133,5.9386,6.6589,9.401,9.7762,14.6192,17.2555,28.5779,25.8554,53.1105,47.1917,68.8225,103.4669,96.3172,88.4353,116.2891,161.6773,163.9327,185.7415,283.1116,492.4414,510.2011,694.0499,1057.3874,1209.2389,1754.717,2000.0451
sptw2sat,False,28,random_40_6_2,40,443,443,7373.78762007, ,6.4503,6.4378,6.5346,7.6616,8.4732,8.4161,16.3733,12.924,18.1147,29.6868,52.0028,33.8823,50.9326,54.3833,85.7208,89.902,88.6016,148.8608,132.5886,181.2794,199.4753,318.5335,558.3276,771.6374,1025.8806,1460.488,2000.0381
sptw2sat,True,30,random_40_6_3,40,489,489,8165.66421509,340.6822,3.9639,4.4995,4.7103,6.2515,5.5613,8.2039,9.7701,12.531,14.5865,27.1528,27.7139,32.088,37.5912,44.3269,85.6079,81.1619,85.393,117.7696,104.4343,113.8509,192.0529,233.5081,289.7054,420.9839,585.1898,709.6031,964.6144,1661.9662,1939.9971
sptw2sat,False,28,random_40_6_4,40,449,449,8982.08429694, ,4.2018,4.212,4.8749,5.2532,7.4095,6.6602,9.2693,16.9188,35.5808,29.8855,31.8232,37.1416,66.0053,70.1861,89.0457,153.2336,148.5705,127.7497,177.9915,169.0493,272.4459,427.614,817.4029,1059.2285,1405.5683,1804.5565,2000.0501
sptw2sat,False,28,random_40_6_5,40,444,444,9320.62387085, ,4.2518,4.5195,4.6195,5.5329,7.7984,8.6419,11.8503,20.9114,18.3876,29.3242,35.3177,64.7881,57.3167,114.358,91.3213,134.5159,148.9083,152.2911,216.7397,198.9407,319.2725,526.0499,758.5384,927.698,1487.7918,1970.7269,2000.048
sptw2sat,False,28,random_40_6_6,40,459,459,7355.82420087, ,3.9819,4.1264,5.0982,5.0086,9.0756,9.7947,10.8507,16.9507,17.6121,34.6437,41.1058,37.6756,51.4112,66.6603,70.6546,86.4035,109.1907,188.4653,168.8547,197.4491,292.0575,369.2761,493.3425,760.5441,1029.687,1275.6741,2000.0444
sptw2sat,False,28,random_40_6_7,40,446,446,8564.1103332, ,3.9996,4.0513,5.123,5.2288,6.9907,15.1573,9.8133,13.6021,18.2985,26.1808,24.3727,45.8998,55.9666,69.3779,72.0575,102.7019,127.6469,154.0446,159.8136,224.7212,318.696,530.0379,711.1028,904.2488,1367.3216,1587.4225,2000.0478
sptw2sat,False,30,random_40_6_8,40,475,475,8829.28957987, ,4.1357,4.3274,5.1247,5.1876,6.9875,7.7611,15.8731,14.5324,27.7035,21.3931,36.4809,83.1428,80.3549,49.0346,84.9875,87.0465,83.8563,89.922,90.0465,142.6576,166.9721,362.8649,345.579,579.6853,738.4999,870.8055,1194.839,1629.2078,2000.1
sptw2sat,False,29,random_40_6_9,40,468,468,7933.19348192, ,4.2754,4.6538,4.9708,6.1543,7.0693,10.715,13.5143,24.0754,18.0294,25.4002,51.6757,71.9738,54.176,68.134,74.4161,127.965,101.5549,96.1207,130.8015,171.0571,262.7054,393.1252,483.638,643.0005,837.9672,971.2278,1274.5164,2000.0806
sptw2sat,True,32,random_40_7_0,40,547,547,3406.58434415,17.4349,4.2826,4.3112,4.7481,5.311,5.8779,6.52,7.6737,8.3537,16.7914,15.1913,17.4566,23.0505,31.6723,30.9327,44.7327,34.349,43.973,59.7082,46.6557,51.6521,81.8685,61.0462,63.0641,75.4948,123.7169,190.1388,284.0083,343.3835,434.2358,579.0985,689.693
sptw2sat,True,32,random_40_7_1,40,534,534,6000.80924511,89.7517,4.4514,4.4328,4.978,5.9233,7.4641,9.3953,10.0222,14.2526,16.3483,31.4493,23.8503,23.1429,56.2406,32.581,54.048,39.8182,93.5289,98.9721,86.3037,122.9665,86.0708,104.0852,102.7525,163.3745,217.0749,270.5134,423.8243,608.642,755.8005,1014.2943,1424.2438
sptw2sat,True,32,random_40_7_2,40,567,567,3052.53061604,29.7065,5.0143,4.1548,5.5066,4.6266,5.2699,5.7927,7.4339,11.3038,9.9975,13.4801,13.3007,19.4267,20.4896,21.9696,32.8438,37.7911,33.4859,69.8809,40.4625,73.9207,94.7967,98.2002,134.5625,121.0834,159.4644,126.2045,207.3131,290.0294,388.3792,462.6902,503.7507
sptw2sat,True,32,random_40_7_3,40,561,561,3728.16300011,18.5577,4.9035,4.206,5.3678,5.1965,5.4258,5.7913,9.6195,8.4415,13.2941,19.9547,19.2712,27.8089,31.9871,33.3851,41.2793,73.9903,54.1078,43.7918,66.5309,73.7631,86.7128,89.5344,130.8403,106.6216,128.0607,239.5047,286.6184,305.8672,370.1746,487.7061,929.6457
sptw2sat,True,32,random_40_7_4,40,568,568,3012.07775497,111.8593,4.1368,4.7821,5.5088,6.6211,6.8434,8.2062,8.5694,7.8875,10.1791,12.6778,20.5286,26.8598,27.6811,32.3925,35.7488,47.1102,60.1427,72.2319,65.8832,65.7008,70.7323,69.7598,74.6282,69.4489,93.6415,136.8317,228.5065,319.286,350.9626,445.4916,511.0298
sptw2sat,True,31,random_40_7_5,40,515,515,6123.69050717,60.3588,4.3092,4.2348,4.8292,5.0175,7.8142,8.1869,9.3325,12.6145,18.9924,17.6858,27.153,28.8763,47.6598,43.8913,57.6659,52.1778,102.3916,72.9,100.2363,77.6263,140.738,129.6368,178.1149,251.3597,369.7903,507.3853,672.3372,867.9459,897.3801,1344.8547
sptw2sat,True,32,random_40_7_6,40,565,565,2950.05052495,9.1939,4.4815,4.4672,4.6164,5.0273,5.2784,7.0894,7.4499,8.1662,14.6924,11.8169,18.6043,26.3557,24.943,24.6311,35.5372,60.7197,51.405,56.7724,55.6841,75.065,68.7358,78.6772,59.9703,62.091,115.9704,146.4477,237.0721,312.2598,338.1722,431.9356,586.5341
sptw2sat,True,32,random_40_7_7,40,557,557,3748.92572498,21.7505,4.0755,4.5217,5.3746,5.2567,6.7217,8.3348,7.5999,7.8673,16.4695,11.9693,20.1646,40.104,37.2365,41.8363,44.0095,39.6112,36.5226,54.3308,64.7115,107.9679,90.0496,89.6943,121.2236,128.2879,206.7592,194.2746,373.7537,325.3539,416.9754,519.4861,696.3989
sptw2sat,True,32,random_40_7_8,40,540,540,3746.58517981,22.1125,4.2136,4.4038,4.781,4.8326,5.2222,9.153,9.0098,10.9325,12.7861,13.4349,14.8082,28.721,27.0537,30.111,45.3144,38.0085,52.0428,50.9532,62.5738,74.6241,50.3891,71.0773,93.627,155.5252,124.7876,285.4526,250.8472,375.5062,479.1121,509.2073,825.8018
sptw2sat,True,33,random_40_7_9,40,553,553,4450.01819706,4.0436,4.0916,4.203,4.5858,5.9637,6.6044,5.8651,9.4086,9.9865,13.4045,14.5653,24.8737,26.8738,26.1885,25.2215,41.1477,41.7699,62.6998,70.7625,53.6816,55.6207,66.251,89.3701,65.7572,91.2483,142.7114,191.4528,238.5388,396.9468,451.6364,579.1595,696.3637,928.7919
sptw2sat,True,34,random_40_8_0,40,631,631,1271.25862718,17.098,4.2655,4.7057,4.906,6.1192,6.4589,6.5605,8.471,8.5817,10.7376,12.0504,14.6802,24.3376,18.5736,27.9388,25.7518,35.2136,35.262,27.4901,38.1595,40.9661,43.0688,42.6131,53.2078,38.2964,44.3392,44.0618,39.9061,44.4859,73.4476,88.4201,104.5839,128.6331,147.6756
sptw2sat,True,34,random_40_8_1,40,622,622,1504.76195002,1.8889,4.0258,4.5273,4.9902,5.5222,6.0762,6.4264,6.9556,9.1759,12.198,12.3357,21.5648,18.1128,26.2804,26.0407,27.0916,29.4324,34.0206,44.145,39.0237,60.0917,47.6926,40.3542,60.3852,53.4009,52.5985,57.1214,57.5697,59.7155,75.7386,118.393,146.7795,155.4499,179.4474
sptw2sat,True,34,random_40_8_2,40,611,611,1692.30357385,2.8252,4.0758,4.4186,4.2088,4.9332,5.6527,9.5746,6.5478,10.9337,14.1148,15.1798,17.8532,18.8953,16.4165,22.3614,24.587,28.9709,42.9106,36.0163,53.6157,51.6655,48.2812,51.3294,44.1771,58.6548,53.3912,53.9596,58.6024,102.7198,126.6606,152.1769,156.2929,184.7199,205.3862
sptw2sat,True,34,random_40_8_3,40,636,636,1098.79051805,1.9021,4.0069,4.2177,4.873,5.3123,7.0331,6.9746,6.7025,8.919,11.2432,10.7813,14.9945,19.4518,19.5806,18.9598,30.9395,28.1389,37.1499,37.2225,33.1879,38.5038,40.1292,50.765,44.8401,50.0172,33.9837,35.8261,48.646,47.2314,47.7571,62.3091,77.3816,102.7626,106.8587
sptw2sat,True,34,random_40_8_4,40,625,625,1354.19717503,6.2189,4.133,4.9739,4.6472,5.041,6.3762,5.6498,7.9477,10.1813,10.6758,12.7623,21.7244,17.1961,22.0845,23.2554,28.3467,26.956,38.0631,36.5176,48.2858,36.9193,39.1354,48.7958,50.2819,48.2769,44.0328,46.2137,48.8125,55.7074,73.6215,81.5153,107.9658,154.6676,177.0264
sptw2sat,True,33,random_40_8_5,40,624,624,1319.18255615,27.1129,4.245,4.5588,4.7927,6.0643,7.596,7.6644,7.2177,9.364,12.0521,9.371,14.8189,16.5597,22.8318,28.6831,27.0233,33.6699,26.8518,43.8121,36.0792,33.7632,32.0102,44.0762,39.8775,55.7287,51.7312,58.3126,49.7302,78.4955,110.1981,128.4247,138.7595,147.5125
sptw2sat,True,33,random_40_8_6,40,633,633,1132.53906512,24.8595,4.1941,4.7448,4.7072,5.3289,5.742,8.105,9.2908,9.8866,12.9312,22.6219,17.1487,11.0854,27.9576,16.915,25.6387,28.7778,21.735,27.3153,30.5296,37.3687,41.0249,51.2196,50.1333,50.554,56.3749,43.9502,41.5636,76.2434,70.5272,70.9364,101.4282,121.4761
sptw2sat,True,33,random_40_8_7,40,626,626,1501.21123695,59.7233,4.2088,4.8659,5.5504,5.6467,5.4656,8.9848,9.1714,7.896,9.6929,16.7329,22.9477,17.4497,20.8912,30.8996,25.2208,32.2967,38.9043,45.6439,49.7646,53.1915,49.5062,43.9843,73.7547,57.6816,47.909,51.3054,77.858,101.5657,98.1197,126.8302,141.6706,155.6625
sptw2sat,True,34,random_40_8_8,40,629,629,954.446347952,6.4832,4.3157,4.504,5.3581,5.1026,5.5842,5.6923,6.2028,7.3692,8.4304,8.4257,11.8076,12.9166,15.0639,13.2497,23.947,23.9255,18.2651,28.2414,27.5716,30.0903,35.4495,40.4157,27.945,31.7173,25.3932,30.8055,35.8304,50.1267,60.8627,69.9972,74.3545,94.3751,104.4656
sptw2sat,True,33,random_40_8_9,40,612,612,1420.16272116,27.4291,4.5527,4.0399,4.8091,5.8914,6.6049,6.7988,11.5643,8.2135,8.6152,16.6181,16.3216,16.4466,26.2883,28.2537,30.4489,23.2833,33.4686,32.4599,36.9165,73.2156,54.9741,40.9297,37.0034,54.2219,53.3812,72.1398,70.9983,73.0504,97.2214,125.8369,143.0213,174.9378
sptw2sat,True,36,random_40_9_0,40,714,714,610.202515125,1.5934,4.6216,4.5963,5.6836,6.864,6.3961,7.081,8.6063,12.208,9.6303,9.4217,16.8763,15.4365,17.0466,17.9958,14.5256,18.0713,17.6522,34.3926,23.5427,25.4675,18.1656,29.5798,22.7966,20.5188,28.1382,28.1521,26.7175,19.1612,18.4712,22.4658,19.2972,19.0656,18.0306,17.9379,23.7704
sptw2sat,True,35,random_40_9_1,40,713,713,562.289520979,2.5179,4.0895,4.8306,5.0395,5.3842,6.8437,5.7175,8.1983,7.2889,7.9702,10.3561,12.2505,14.0634,14.8601,14.9906,19.2949,21.3254,22.7162,22.624,24.9176,26.4812,25.4269,26.1059,31.6435,26.0976,19.4021,23.0748,23.4,22.8622,16.3941,16.3323,16.9674,16.4684,19.0949,17.0671
sptw2sat,True,36,random_40_9_2,40,694,694,616.726166964,1.573,4.2151,4.4709,4.7454,5.4616,5.0225,5.4976,6.7708,6.5403,8.7537,12.2704,13.544,12.0404,18.3942,12.8511,20.6477,17.9961,18.481,21.2923,24.1034,18.4156,27.3162,28.6099,25.2907,21.5001,25.7551,26.7012,24.0937,24.538,21.9045,24.4574,23.9304,22.556,24.6904,24.7462,27.3533
sptw2sat,True,35,random_40_9_3,40,709,709,592.97140193,2.8799,4.059,4.2217,5.5989,5.9324,5.8905,5.8258,6.536,7.7499,7.7845,10.249,9.8592,10.1966,17.2377,15.0074,21.0059,18.4861,26.209,19.6735,38.9374,21.9851,20.0028,21.6095,28.1278,29.0819,22.8615,23.2677,23.9076,21.4373,23.0453,20.2862,18.441,17.861,26.6242,30.8993
sptw2sat,True,36,random_40_9_4,40,711,711,592.483247042,2.1127,4.3793,4.43,4.863,5.9914,6.7629,6.2437,6.7968,7.5621,9.1576,11.0755,14.6521,11.8038,16.9797,19.209,15.3754,19.3528,23.0782,16.5717,25.8806,25.8462,33.9765,27.9737,25.6755,20.4456,27.2292,20.5471,24.6574,19.9942,20.2458,19.6,21.0424,16.1073,19.0385,20.5543,17.0747
sptw2sat,True,35,random_40_9_5,40,694,694,612.745854139,5.7804,4.29,4.1777,5.2127,5.8617,7.1154,6.6703,8.0223,8.7549,10.6791,8.7583,13.291,11.3609,15.4265,19.4165,20.9973,17.8698,20.7264,19.1913,17.3988,23.4428,25.6276,26.2132,24.0692,27.7278,28.904,23.2866,28.4983,24.0523,25.5094,24.2013,19.6879,23.1364,26.3573,30.8323
sptw2sat,True,36,random_40_9_6,40,704,704,643.163959026,1.8992,3.9845,4.0828,4.6471,5.0064,5.5871,6.1045,8.4545,7.5459,7.293,6.5913,6.8213,23.4589,14.1943,9.0237,19.9811,10.2888,31.7477,33.178,23.8662,26.0798,23.9322,34.6702,37.1824,21.6816,26.0829,27.7926,20.248,21.8034,18.3606,23.0164,21.2342,17.9805,20.6681,23.9618,44.5239
sptw2sat,True,36,random_40_9_7,40,705,705,602.245316029,1.6526,4.0413,4.0937,4.4441,5.5665,5.3271,8.0862,6.2913,8.9984,10.265,12.8596,11.7497,13.2584,16.6868,14.9014,17.2625,18.9338,24.6995,28.7344,26.5933,22.5967,27.5457,27.005,30.7413,27.1993,25.0393,22.4679,23.7755,20.7863,20.6173,20.2291,17.5789,16.5724,14.0533,19.7539,21.6501
sptw2sat,True,36,random_40_9_8,40,697,697,572.321161985,1.621,4.5434,4.7152,5.4096,6.0927,6.1514,6.9221,7.4803,8.7228,14.8339,13.4529,15.0801,16.0423,16.1911,12.1957,19.0347,18.0041,19.8547,21.8345,18.0369,27.0204,25.7427,24.7312,23.3637,22.1948,17.8003,22.9889,19.0145,16.3769,18.1909,16.9173,13.8653,14.5641,20.8189,26.0271,26.2617
sptw2sat,True,35,random_40_9_9,40,704,704,564.131975889,3.7502,4.3421,4.2744,4.831,5.2617,6.6124,9.7264,8.9896,10.2533,9.2466,9.9558,12.4744,14.9914,15.4171,14.207,15.4094,17.7157,21.8075,26.7497,25.9064,29.9405,25.4177,19.0746,28.9047,16.4212,17.9451,18.3621,23.292,24.359,19.9472,19.4168,17.5889,17.4416,23.2749,20.6239
sptw2sat,False,8,random_60_1_0,60,166,166,3682.00152206, ,6.338,8.7356,15.4534,165.5589,309.2946,1176.4928,2000.0872
sptw2sat,False,9,random_60_1_1,60,156,156,5956.83933592, ,6.7088,7.5047,35.0553,200.3584,379.131,1431.4914,1896.4576,2000.0789
sptw2sat,False,9,random_60_1_2,60,176,176,4486.08603215, ,6.3413,12.2375,44.2323,153.2331,221.3205,545.5395,1503.0546,2000.0809
sptw2sat,False,8,random_60_1_3,60,162,162,3528.13599086, ,6.0737,11.0671,35.8746,174.3107,295.6869,1005.0006,2000.0802
sptw2sat,False,8,random_60_1_4,60,165,165,3142.81828213, ,6.272,12.7539,28.4521,305.5704,216.6839,572.9439,2000.0968
sptw2sat,False,9,random_60_1_5,60,194,194,4803.73137593, ,8.0457,13.3716,28.5108,149.6966,214.1659,736.5971,1653.2116,2000.0855
sptw2sat,False,8,random_60_1_6,60,149,149,3986.16960096, ,5.5243,9.6699,43.0498,86.9934,579.1257,1261.6792,2000.0887
sptw2sat,False,8,random_60_1_7,60,167,167,3780.35925603, ,5.834,11.3109,50.0534,173.2174,350.5549,1189.2568,2000.0825
sptw2sat,False,8,random_60_1_8,60,172,172,3424.80240798, ,7.9325,11.476,29.2036,156.1431,259.1093,960.8276,2000.0742
sptw2sat,False,8,random_60_1_9,60,179,179,3597.53225493, ,10.5283,13.202,24.3754,47.7141,424.6145,1076.99,2000.0701
sptw2sat,False,12,random_60_2_0,60,367,367,6236.7094841, ,6.9147,9.0268,23.3662,24.8608,82.4194,108.8143,358.2223,631.0807,1224.9115,1766.9574,2000.0676
sptw2sat,False,11,random_60_2_1,60,362,362,5832.01669908, ,6.2396,11.1561,13.7552,43.6053,125.8186,185.6314,291.6808,1306.4158,1847.5623,2000.0909
sptw2sat,False,10,random_60_2_2,60,362,362,3980.84981298, ,7.7671,9.4467,26.4164,38.5328,98.8691,169.901,507.018,1122.7637,2000.0848
sptw2sat,False,11,random_60_2_3,60,367,367,5299.00748706, ,10.5015,11.6285,19.1409,33.4172,96.1129,383.7113,315.5608,900.0444,1528.7442,2000.0871
sptw2sat,False,10,random_60_2_4,60,348,348,4224.92640114, ,6.6196,7.8896,27.828,104.6566,142.231,314.9004,439.1609,1181.4036,2000.16
sptw2sat,False,11,random_60_2_5,60,364,364,5682.77036595, ,5.6913,10.4969,15.8248,47.4596,67.4454,456.77,368.943,891.512,1818.5004,2000.0645
sptw2sat,False,11,random_60_2_6,60,379,379,6580.31036592, ,7.4916,9.8492,26.6946,34.5879,67.3342,286.6688,966.9487,1201.5405,1979.0341,2000.0977
sptw2sat,False,12,random_60_2_7,60,367,367,6786.44344497, ,5.9764,6.7988,14.1953,21.7076,61.2455,231.2295,511.9851,690.4315,1579.2019,1663.5382,2000.0743
sptw2sat,False,10,random_60_2_8,60,364,364,4691.48540497, ,9.7017,15.6216,40.3711,98.0227,122.8602,304.4509,591.2755,1509.0267,2000.1045
sptw2sat,False,11,random_60_2_9,60,373,373,4897.63201094, ,6.9626,9.0356,18.1963,32.5536,92.9314,161.2818,680.2506,738.0522,1158.1896,2000.111
sptw2sat,False,14,random_60_3_0,60,522,522,8184.00972581, ,7.3985,11.1848,14.3259,30.3141,59.7677,62.7842,394.3046,390.0212,710.6263,833.0055,1970.131,1699.9796,2000.0806
sptw2sat,False,13,random_60_3_1,60,494,494,7629.73352289, ,6.0364,7.1301,11.0319,16.9716,77.5623,107.3358,260.7451,635.5162,774.2948,1900.6826,1832.2379,2000.1113
sptw2sat,False,14,random_60_3_2,60,551,551,7344.70519805, ,7.2147,8.5778,12.0376,28.8142,59.3566,139.9904,133.9798,326.6815,826.7828,464.2594,1554.9285,1781.9202,2000.0816
sptw2sat,False,13,random_60_3_3,60,531,531,6249.62497401, ,7.0205,7.8919,9.7758,28.0599,51.9767,117.5563,189.6316,277.1112,1127.3799,1230.173,1202.7888,2000.1325
sptw2sat,False,14,random_60_3_4,60,524,524,8536.14076805, ,8.2798,15.0475,15.6088,19.6601,38.4572,84.6398,111.6728,372.1688,338.4888,1909.379,1790.5645,1831.9962,2000.0874
sptw2sat,False,12,random_60_3_5,60,557,557,4740.25827193, ,6.3844,10.3472,11.2932,29.8602,42.9353,179.2283,159.9062,388.2207,237.2613,1674.655,2000.0813
sptw2sat,False,12,random_60_3_6,60,511,511,5315.5819881, ,7.3965,9.2259,14.3512,19.3356,43.439,52.4775,328.7851,542.5066,1258.5228,1039.371,2000.1019
sptw2sat,False,11,random_60_3_7,60,512,512,3725.14864993, ,18.3704,12.5884,37.749,23.8889,64.0471,149.4426,437.9346,404.1284,576.8248,2000.093
sptw2sat,False,13,random_60_3_8,60,529,529,7070.13888097, ,6.4585,6.8406,12.777,22.4,48.2137,124.0242,298.6576,597.2206,1009.5005,1774.1447,1169.7143,2000.1095
sptw2sat,False,11,random_60_3_9,60,549,549,4253.23274899, ,11.9009,12.5591,19.6063,24.6713,88.6767,64.1905,255.7735,569.1174,1206.5725,2000.1029
sptw2sat,False,16,random_60_4_0,60,730,730,9429.7668941, ,9.6812,9.5303,16.162,34.7214,40.3591,53.1626,84.5933,128.2144,637.5555,829.9266,1393.7263,805.019,1797.7629,1589.1359,2000.1017
sptw2sat,False,14,random_60_4_1,60,693,693,4671.7931881, ,7.1151,7.1695,9.4198,22.2074,42.5648,73.9101,76.6612,276.7869,284.04,315.1806,768.031,788.5315,2000.0889
sptw2sat,False,18,random_60_4_2,60,756,756,10244.8168199, ,6.3802,8.0015,8.6411,17.4193,28.8275,44.3346,60.8401,133.718,421.222,437.3319,389.3168,800.6701,980.6445,1110.619,1931.1815,1865.4707,2000.0878
sptw2sat,False,13,random_60_4_3,60,677,677,3943.52517605, ,9.1744,9.9737,11.3532,19.8085,36.2014,59.754,93.0343,129.2262,183.6616,673.4488,717.6803,2000.1174
sptw2sat,False,14,random_60_4_4,60,684,684,6900.64758301, ,6.49,7.7043,9.994,23.252,24.8443,166.4005,129.8706,294.3171,393.1934,737.2423,1838.319,1268.8236,2000.1003
sptw2sat,False,14,random_60_4_5,60,654,654,6586.3219409, ,6.7796,7.2061,13.9291,22.4969,25.5413,142.0579,142.5379,180.5609,349.319,599.4553,1322.1317,1774.1033,2000.1212
sptw2sat,False,15,random_60_4_6,60,687,687,6902.67806292, ,5.9999,7.2608,8.0036,18.417,45.0414,41.3487,137.4836,207.9052,323.5748,597.3342,757.1187,1581.9579,1171.0768,2000.0808
sptw2sat,False,14,random_60_4_7,60,726,726,5605.03609991, ,6.6411,9.9346,12.958,23.1905,46.7051,51.7516,107.9155,216.3379,147.5181,323.3592,1263.3547,1395.1815,2000.0926
sptw2sat,False,16,random_60_4_8,60,698,698,10219.088608, ,8.1704,14.9133,13.8359,23.5664,50.6688,56.3045,105.7066,399.7357,448.1243,258.4079,1989.0255,1241.9464,1655.0842,1953.3862,2000.1192
sptw2sat,False,15,random_60_4_9,60,695,695,6121.73652697, ,6.9869,9.0513,12.0558,17.9122,37.9552,46.6778,100.9792,227.7061,465.4378,544.1787,668.9373,819.9622,1163.707,2000.0892
sptw2sat,False,21,random_60_5_0,60,909,909,12010.802583, ,7.8413,6.7101,9.2304,17.2173,21.1909,30.6717,75.4041,71.3624,85.6786,216.1618,192.7929,433.7277,536.6823,902.6762,971.203,1409.9714,1332.0612,1831.7643,1858.2013,2000.0985
sptw2sat,False,19,random_60_5_1,60,863,863,9991.26839614, ,7.0587,11.7799,12.8934,15.1399,33.5727,49.6961,62.7507,175.3269,113.1078,202.526,300.738,614.1476,450.6807,1418.5438,1154.5308,1437.812,1930.7292,2000.1035
sptw2sat,False,17,random_60_5_2,60,881,881,6819.23261809, ,6.7171,7.7869,10.1984,14.8469,18.8256,41.3735,42.9593,145.11,134.3136,360.9943,488.2708,496.4006,771.9771,715.248,1564.0073,2000.1034
sptw2sat,False,18,random_60_5_3,60,920,920,8223.2740438, ,6.6112,8.0554,8.2587,11.8871,26.0489,32.4658,47.5913,83.0563,144.4234,198.3641,403.1103,499.0737,827.4679,991.8732,1427.3613,1507.3809,2000.1025
sptw2sat,False,19,random_60_5_4,60,905,905,9911.26028299, ,9.1659,14.5612,10.7976,23.4563,34.8315,39.3725,45.1944,159.4331,320.8916,478.4633,748.7585,494.6173,575.5129,596.8607,1130.1961,1411.3295,1817.5695,2000.1179
sptw2sat,False,18,random_60_5_5,60,929,929,8156.37273884, ,6.7779,8.0884,9.9724,17.4553,29.8911,34.566,41.7645,71.8977,110.9183,197.3095,426.619,852.2559,670.9065,1074.6836,1291.2045,1311.8319,2000.1178
sptw2sat,False,17,random_60_5_6,60,863,863,8417.01168084, ,6.3141,7.7109,10.2132,21.0998,31.7416,62.4371,88.8337,87.9894,192.8623,405.0532,434.416,727.8182,1417.3075,1031.1,1891.9004,2000.113
sptw2sat,False,19,random_60_5_7,60,903,903,9141.01058102, ,8.7398,9.3651,10.5714,17.0856,23.6148,49.5284,61.5997,200.479,200.7286,389.0839,316.7639,451.2518,492.3473,938.7694,1198.8889,1404.4475,1367.5187,2000.1156
sptw2sat,False,16,random_60_5_8,60,883,883,4722.62088513, ,7.5021,8.7064,9.3936,18.4,23.6383,37.0969,45.4437,62.3857,115.7802,408.0432,234.1236,233.045,483.6514,1035.2541,2000.0653
sptw2sat,False,17,random_60_5_9,60,857,857,8397.37001514, ,6.8741,8.3118,11.6084,17.4734,22.4178,49.8239,89.6964,79.6305,211.4947,293.4862,557.3401,917.3786,1201.8105,1040.1298,1889.6835,2000.1106
sptw2sat,False,22,random_60_6_0,60,1066,1066,10526.0313962, ,9.8341,17.0169,10.2134,13.8651,20.1083,24.1432,37.6267,78.2059,120.4964,135.917,274.7614,373.0471,319.3112,393.6805,735.45,582.1224,1069.4513,1638.969,1544.5277,1127.021,2000.1066
sptw2sat,False,20,random_60_6_1,60,1049,1049,9056.82096815, ,6.4312,7.4658,8.8188,16.0582,20.1487,30.5716,50.3148,63.5558,133.2086,203.2818,250.3841,388.0558,528.6875,586.7827,1334.2305,813.5251,1066.3428,1548.7109,2000.128
sptw2sat,False,22,random_60_6_2,60,1102,1102,8489.5929141, ,6.6342,7.4213,10.7839,7.8671,21.5455,22.8599,35.0595,50.2516,95.0113,85.6714,176.754,213.3043,208.7683,432.3517,452.2777,767.817,786.6946,603.6723,1350.1641,1154.4359,2000.1117
sptw2sat,False,25,random_60_6_3,60,1062,1062,16502.3558581, ,6.7689,7.9785,10.5687,17.0085,27.2027,43.9661,45.9489,68.2718,106.2545,209.0492,316.2956,282.2766,386.0862,571.5878,928.8341,603.9092,1237.0633,1439.9915,1816.3309,1774.3372,1406.9939,1686.6456,1508.7279,2000.0974
sptw2sat,False,24,random_60_6_4,60,1072,1072,13266.548806, ,15.4363,11.1915,9.8167,13.6001,21.7196,28.3004,84.8468,66.5587,85.473,169.3197,146.5097,371.2626,247.3913,250.0536,470.2558,748.8349,1177.3641,761.053,1529.8343,1626.8365,1536.3587,1894.2738,2000.0964
sptw2sat,False,23,random_60_6_5,60,1049,1049,13270.2373321, ,6.7423,8.807,9.008,14.8207,14.0829,23.1585,48.0696,113.2701,81.4198,88.7177,208.7861,247.8066,289.1589,390.6627,1136.8663,1057.537,992.3437,1389.7714,1781.5377,1509.1877,1858.2384,2000.1017
sptw2sat,False,21,random_60_6_6,60,1045,1045,9463.05542803, ,6.486,7.8066,8.5468,13.4277,26.9882,21.7791,32.0525,51.673,80.9049,140.1822,227.6345,111.1295,446.9657,568.3037,835.055,980.5554,1042.9755,1439.1812,1421.1948,2000.1039
sptw2sat,False,20,random_60_6_7,60,1092,1092,8397.64292192, ,7.1446,9.3368,8.7845,14.1181,18.1997,34.6911,42.2782,46.5359,122.8233,131.0025,137.9399,429.2699,243.2921,431.6664,879.2311,877.8825,1675.5094,1287.7126,2000.1101
sptw2sat,False,23,random_60_6_8,60,1079,1079,11220.1197801, ,6.7368,9.079,9.0681,15.0304,19.4294,39.3907,25.4624,63.5577,92.1858,197.4072,165.1662,154.2847,325.6708,442.5644,596.7155,663.9347,889.6156,1062.1419,1228.0936,1689.6932,1524.6565,2000.0949
sptw2sat,False,24,random_60_6_9,60,1090,1090,12641.9570751, ,6.5636,8.6736,11.6151,13.4905,25.0005,17.4829,29.0325,117.8832,58.9261,84.6915,162.0506,331.2341,512.9663,411.6691,909.4056,920.8352,855.9039,1074.4911,1227.6324,1378.3409,973.1672,1510.6641,2000.0943
sptw2sat,False,29,random_60_7_0,60,1212,1212,17744.1934481, ,6.3065,8.8371,10.4889,14.2342,18.1664,32.2984,35.6413,56.2267,88.9591,132.9325,104.4476,208.2076,264.5943,339.775,384.2651,856.3906,646.7271,423.7661,1147.9013,1070.3882,1299.6771,1211.726,1379.0108,1295.1306,1348.5084,1873.8438,1485.4775,2000.0998
sptw2sat,False,30,random_60_7_1,60,1234,1234,17632.061945, ,7.3243,10.1031,10.0232,17.2044,20.9875,28.889,33.9408,45.9694,58.8993,74.3777,164.0304,130.4492,212.5881,427.2097,389.9638,292.109,465.6343,560.402,802.5483,1036.421,1370.4376,1157.723,1170.1212,1060.6587,1467.0242,1674.2033,1025.0301,1917.4857,2000.1002
sptw2sat,False,31,random_60_7_2,60,1233,1233,18366.68977, ,7.7085,8.8377,10.1006,11.7296,14.8794,22.0417,28.3025,51.8717,39.3242,72.5292,125.4073,127.6764,94.5398,179.067,309.1809,347.6623,440.4846,473.4951,619.4574,1010.4414,867.4289,956.6167,1016.1988,1972.1177,1223.1316,1981.5188,1359.7652,1265.0616,1729.8327,2000.0858
sptw2sat,False,32,random_60_7_3,60,1235,1235,21279.6017709, ,6.6248,9.9844,14.2509,15.3821,21.755,20.6806,26.9038,40.8669,51.9098,70.3122,74.6925,185.184,226.147,435.2739,294.568,343.6975,684.3317,778.9262,793.0277,935.5855,1094.2577,1120.8126,1157.653,1241.4041,1956.5699,1225.6952,1368.9057,1862.4926,1622.0368,1599.3711,2000.1045
sptw2sat,False,28,random_60_7_4,60,1258,1258,13394.5625398, ,7.7967,7.6005,9.0816,12.2586,17.6788,14.9395,29.796,43.2418,60.1983,42.1781,131.4298,283.4636,134.8921,221.5342,368.4544,492.3591,537.031,401.6505,756.0198,702.1171,949.7064,982.8115,986.2055,1062.2353,1713.9934,1425.5996,2000.1101
sptw2sat,False,32,random_60_7_6,60,1244,1244,20925.1428969, ,6.9045,8.532,9.6768,11.902,16.8074,35.3718,31.0266,49.1946,84.0514,87.8454,107.4717,133.6276,182.4618,310.8715,582.6587,489.0604,610.0815,1040.0818,817.6993,937.5912,852.4314,905.7157,1377.8824,1140.2763,1228.284,1422.6063,1492.3321,1373.7424,1724.9183,1853.757,2000.0823
sptw2sat,False,31,random_60_7_7,60,1246,1246,17516.7170191, ,6.713,8.0417,10.3513,12.4595,19.9099,22.3278,42.1562,42.8376,124.0037,157.305,121.6794,209.749,174.189,163.8508,392.1803,458.5843,362.7966,721.6472,780.4562,694.5529,1374.1349,1223.5123,929.426,997.7532,1153.3266,1109.4423,1040.1338,1399.1813,1763.7373,2000.0881
sptw2sat,False,31,random_60_7_8,60,1244,1244,19264.5789921, ,16.016,11.8771,21.2034,21.7044,25.4786,38.1102,31.9282,53.9073,100.6636,90.7991,129.6724,150.7166,216.2034,289.2703,242.6823,314.3746,665.8571,905.0111,892.0038,806.9172,1102.1537,1395.4371,1086.9223,1146.4148,1229.4729,1692.5572,1193.7354,1788.5062,1604.6557,2000.1023
sptw2sat,False,29,random_60_7_9,60,1244,1244,15803.6126921, ,6.8704,10.5636,9.1391,11.4071,13.9925,27.1824,29.9938,42.7411,40.8365,73.7704,74.395,232.0734,141.5533,253.6626,371.859,436.5547,557.5223,441.1875,826.8645,860.0685,1017.7331,1442.6459,1266.148,1355.3294,1495.6277,1444.4996,1319.1298,2000.0931
sptw2sat,True,55,random_60_9_0,60,1601,1601,18050.2083271,13.5651,6.5492,7.598,8.7406,12.4049,14.4572,17.7403,22.8962,21.152,41.0127,44.3884,57.9065,83.6802,80.3281,73.7966,139.7567,123.5003,166.0081,189.2214,202.2259,202.6237,305.3202,286.0769,413.2315,265.9249,340.6891,509.3881,522.1167,576.1055,653.4793,487.5915,556.9142,458.5452,573.6366,774.8782,716.5599,879.5928,818.3233,794.541,645.2269,714.8933,692.7969,734.3211,849.8519,737.1817,781.3483,101.6551,143.0152,126.0448,128.0424,131.0245,177.3259,193.9926,204.519,226.1618
sptw2sat,True,55,random_60_9_1,60,1606,1606,19018.5865271,12.0564,7.051,7.9642,9.3161,11.8383,10.6925,12.9931,21.0587,30.9255,29.0328,43.8693,63.7543,80.0771,108.2548,103.4875,131.3635,193.0581,214.952,198.8569,152.0596,197.3273,257.2936,280.3662,398.4392,614.5035,468.8408,352.0446,480.6297,382.0816,582.8255,675.2873,545.9568,585.6367,930.3751,672.8383,649.5821,812.0492,881.7916,934.6897,575.0877,638.4663,987.4036,975.8517,735.3197,831.0506,774.3408,125.2334,130.9829,103.7803,108.6799,117.3486,154.3861,176.8062,209.4389,228.8526
sptw2sat,True,55,random_60_9_2,60,1620,1620,16380.5113101,27.9728,6.5041,8.4819,7.6691,13.4456,16.8716,18.8519,30.0523,50.3289,36.0759,44.9614,77.8646,59.7333,67.7841,102.7116,122.8247,135.1329,138.5666,201.4825,219.6386,223.9292,287.9756,255.3473,347.8555,392.7242,374.5844,436.5155,423.2068,367.5219,408.4523,516.015,527.1267,662.5904,555.1109,539.3034,612.4324,698.3243,595.3415,662.7965,748.8496,777.0674,620.3023,801.2003,645.2894,649.8205,694.8269,122.0239,121.1409,100.4565,94.1095,102.0996,128.4062,157.0098,162.4237,181.0095
sptw2sat,True,55,random_60_9_3,60,1598,1598,20178.7388589,12.7115,9.597,8.8097,11.6251,14.4719,18.3506,19.8467,26.7692,39.7489,42.2506,60.6842,50.3417,65.8013,73.3582,99.2761,145.9113,183.5834,168.2687,281.4662,284.8694,270.078,341.4942,346.7586,387.7578,462.6336,356.4737,535.9111,438.5836,647.2002,525.3138,681.4402,713.0594,742.1271,822.4354,821.2632,828.4446,863.9,709.3962,695.9391,739.9349,754.899,820.053,815.6721,755.5556,752.0149,839.5534,143.2855,132.5137,145.6317,141.7419,172.729,239.7943,301.8899,305.9793,309.1797
sptw2sat,True,54,random_60_9_4,60,1588,1588,18687.4916611,21.0547,8.0317,8.9422,10.5516,17.494,22.4728,13.9184,25.6217,25.281,41.816,56.8558,50.0263,54.7063,101.3067,102.4534,90.2193,131.6067,166.3272,148.3585,219.7897,193.7384,283.0217,288.1201,259.0903,386.8201,340.4123,377.0321,498.4589,577.1307,458.8592,556.1531,633.2631,667.7425,707.5444,654.4906,615.7613,767.3617,647.8707,805.81,751.7872,739.7208,867.1583,776.2527,810.4493,826.7774,809.3277,166.9018,212.7895,171.2392,187.0538,288.0851,296.8915,347.3655,399.7384
sptw2sat,True,55,random_60_9_5,60,1599,1599,18335.131876,5.7192,7.4846,11.9952,10.1163,15.1883,18.8555,18.8514,28.0163,39.3521,33.676,56.0059,59.6089,88.7102,94.0106,96.8314,116.2326,122.9075,141.8839,180.0029,282.5891,255.4122,274.3042,297.8929,385.8837,338.1179,528.3058,382.8051,611.2184,467.846,531.9811,543.594,579.6261,658.8167,687.0728,767.5598,613.7173,869.4489,648.9754,645.4201,863.8389,740.3134,740.245,694.9923,824.7705,813.8837,682.3238,114.5349,110.3833,95.5435,94.8149,144.5077,197.6337,206.9762,246.5454,247.4215
sptw2sat,True,55,random_60_9_6,60,1601,1601,19253.1122658,9.2777,8.1414,8.4307,9.5076,13.366,12.9278,19.2921,21.6956,36.8155,49.317,61.5905,59.3112,59.012,110.7776,114.0894,101.6433,146.4052,180.3137,241.9631,255.5956,322.5514,369.8605,347.2798,458.5488,672.6516,367.292,473.1649,397.3999,532.9836,525.1561,525.6707,660.0263,538.722,552.3547,630.615,753.9047,715.5049,829.8118,789.893,714.0576,777.2991,756.492,841.843,890.2092,740.8341,825.7907,141.4526,141.2972,136.741,158.4363,180.2656,237.0496,223.4449,248.9434,255.7346
sptw2sat,True,55,random_60_9_8,60,1612,1612,18712.3952579,28.8435,6.9369,10.4633,8.63,13.434,17.4521,23.0107,22.2974,47.2967,41.3628,48.4426,41.5976,76.027,90.6215,124.9491,120.7026,164.8345,208.9593,187.4362,218.6691,260.9459,373.2266,351.0574,245.2479,366.5395,375.6754,459.2698,468.1638,451.982,569.9952,603.0243,520.2917,842.0576,663.9037,701.0754,699.7787,659.5126,772.4272,927.6937,757.0501,679.6335,782.3284,890.0722,800.7858,821.1216,744.6893,143.7836,139.237,154.3439,153.8623,132.0708,145.2516,167.5306,167.1294,219.3139
sptw2sat,True,55,random_60_9_9,60,1593,1593,18041.2215641,14.2811,7.1241,8.0225,10.618,12.5004,24.6555,22.2122,31.1667,39.6446,52.9702,47.21,73.2659,99.0456,83.8774,100.7125,107.7039,146.9478,176.1999,163.9106,186.7115,229.5937,291.9294,302.3303,296.3302,450.5449,364.0528,416.6819,461.9269,493.941,494.4521,452.987,540.5119,597.5513,576.5118,636.1958,709.7226,741.2125,661.068,857.0583,645.9651,644.3461,716.245,852.1677,868.4654,771.6197,805.2697,86.9771,103.3428,133.5201,132.2213,198.3633,216.6006,291.7352,289.5352,301.0978
