sptw2sattwin,True,2,random_20_1_0,20,23,23,0.293745994568,0.1004,0.1805
sptw2sattwin,True,2,random_20_1_1,20,15,15,0.257614135742,0.0752,0.1621
sptw2sattwin,True,3,random_20_1_2,20,19,19,0.218836069107,0.0424,0.1039,0.0543
sptw2sattwin,True,2,random_20_1_3,20,19,19,0.25628900528,0.0745,0.1684
sptw2sattwin,True,4,random_20_1_4,20,25,25,1.66230821609,0.2136,0.2741,0.1609,0.9736
sptw2sattwin,True,2,random_20_1_5,20,14,14,0.241599082947,0.0838,0.1453
sptw2sattwin,True,3,random_20_1_6,20,22,22,0.368854999542,0.1284,0.1153,0.1151
sptw2sattwin,True,2,random_20_1_7,20,17,17,0.148463964462,0.0445,0.0923
sptw2sattwin,True,1,random_20_1_8,20,14,14,0.107522964478,0.101
sptw2sattwin,True,2,random_20_1_9,20,14,14,0.221913099289,0.1038,0.1052
sptw2sattwin,True,5,random_20_2_0,20,38,38,2.88775587082,0.4895,0.2314,0.3262,0.5562,1.2626
sptw2sattwin,True,5,random_20_2_1,20,40,40,4.40227198601,1.0501,0.369,0.3979,0.4082,2.1481
sptw2sattwin,True,3,random_20_2_2,20,28,28,0.435954093933,0.2227,0.0826,0.1166
sptw2sattwin,True,6,random_20_2_3,20,44,44,5.17800807953,0.4158,0.3761,0.3133,0.3583,0.9862,2.6994
sptw2sattwin,True,6,random_20_2_4,20,39,39,6.85319590569,1.137,0.2958,0.3591,0.5232,0.9259,3.5812
sptw2sattwin,True,5,random_20_2_5,20,38,38,2.87167692184,0.5997,0.3545,0.3211,0.562,1.0066
sptw2sattwin,True,5,random_20_2_6,20,36,36,1.45761990547,0.4146,0.1546,0.1947,0.2612,0.415
sptw2sattwin,True,6,random_20_2_7,20,38,38,5.85440397263,0.237,0.3501,0.3158,0.2577,1.4147,3.253
sptw2sattwin,True,6,random_20_2_8,20,42,42,6.00650215149,1.4267,0.2554,0.2624,0.4414,0.7929,2.7948
sptw2sattwin,True,5,random_20_2_9,20,35,35,1.18169307709,0.1538,0.2273,0.1425,0.3207,0.3104
sptw2sattwin,True,9,random_20_3_0,20,68,68,14.6061758995,0.421,0.3194,0.237,0.3537,0.4546,1.2015,1.6368,2.5539,7.3832
sptw2sattwin,True,7,random_20_3_1,20,59,59,5.56617689133,1.165,0.3275,0.2711,0.3827,0.5396,0.6894,2.157
sptw2sattwin,True,7,random_20_3_2,20,51,51,7.60891699791,0.4414,0.343,0.3274,0.396,0.8649,1.5475,3.6514
sptw2sattwin,True,8,random_20_3_3,20,56,56,10.2103600502,0.46,0.2469,0.4447,0.4064,0.5979,0.7081,2.8008,4.5056
sptw2sattwin,True,7,random_20_3_4,20,48,48,10.526389122,0.5349,0.4364,0.3006,0.6189,0.984,2.6197,4.9996
sptw2sattwin,True,8,random_20_3_5,20,48,48,16.4733998775,0.2928,0.3044,0.2097,0.451,0.6121,1.208,4.0365,9.3185
sptw2sattwin,True,8,random_20_3_6,20,54,54,16.0285918713,1.8413,0.2205,0.27,0.3632,0.641,1.0387,2.3319,9.2921
sptw2sattwin,True,8,random_20_3_7,20,60,60,12.9999859333,2.8861,0.2604,0.2933,0.3598,0.4787,1.8261,1.9607,4.9009
sptw2sattwin,True,6,random_20_3_8,20,45,45,4.35973787308,0.4214,0.2353,0.3732,0.3876,0.7278,2.1896
sptw2sattwin,True,9,random_20_3_9,20,61,61,18.0780699253,0.4366,0.2449,0.3851,0.3589,0.4922,0.5365,1.5879,3.7438,10.2539
sptw2sattwin,True,11,random_20_4_0,20,92,92,12.4810459614,0.367,0.3491,0.2349,0.2526,0.4858,0.3834,0.6823,0.9948,1.2659,2.7739,4.6428
sptw2sattwin,True,10,random_20_4_1,20,82,82,15.7214021683,1.2842,0.2768,0.3157,0.4397,0.5987,0.8228,0.9881,2.2449,2.6344,6.0485
sptw2sattwin,True,10,random_20_4_2,20,74,74,21.7908229828,1.054,0.2583,0.2327,0.3269,0.4803,0.6761,1.2216,1.9438,5.8564,9.6894
sptw2sattwin,True,11,random_20_4_3,20,82,82,17.7193279266,0.2799,0.2662,0.3377,0.3024,0.4461,0.5884,0.8953,1.623,2.0599,3.9707,6.9062
sptw2sattwin,True,10,random_20_4_4,20,71,71,17.5792489052,0.2952,0.3266,0.281,0.3359,0.4994,0.7681,1.3132,1.7683,3.7984,8.1482
sptw2sattwin,True,9,random_20_4_5,20,71,71,16.2579028606,3.451,0.2978,0.3615,0.4975,0.6185,0.9829,1.4001,2.2397,6.3637
sptw2sattwin,True,11,random_20_4_6,20,78,78,37.7611370087,0.2217,0.3212,0.2743,0.3313,0.6288,0.9987,1.1274,2.4379,7.3767,7.7881,16.2017
sptw2sattwin,True,11,random_20_4_7,20,76,76,26.315611124,0.2809,0.3941,0.2425,0.289,0.4099,0.7179,1.337,1.5556,3.205,5.2007,12.6274
sptw2sattwin,True,11,random_20_4_8,20,82,82,20.6243488789,0.4426,0.2889,0.3308,0.428,0.4468,0.6059,1.0249,1.3445,2.4373,3.9275,9.2953
sptw2sattwin,True,9,random_20_4_9,20,82,82,7.17024517059,0.9993,0.2584,0.2425,0.3068,0.4607,0.5035,0.5685,1.2345,2.5612
sptw2sattwin,True,12,random_20_5_0,20,97,97,22.084031105,0.2673,0.4278,0.2558,0.3544,0.3298,0.4878,0.9039,1.1204,1.556,2.3734,5.8274,8.1255
sptw2sattwin,True,12,random_20_5_1,20,91,91,33.7992172241,0.3799,0.2328,0.3549,0.3422,0.4323,0.7676,1.2073,1.3184,2.2624,5.393,7.9363,13.1028
sptw2sattwin,True,12,random_20_5_2,20,93,93,28.263518095,0.3272,0.3126,0.3412,0.4281,0.3962,0.6134,1.1858,1.3067,1.9031,3.2772,6.6356,11.482
sptw2sattwin,True,12,random_20_5_3,20,103,103,16.2968811989,0.2837,0.3969,0.2847,0.398,0.6779,0.6237,0.6828,1.2719,1.0899,1.862,3.4299,5.24
sptw2sattwin,True,11,random_20_5_4,20,94,94,12.6985061169,1.2502,0.357,0.2971,0.3352,0.4381,0.5439,0.9827,1.5194,1.1258,1.9592,3.8363
sptw2sattwin,True,10,random_20_5_5,20,80,80,17.0876631737,1.8908,0.3731,0.3053,0.3253,0.4883,0.6386,1.0973,2.2902,3.5213,6.0963
sptw2sattwin,True,12,random_20_5_6,20,99,99,17.9847230911,2.1121,0.3461,0.3404,0.302,0.58,0.4576,0.7028,0.9746,1.2639,1.4754,2.7287,6.6431
sptw2sattwin,True,11,random_20_5_7,20,103,103,10.4245669842,0.4537,0.2538,0.266,0.3854,0.3534,0.4122,0.5413,0.9528,1.206,2.2874,3.2585
sptw2sattwin,True,11,random_20_5_8,20,89,89,18.8875930309,0.9661,0.2697,0.3005,0.3391,0.4575,0.5056,0.8607,1.2354,2.0563,3.7926,8.0488
sptw2sattwin,True,12,random_20_5_9,20,97,97,23.1075730324,0.5671,0.3201,0.2775,0.2697,0.2955,0.4214,0.8282,0.9956,1.3481,2.6945,4.5475,10.4639
sptw2sattwin,True,13,random_20_6_0,20,114,114,15.150949955,0.346,0.3609,0.2729,0.2953,0.3932,0.5323,0.6424,0.7203,1.0743,1.4533,1.9313,2.7335,4.3362
sptw2sattwin,True,12,random_20_6_1,20,107,107,13.8157701492,1.158,0.3155,0.2813,0.4094,0.3659,0.676,0.7494,0.6717,1.1909,1.4986,2.1805,4.2476
sptw2sattwin,True,13,random_20_6_2,20,105,105,26.1909611225,0.2822,0.2792,0.2547,0.3258,0.3665,0.5536,0.6111,0.8612,1.2901,2.2381,4.3112,6.0255,8.7279
sptw2sattwin,True,14,random_20_6_3,20,124,124,15.8198850155,0.264,0.3119,0.2669,0.3075,0.4066,0.4628,0.4836,0.8202,0.8573,0.8849,1.2843,1.8389,3.2621,4.301
sptw2sattwin,True,12,random_20_6_4,20,104,104,16.2932760715,1.8346,0.3007,0.3531,0.2816,0.4399,0.4859,0.6141,1.0795,1.6139,1.7951,2.5624,4.8645
sptw2sattwin,True,13,random_20_6_5,20,115,115,16.1035659313,0.2498,0.3124,0.2885,0.3466,0.4501,0.4776,0.6118,0.9775,1.2677,1.2679,1.7167,2.9694,5.1077
sptw2sattwin,True,13,random_20_6_6,20,112,112,17.4709060192,0.27,0.2633,0.2445,0.3087,0.352,0.3924,0.5183,0.6858,1.0298,1.0339,2.2625,4.5724,5.455
sptw2sattwin,True,13,random_20_6_7,20,124,124,12.4146668911,0.6497,0.3019,0.3085,0.2832,0.3602,0.4505,0.633,0.6802,1.1825,1.103,1.3829,2.0843,2.9232
sptw2sattwin,True,13,random_20_6_8,20,119,119,14.5614562035,0.7694,0.3263,0.3436,0.3571,0.3565,0.4238,0.5057,0.672,1.0067,1.4312,2.2621,2.2714,3.7367
sptw2sattwin,True,13,random_20_6_9,20,110,110,23.3839468956,0.2911,0.3084,0.3134,0.459,0.565,0.6672,0.7904,0.8051,1.4884,2.1056,2.8171,4.9793,7.7279
sptw2sattwin,True,14,random_20_7_0,20,145,145,9.45424699783,0.2613,0.2846,0.3075,0.3398,0.3481,0.3941,0.4483,0.5877,0.6253,0.9218,1.1508,0.9678,1.2209,1.5253
sptw2sattwin,True,14,random_20_7_1,20,137,137,12.4218950272,0.234,0.326,0.3622,0.3486,0.4008,0.4915,0.499,0.5757,1.1282,0.9162,1.3008,1.4552,1.7248,2.5808
sptw2sattwin,True,14,random_20_7_2,20,127,127,15.826789856,0.2775,0.3391,0.3381,0.3391,0.4103,0.5342,0.7355,1.0216,1.1592,1.0478,1.3753,1.7824,2.8519,3.5292
sptw2sattwin,True,14,random_20_7_3,20,127,127,15.2877509594,0.3464,0.3474,0.3477,0.3925,0.4058,0.4953,0.6592,0.8155,1.0384,1.2319,1.176,1.6987,2.7042,3.5618
sptw2sattwin,True,16,random_20_7_4,20,152,152,11.6174650192,0.1921,0.323,0.3025,0.3186,0.3918,0.5628,0.5435,0.6657,0.6991,0.7259,0.9336,1.0007,1.2295,0.9475,1.2261,1.478
sptw2sattwin,True,14,random_20_7_5,20,132,132,12.5171849728,0.3024,0.3187,0.3278,0.3602,0.5002,0.4705,0.44,0.5907,0.9034,0.9476,1.0226,2.1672,1.5607,2.5225
sptw2sattwin,True,14,random_20_7_6,20,129,129,13.6548039913,0.4589,0.2878,0.2913,0.3502,0.5476,0.4789,0.6653,0.774,0.9852,1.0474,1.0177,1.4819,2.2065,2.9843
sptw2sattwin,True,14,random_20_7_7,20,130,130,14.3422720432,0.2224,0.2913,0.3148,0.4003,0.4043,0.655,0.5902,0.7407,0.8946,0.9289,1.3963,1.8725,2.7635,2.8072
sptw2sattwin,True,15,random_20_7_8,20,143,143,13.0329060555,0.2314,0.3801,0.3227,0.3341,0.42,0.4412,0.5595,0.7516,0.7092,0.9827,0.9481,1.9962,1.3302,1.8048,1.7441
sptw2sattwin,True,15,random_20_7_9,20,139,139,12.1484379768,0.259,0.2998,0.2914,0.3309,0.3597,0.4949,0.5124,0.5949,0.8592,0.9383,0.7759,1.0607,1.1019,1.8603,2.3329
sptw2sattwin,True,15,random_20_8_0,20,154,154,10.6545770168,0.2621,0.3499,0.2996,0.4046,0.4168,0.484,0.5187,1.0156,0.9263,0.8077,0.9957,0.9541,1.0212,0.9228,1.194
sptw2sattwin,True,16,random_20_8_1,20,155,155,10.8588950634,0.2186,0.343,0.3195,0.3521,0.3888,0.5276,0.6147,0.6344,0.758,0.6826,0.7742,0.9233,0.8716,0.9238,1.0349,1.4121
sptw2sattwin,True,15,random_20_8_2,20,147,147,11.1341660023,0.2457,0.29,0.3104,0.3564,0.3989,0.5033,0.654,0.8209,0.6113,0.8994,1.0552,1.1001,1.0197,1.1874,1.608
sptw2sattwin,True,15,random_20_8_3,20,152,152,9.05712103844,0.3074,0.3436,0.3395,0.3139,0.3697,0.43,0.5229,0.5491,0.5276,0.8213,0.7162,0.8532,0.8524,0.9349,1.1131
sptw2sattwin,True,15,random_20_8_4,20,150,150,9.82300710678,0.2187,0.2942,0.3082,0.3487,0.4311,0.5036,0.5308,0.8257,0.5224,0.8756,0.7886,0.9584,1.0171,0.9452,1.1837
sptw2sattwin,True,15,random_20_8_5,20,147,147,9.99326682091,0.2673,0.3145,0.3104,0.2904,0.3787,0.5083,0.4378,0.5644,0.5424,0.6551,0.802,1.1095,1.1006,1.1408,1.4991
sptw2sattwin,True,15,random_20_8_6,20,151,151,10.3533399105,0.5776,0.3183,0.3108,0.3507,0.3421,0.4407,0.5075,0.6082,0.7011,0.9106,0.8046,0.8793,1.0486,1.0312,1.4473
sptw2sattwin,True,15,random_20_8_7,20,155,155,9.05546092987,0.2534,0.2915,0.2915,0.3272,0.3519,0.6172,0.6106,0.5538,0.6621,0.7423,0.782,0.7421,0.8787,0.7677,1.1125
sptw2sattwin,True,16,random_20_8_8,20,161,161,9.17854905128,0.1913,0.3324,0.3046,0.3449,0.3781,0.4583,0.44,0.5147,0.6604,0.6911,0.7704,0.6891,0.876,0.7707,0.7333,0.9361
sptw2sattwin,True,15,random_20_8_9,20,156,156,9.25344705582,0.2612,0.2992,0.3188,0.3486,0.3876,0.3607,0.6631,0.5793,0.791,0.807,0.7905,0.6429,0.733,0.9816,1.1954
sptw2sattwin,True,16,random_20_9_0,20,172,172,8.27522993088,0.2356,0.2961,0.2928,0.3295,0.3882,0.4065,0.4574,0.5434,0.5874,0.607,0.6394,0.9542,0.7064,0.5464,0.6538,0.557
sptw2sattwin,True,16,random_20_9_1,20,169,169,8.6559150219,0.2934,0.3118,0.3553,0.3716,0.3358,0.4335,0.4158,0.6412,0.5764,0.7402,0.5954,0.7476,0.7239,0.6665,0.7,0.657
sptw2sattwin,True,17,random_20_9_2,20,178,178,8.26341891289,0.1833,0.3326,0.3099,0.3908,0.3803,0.4115,0.4865,0.5187,0.5643,0.5359,0.7797,0.6098,0.6246,0.6086,0.5264,0.4742,0.4196
sptw2sattwin,True,17,random_20_9_3,20,170,170,9.15741610527,0.1803,0.3399,0.3252,0.3279,0.3939,0.4124,0.5019,0.6693,0.695,0.6526,0.7319,0.7258,0.6236,0.6224,0.6227,0.6256,0.6019
sptw2sattwin,True,17,random_20_9_4,20,182,182,7.7555410862,0.1901,0.3196,0.298,0.345,0.3412,0.3616,0.4422,0.4862,0.5539,0.4598,0.5547,0.6392,0.6233,0.5517,0.6241,0.4595,0.4291
sptw2sattwin,True,16,random_20_9_5,20,171,171,8.32867789268,0.2564,0.3113,0.2848,0.3056,0.3148,0.441,0.5173,0.6391,0.5932,0.7094,0.7126,0.6991,0.8368,0.6006,0.5424,0.4938
sptw2sattwin,True,16,random_20_9_6,20,169,169,8.86726498604,0.1966,0.3,0.2986,0.3396,0.3774,0.4873,0.4648,0.5914,0.5974,0.5988,0.6936,0.8618,0.7318,0.7835,0.715,0.7478
sptw2sattwin,True,16,random_20_9_7,20,177,177,8.143253088,0.2443,0.3239,0.3442,0.3551,0.384,0.4481,0.4901,0.5504,0.6408,0.5586,0.5435,0.8121,0.5727,0.7682,0.5788,0.4487
sptw2sattwin,True,17,random_20_9_8,20,172,172,8.75448703766,0.1767,0.2841,0.2752,0.3169,0.412,0.4559,0.4615,0.6181,0.6152,0.7041,0.6393,0.6835,0.6656,0.6394,0.6587,0.551,0.5127
sptw2sattwin,True,16,random_20_9_9,20,167,167,8.65545701981,0.2525,0.3366,0.2942,0.3278,0.4279,0.4631,0.4234,0.6061,0.729,0.6291,0.6361,0.7933,0.6608,0.763,0.5901,0.6441
sptw2sattwin,False,9,random_40_1_0,40,86,86,3599.2891829, ,3.8573,4.7415,13.8326,37.9957,94.5984,334.5613,1109.5913,2000.0472
sptw2sattwin,True,8,random_40_1_1,40,75,75,1328.92372394,99.0183,3.1653,4.0423,6.5932,15.6019,77.9481,241.3121,881.1871
sptw2sattwin,False,10,random_40_1_2,40,86,86,4917.3477149, ,3.2068,3.5179,7.7829,20.1397,74.1889,291.6728,663.2535,1853.4861,2000.0413
sptw2sattwin,False,8,random_40_1_3,40,79,79,2566.14628601, ,3.1874,3.6239,6.3279,26.377,122.2679,404.2611,2000.0425
sptw2sattwin,False,9,random_40_1_4,40,82,82,3110.58398104, ,3.1062,4.432,7.5941,23.6917,80.2898,258.1778,733.1914,2000.0424
sptw2sattwin,False,8,random_40_1_5,40,69,69,2876.59811497, ,3.7479,4.3165,11.947,33.0308,140.8377,682.6343,2000.0433
sptw2sattwin,False,8,random_40_1_6,40,65,65,3336.41180396, ,2.3893,3.2378,7.7108,55.8893,291.3981,975.6929,2000.0487
sptw2sattwin,False,9,random_40_1_7,40,74,74,3223.68936896, ,1.9578,3.2503,4.125,26.3525,55.8823,323.368,808.6732,2000.0333
sptw2sattwin,True,5,random_40_1_8,40,54,54,95.5865499973,6.5512,0.9617,1.1425,4.33,82.5732
sptw2sattwin,True,9,random_40_1_9,40,80,80,2017.56305695,409.1393,2.7457,3.1282,6.8142,21.8345,69.7812,114.5888,377.9669,1011.5101
sptw2sattwin,False,13,random_40_2_0,40,163,163,5194.46007085, ,3.3832,3.8553,4.8074,11.4895,19.3833,56.7913,70.7933,155.8757,311.3464,909.9089,1646.7076,2000.0454
sptw2sattwin,False,15,random_40_2_1,40,177,177,6979.5912931, ,3.9003,4.0455,5.8243,10.2612,18.0043,23.566,53.5144,82.0379,162.4208,281.9277,712.532,1780.7141,1840.6834,2000.0557
sptw2sattwin,False,13,random_40_2_2,40,163,163,4768.72531199, ,4.4922,4.3898,6.6232,14.8467,21.2197,37.2607,67.7855,133.9585,330.0893,944.4976,1203.4378,2000.0457
sptw2sattwin,False,13,random_40_2_3,40,165,165,3973.30879116, ,4.3663,4.7743,6.2544,13.5005,20.4101,63.8608,105.9444,111.0502,224.8804,563.3322,854.7722,2000.046
sptw2sattwin,False,13,random_40_2_4,40,164,164,4761.17427897, ,5.0117,4.2342,5.9802,25.9905,28.2693,53.0408,110.4773,134.2018,248.3462,469.6441,1675.8302,2000.0518
sptw2sattwin,False,13,random_40_2_5,40,170,170,4716.34751201, ,4.445,4.7172,8.3147,8.7789,19.7739,50.4701,75.3761,131.1931,213.4461,705.0844,1494.6156,2000.046
sptw2sattwin,False,13,random_40_2_6,40,162,162,4937.43817091, ,4.0911,4.3612,6.2323,10.6122,47.2232,53.8851,101.9528,187.0875,233.0224,596.8423,1691.987,2000.054
sptw2sattwin,False,12,random_40_2_7,40,150,150,4261.97432709, ,3.8838,4.3952,6.1007,11.0589,27.39,59.2664,143.5314,281.9682,396.0996,1328.1674,2000.0444
sptw2sattwin,False,14,random_40_2_8,40,158,158,5734.09867501, ,4.2502,4.8535,5.411,16.2705,20.1416,47.7998,89.0496,183.8857,279.3614,471.2091,920.4698,1691.2261,2000.0529
sptw2sattwin,False,13,random_40_2_9,40,150,150,4972.7233839, ,4.0441,4.5192,5.5115,13.9296,36.4665,36.1501,71.0334,155.1625,212.5649,984.2423,1448.9598,2000.0579
sptw2sattwin,False,17,random_40_3_0,40,255,255,6114.75299191, ,4.0297,4.5935,4.8799,8.3484,10.0964,29.0851,40.2039,48.3474,123.011,188.4699,255.4674,290.3002,527.548,1097.0467,1483.1746,2000.0489
sptw2sattwin,False,16,random_40_3_1,40,226,226,5626.46833706, ,4.0982,4.5836,4.785,6.8999,10.4923,15.3599,29.3174,89.2235,96.4304,249.7905,276.931,474.8907,970.5178,1392.984,2000.0456
sptw2sattwin,False,15,random_40_3_2,40,219,219,4910.29509091, ,4.1148,4.5678,5.8364,7.2545,14.3414,17.9806,83.3861,47.86,92.5017,164.0023,538.7011,754.0601,1175.538,2000.0542
sptw2sattwin,False,16,random_40_3_3,40,224,224,6729.36394501, ,4.0664,4.246,6.6153,7.5667,19.5501,26.8751,43.349,65.4609,86.4397,219.0398,420.4819,789.0753,1343.4131,1693.0345,2000.0419
sptw2sattwin,False,16,random_40_3_4,40,222,222,7603.79208708, ,5.8602,4.809,5.4863,6.8353,12.6701,21.5017,98.6594,105.0595,101.4242,258.6683,447.7531,740.5668,1846.6886,1947.6563,2000.0473
sptw2sattwin,False,15,random_40_3_5,40,224,224,5819.33087492, ,4.0976,4.4487,5.9241,8.8355,16.7251,32.5643,32.7611,79.5902,153.0518,228.365,538.522,1255.2179,1459.0941,2000.0414
sptw2sattwin,False,16,random_40_3_6,40,219,219,5702.37083983, ,4.4883,4.3561,6.3305,9.0375,13.6761,21.0742,48.6979,105.3233,107.5972,207.9005,294.2264,582.2801,773.5508,1523.6626,2000.0488
sptw2sattwin,False,17,random_40_3_7,40,246,246,6107.32013488, ,4.245,4.5013,5.3784,11.1731,15.4538,22.8261,28.9856,79.5593,94.7629,214.1535,489.0329,308.1256,867.4984,632.7153,1328.7521,2000.0469
sptw2sattwin,False,17,random_40_3_8,40,240,240,7239.10866714, ,3.9957,4.0648,5.4872,7.6432,12.1356,20.4651,27.9817,36.3328,238.3109,232.8554,168.0593,379.4698,746.5136,1491.6865,1863.9514,2000.0451
sptw2sattwin,False,18,random_40_3_9,40,264,264,6291.5230298, ,4.3341,4.5938,6.1824,7.2437,13.8433,15.8466,56.1742,34.5599,102.9538,112.2318,215.0901,266.6221,393.2016,756.1089,813.8523,1488.5187,2000.0477
sptw2sattwin,False,22,random_40_4_0,40,336,336,7860.49940896, ,4.0949,4.3717,4.6771,6.065,8.6549,16.3429,22.5106,31.1472,42.9869,67.43,92.9786,170.0947,167.5571,359.7447,190.3571,302.4068,601.427,824.2308,1319.4862,1623.7312,2000.052
sptw2sattwin,False,20,random_40_4_1,40,301,301,7011.53673887, ,4.2641,4.3161,5.1505,7.6457,9.4145,12.0771,14.4961,45.5196,60.3112,82.9363,90.2531,130.1913,277.1952,206.545,338.0011,779.3917,1010.433,1933.1876,2000.07
sptw2sattwin,False,19,random_40_4_2,40,302,302,5760.79861403, ,4.2776,4.6494,5.142,5.6676,8.8498,10.5137,25.0784,39.4949,53.6578,69.582,120.5071,176.0193,195.4506,299.9023,526.0294,842.0385,1373.743,2000.0559
sptw2sattwin,False,19,random_40_4_3,40,300,300,6844.88246083, ,4.2215,4.6799,5.5329,8.3711,17.7293,11.4333,26.7003,43.6783,130.1228,117.4895,233.0615,278.5158,336.4584,325.7801,661.5622,799.5975,1839.7495,2000.0524
sptw2sattwin,False,19,random_40_4_4,40,289,289,7764.20420098, ,4.4756,5.1523,5.2572,7.2529,12.3511,17.2263,19.903,68.5973,70.5571,100.9444,201.7512,234.0783,310.0679,512.0186,784.5348,1426.2079,1983.6213,2000.0453
sptw2sattwin,False,20,random_40_4_5,40,308,308,7046.72650385, ,4.5207,4.6945,5.3808,6.7994,9.4738,11.9415,20.1642,57.6335,62.6061,78.3023,114.9022,172.8758,352.147,416.3861,412.806,734.4662,1148.4414,1432.981,2000.0594
sptw2sattwin,False,20,random_40_4_6,40,311,311,7190.75515604, ,3.994,4.0374,5.4284,6.422,12.5101,15.9765,29.3785,56.1529,75.5616,132.8149,157.2374,237.7343,187.176,335.8429,528.1826,887.7557,846.5428,1667.8257,2000.0505
sptw2sattwin,False,20,random_40_4_7,40,314,314,7413.76872301, ,4.3524,4.6359,5.0343,7.9768,12.0494,12.4608,25.1329,39.0594,83.7638,110.5227,105.9148,339.1286,245.652,230.2898,524.0683,696.2537,1006.4484,1960.8342,2000.0708
sptw2sattwin,False,20,random_40_4_8,40,316,316,6445.88178682, ,4.1754,4.5825,5.0761,6.2719,7.0981,12.3114,13.1132,25.6779,60.1118,60.1958,108.0496,124.8393,263.463,192.4554,316.8833,521.9586,804.7061,1914.7018,2000.0549
sptw2sattwin,False,21,random_40_4_9,40,321,321,7675.73361397, ,4.4535,4.4716,5.2037,6.3983,11.0669,18.4715,32.5348,30.6261,71.3221,96.7054,124.3113,122.5649,240.1553,257.0773,329.3959,455.441,707.804,1171.215,1986.3114,2000.0502
sptw2sattwin,False,24,random_40_5_0,40,389,389,7196.84552979, ,4.3613,4.522,5.2991,6.5952,8.9902,12.4256,14.4953,23.9892,37.9122,60.3489,42.3407,61.5469,100.7675,141.495,143.7695,220.3175,387.3819,274.3823,373.066,607.5692,970.7669,1694.2974,2000.0481
sptw2sattwin,False,25,random_40_5_1,40,401,401,7356.56948495, ,4.4188,4.4871,5.6084,5.2708,6.8993,9.8281,9.576,21.2996,29.8485,56.2971,44.4823,46.8551,84.6043,86.5529,147.2065,149.4134,197.6609,267.7089,363.4429,573.2714,604.1172,1020.4834,1617.0086,2000.0516
sptw2sattwin,False,26,random_40_5_2,40,399,399,9259.87192607, ,4.1174,4.3152,4.7911,4.8109,7.8007,10.1119,12.9098,24.715,26.8936,48.7275,79.186,56.602,113.9832,99.4638,107.5907,210.6143,252.032,253.6751,487.8446,522.5574,776.2957,1046.4113,1368.7056,1735.5034,2000.0491
sptw2sattwin,False,24,random_40_5_3,40,377,377,8201.2063849, ,4.2807,4.1559,4.5769,5.7877,6.8893,12.0692,13.4836,24.9646,25.0578,55.5475,83.3101,75.2741,172.4703,117.8398,207.9481,180.1252,311.1144,416.1845,700.1234,891.6255,1039.2554,1848.919,2000.054
sptw2sattwin,False,25,random_40_5_4,40,379,379,9582.63233781, ,4.5522,4.8556,5.4997,5.6039,7.8766,11.7407,15.7673,18.0788,25.217,45.1744,43.5039,78.6548,108.2099,119.8588,165.6842,208.2455,334.0835,434.0248,549.0884,688.3785,1115.4133,1600.3253,1992.567,2000.0559
sptw2sattwin,False,26,random_40_5_5,40,421,421,7593.22522402, ,4.0836,4.0928,4.659,5.0419,6.4004,11.4093,12.2952,15.1977,19.9663,32.5786,38.8742,45.1465,61.6318,106.5288,135.718,110.9144,167.1232,183.9543,239.4548,217.7257,544.2063,715.4238,1001.157,1909.4345,2000.0589
sptw2sattwin,False,24,random_40_5_6,40,404,404,6627.24208999, ,3.9052,3.9189,4.47,5.0734,9.6177,10.0336,13.3546,30.2157,29.9045,39.8146,49.3594,73.2877,62.5581,127.5838,103.6633,130.9748,219.2031,319.5288,413.9526,551.6908,1010.4484,1414.4797,2000.0546
sptw2sattwin,False,25,random_40_5_7,40,412,412,7142.41889691, ,4.3963,4.5766,5.1404,5.7105,6.8653,9.2399,12.5819,18.8395,29.2042,27.4505,49.4502,45.6414,60.3528,99.6219,91.3592,138.6838,149.3834,265.8151,318.4353,432.3362,601.5491,1065.1877,1700.3713,2000.048
sptw2sattwin,False,25,random_40_5_8,40,393,393,8526.86364794, ,4.4697,4.244,4.5796,5.1841,7.0236,9.0099,20.2561,27.7322,34.9777,25.9877,46.8307,73.1473,97.5354,136.6201,179.5502,264.7345,344.0014,407.2193,461.8096,651.9724,870.2085,1203.5809,1645.9605,2000.0697
sptw2sattwin,False,25,random_40_5_9,40,401,401,8946.15547299, ,4.2413,4.5647,4.8073,4.678,8.628,11.4029,13.3978,20.4473,45.8282,40.9919,71.06,121.2036,79.9076,142.2563,170.3977,352.749,282.7299,331.9004,399.4801,650.844,865.2293,1354.8568,1964.3291,2000.0572
sptw2sattwin,False,29,random_40_6_0,40,476,476,8553.53867006, ,4.1764,4.5783,4.8109,6.0786,9.1051,9.833,14.8163,13.1703,12.2774,18.0186,19.9653,39.572,48.2534,67.598,81.2062,88.7321,83.5929,140.7362,143.1642,169.1034,262.2582,409.457,503.6764,708.2744,921.5539,1230.6189,1538.6713,2000.0516
sptw2sattwin,False,30,random_40_6_1,40,477,477,9215.65228987, ,4.3624,4.2677,4.586,5.7152,6.8923,7.373,9.0267,11.8577,16.9081,22.4502,30.6267,45.0932,44.7404,65.361,108.5749,100.1642,99.986,118.3079,140.7154,164.7351,169.4702,303.3219,467.262,591.0935,684.1187,925.349,1237.3622,1825.6906,2000.0453
sptw2sattwin,False,28,random_40_6_2,40,443,443,9218.05150604, ,4.2041,4.3343,4.6273,5.7736,7.0184,7.025,17.287,13.4787,20.8935,36.9984,63.1483,38.2163,62.4813,68.8086,108.4633,129.3048,103.3394,189.8903,197.7746,219.0978,384.4642,418.2547,910.4192,1405.5418,1191.0797,1605.905,2000.0463
sptw2sattwin,False,30,random_40_6_3,40,489,489,8234.07442212, ,4.1742,4.9078,5.037,6.0679,6.0445,10.578,10.134,12.7468,14.8788,28.6501,30.7144,40.4425,51.1316,55.1699,83.499,79.2831,82.5117,125.5762,99.4442,128.2426,201.3787,250.6159,326.9342,493.4504,652.1742,758.7046,1016.0017,1655.3046,2000.0583
sptw2sattwin,False,28,random_40_6_4,40,449,449,8844.11232901, ,4.2237,4.5939,4.8132,5.6442,7.0599,7.6722,9.4579,20.6098,36.5536,38.0631,40.3567,47.4762,59.753,70.3695,97.4624,161.5487,149.0129,148.4391,168.3502,173.2975,271.7571,415.4545,764.92,1064.0044,1327.8192,1745.1538,2000.0592
sptw2sattwin,False,28,random_40_6_5,40,444,444,8580.24838519, ,4.3633,4.3431,4.7209,5.6969,8.0549,9.7906,12.7006,22.1005,20.1693,30.5327,33.4051,59.5045,57.4316,102.0882,78.2226,120.836,138.8156,138.9871,195.9321,208.6314,359.8745,471.0438,707.0457,812.3233,1257.5602,1715.8427,2000.0488
sptw2sattwin,False,28,random_40_6_6,40,459,459,7305.56679988, ,4.3663,4.2341,4.4774,5.5092,7.7027,8.8392,11.2513,18.6286,17.2495,39.8049,42.8947,43.0335,56.6721,69.7539,90.4246,96.2604,109.8927,136.6838,119.2811,157.1372,231.6915,442.1086,475.977,992.1822,934.4999,1184.7666,2000.0581
sptw2sattwin,False,28,random_40_6_7,40,446,446,8545.17132902, ,4.1615,4.1332,4.995,5.4846,6.3512,13.1407,9.2184,13.0005,15.9527,22.3146,26.2235,48.0676,58.5748,70.4065,72.9452,114.0449,135.0266,164.4106,163.5298,225.6531,328.0983,521.1626,576.6586,798.3231,1363.3204,1779.7261,2000.0705
sptw2sattwin,False,30,random_40_6_8,40,475,475,9270.4574151, ,4.507,4.2749,5.198,5.7364,8.0745,7.8181,14.1746,14.1231,28.0459,21.5388,36.7875,44.369,46.5404,50.2734,98.2106,103.9821,102.7763,115.7766,104.1165,158.1916,175.8497,266.451,331.8136,553.6818,707.1979,942.2503,1321.6758,1996.7316,2000.0574
sptw2sattwin,False,29,random_40_6_9,40,468,468,8712.48761606, ,4.5423,4.5906,5.1522,5.7076,7.0145,13.1223,13.9817,17.1061,13.459,20.2808,41.8251,62.011,54.9243,68.7462,69.2387,118.5708,105.3765,125.8693,148.0719,178.5941,290.0105,397.8298,496.0748,689.0939,989.9972,1196.2491,1574.7686,2000.0523
sptw2sattwin,True,32,random_40_7_0,40,547,547,5166.1863122,26.4125,4.4294,4.5142,5.194,5.6884,6.3641,7.651,9.3107,10.7655,23.5105,19.1859,25.6291,30.9824,42.6046,39.6269,65.9752,49.9836,62.9052,97.7572,60.5213,70.0279,103.748,83.8604,88.7935,110.9294,190.5842,311.2846,461.4588,540.6008,630.2768,870.8738,1104.5163
sptw2sattwin,True,32,random_40_7_1,40,534,534,6033.4979372,75.2654,4.0626,4.6784,5.3296,5.7943,7.393,8.0954,10.2595,15.4509,17.8077,26.3251,22.632,21.735,45.9747,29.5665,43.6483,39.8192,93.5763,107.6908,89.9546,111.6611,93.3814,95.8179,87.7162,142.6725,166.3394,232.8776,344.3326,684.5935,818.312,1013.4492,1567.0699
sptw2sattwin,True,32,random_40_7_2,40,567,567,3090.2834971,33.3425,4.1106,4.2506,4.9113,5.4809,6.3804,6.5663,8.9793,14.5622,11.9928,17.0754,15.9677,24.3268,26.781,30.4842,44.9992,48.5886,42.8067,86.0357,48.3826,63.4889,108.1427,88.4818,92.9333,73.0669,98.4172,135.3649,212.0473,319.2957,420.1075,500.3415,492.3556
sptw2sattwin,True,32,random_40_7_3,40,561,561,3751.68845606,21.6876,4.3279,4.6506,6.0471,5.9351,6.1489,6.6598,12.6186,9.8013,15.8493,23.5306,22.3421,30.6272,44.57,44.7268,47.0672,63.8315,60.0897,50.0524,71.2042,75.2524,103.3764,102.946,142.235,108.3694,143.36,205.2963,261.9438,306.5797,443.2394,567.5691,739.5373
sptw2sattwin,True,32,random_40_7_4,40,568,568,3049.7039721,95.7455,4.8156,5.015,5.5127,6.025,6.839,6.6321,8.6383,7.4676,10.2673,12.1516,21.2124,30.6128,30.2751,31.8547,28.9513,49.6778,47.8702,75.4496,56.9314,63.659,76.2815,78.5059,92.2146,88.8525,100.867,135.8928,239.2499,299.7115,515.1324,368.3127,448.8384
sptw2sattwin,True,31,random_40_7_5,40,515,515,6517.93906903,67.3046,4.159,4.1666,4.6265,5.4541,7.3156,7.5418,8.7729,12.2356,19.4015,18.1286,27.5,29.2026,47.8175,47.0328,58.3334,48.6781,118.0378,79.5997,109.4067,80.6902,150.8584,144.2881,172.6539,237.3741,356.5107,524.7031,750.2184,871.9102,1008.5442,1495.2717
sptw2sattwin,True,32,random_40_7_6,40,565,565,3093.3535502,10.3202,4.2982,4.1352,5.6403,5.2057,5.6136,7.8643,8.2441,9.234,12.2225,12.4889,20.8892,27.5211,26.5143,27.7189,32.6942,60.0078,56.8472,54.0021,42.7426,81.6472,75.5482,77.2174,64.6213,67.486,110.9248,143.4393,236.8332,306.4869,390.2648,491.613,612.8059
sptw2sattwin,True,32,random_40_7_7,40,557,557,3958.53965116,27.0263,4.3536,4.0268,4.5952,4.4649,6.8388,6.7493,7.724,8.7188,18.4206,14.6077,25.3964,31.054,26.0292,55.7405,41.0079,37.0614,37.3593,56.8132,78.3705,80.9318,64.3456,65.9395,92.4184,148.0602,161.0155,210.3416,299.1661,333.9167,509.8144,672.9239,823.0883
sptw2sattwin,True,32,random_40_7_8,40,540,540,4797.27867913,29.6086,4.453,4.4666,5.235,5.0814,5.4273,9.1251,9.533,13.1616,16.4287,17.3149,19.5791,40.8915,32.6972,42.5359,54.9283,40.3298,65.0911,71.0713,83.6936,75.8379,61.4524,102.6393,116.4309,195.76,182.2915,362.6956,331.8332,510.2956,566.1205,688.1077,1032.9316
sptw2sattwin,True,33,random_40_7_9,40,553,553,4391.01897812,4.3521,4.2709,4.2424,4.5523,5.4403,6.5542,5.9183,9.2481,9.9441,12.2964,13.4059,22.1778,22.4064,23.3987,22.8081,35.5359,51.3514,54.5232,69.0833,53.5069,55.794,62.7604,83.6412,65.3811,92.1375,163.6532,173.449,227.1883,334.3681,423.0125,585.5527,676.3839,1012.4609
sptw2sattwin,True,34,random_40_8_0,40,631,631,1407.23469496,17.5611,4.1916,4.1758,5.254,6.6274,7.8597,6.3859,8.7471,9.097,10.8352,12.0089,16.2205,28.1813,21.7006,33.6057,32.0036,32.2739,32.8828,32.6747,46.8278,54.3638,53.5578,57.1706,50.4445,35.1623,56.5785,55.4628,38.9992,44.8808,82.4577,100.1697,119.4446,133.1024,156.0843
sptw2sattwin,True,34,random_40_8_1,40,622,622,1584.17122221,1.9394,4.4985,4.7784,5.2515,5.9266,6.9766,6.4001,7.142,8.4626,10.9195,13.7493,22.9765,22.7571,33.491,32.1273,28.4116,30.0243,26.9854,52.2781,41.7665,50.9102,53.3141,52.0357,58.1262,42.3573,44.7305,61.735,50.4499,49.9983,82.0714,113.0541,146.7797,190.4175,221.0983
sptw2sattwin,True,34,random_40_8_2,40,611,611,1698.49789,2.7428,4.1509,4.267,4.4476,4.9881,5.4734,9.6059,6.7265,10.6455,14.6484,15.5903,20.0423,20.0779,17.1542,21.8639,23.2079,28.4477,40.6202,36.225,51.5342,51.6514,45.1492,45.8802,44.9475,59.8865,51.4425,55.6174,62.2505,107.8012,133.6645,151.4143,157.8539,190.5255,197.7408
sptw2sattwin,True,34,random_40_8_3,40,636,636,1186.57434797,1.8859,4.3833,4.7744,4.7603,6.417,6.8908,8.4813,7.3604,11.1232,12.8372,12.1049,13.6493,20.4874,20.8451,20.6476,34.1302,28.398,36.7762,38.3527,34.8682,43.1196,37.9455,54.3771,83.4464,56.4834,38.3746,41.1686,45.8601,46.7194,45.7439,62.1557,85.4266,112.1482,104.2093
sptw2sattwin,True,34,random_40_8_4,40,625,625,1318.16459203,6.0515,4.0052,4.2358,4.722,4.9224,6.4936,6.2723,7.6358,10.2112,10.2886,13.61,22.5452,18.0943,24.4878,26.5664,29.4961,30.1275,34.1057,33.3482,41.9358,33.6517,34.8794,45.6513,46.604,43.5799,41.3232,47.4188,47.6495,47.812,77.5982,87.7383,114.5001,148.6882,161.7139
sptw2sattwin,True,33,random_40_8_5,40,624,624,1420.87774801,33.1548,4.5832,4.4629,4.9666,5.8497,7.3174,7.8298,7.1151,9.4921,11.0009,12.0661,16.9792,18.3297,21.2139,28.4256,29.0102,32.1889,31.6811,54.156,39.4779,44.6641,33.8866,64.6795,53.5337,55.6453,56.9231,61.9318,49.0911,75.037,96.0041,120.5153,145.3784,184.0406
sptw2sattwin,True,33,random_40_8_6,40,633,633,1114.50650501,22.0297,4.4958,4.964,5.0555,5.778,5.7923,6.9812,8.7119,8.1886,11.1877,18.6053,14.3148,10.9903,22.3939,17.6901,23.764,25.8016,20.3642,27.8131,31.0778,39.3344,47.863,40.2902,61.5495,47.7396,41.6786,46.3673,40.2416,76.6834,69.1738,73.4628,110.061,123.8481
sptw2sattwin,True,33,random_40_8_7,40,626,626,1384.684268,57.4566,4.4496,4.6928,5.5487,6.3681,6.1548,7.8225,7.8673,9.2268,10.613,13.4427,21.7575,14.9795,16.3071,28.528,22.6606,27.785,35.0819,43.1981,52.5066,55.7189,44.5416,38.6341,68.9078,51.9843,41.4978,49.1164,72.2437,95.4295,93.7506,100.8365,123.3511,152.0051
sptw2sattwin,True,34,random_40_8_8,40,629,629,1338.54154301,23.0145,4.5958,4.7432,5.9317,5.5278,6.2499,6.4428,7.7558,9.4925,11.6474,11.1103,18.2286,19.5146,21.0738,16.8076,33.0632,30.1583,24.8666,38.2596,40.004,44.2739,47.0478,59.9294,40.2651,44.8827,34.768,42.9949,51.4196,71.5832,82.3186,106.826,106.2182,134.4451,132.859
sptw2sattwin,True,33,random_40_8_9,40,612,612,1482.17683411,28.9815,4.1955,4.0312,4.4978,5.417,6.1938,7.4081,11.5707,7.7075,8.5323,15.4424,14.818,14.9181,23.2192,27.2888,29.8952,22.0475,34.2083,32.3548,37.1233,71.8699,54.3672,45.7851,42.1462,54.1553,60.0537,83.4363,88.1468,74.4948,94.8584,127.2916,155.4139,190.0954
sptw2sattwin,True,36,random_40_9_0,40,714,714,575.918676853,1.4172,4.1953,4.195,5.2251,6.1671,5.7786,7.0926,7.7017,9.6787,10.6034,9.5701,16.0547,13.5964,16.5945,17.8325,13.9679,18.9066,20.7038,29.7617,26.2528,24.5719,16.7591,29.0761,23.2187,21.3014,26.0583,23.7501,19.3248,17.2823,17.1855,18.0314,18.2903,16.4843,19.3819,17.2987,22.4218
sptw2sattwin,True,35,random_40_9_1,40,713,713,624.699273109,2.8857,4.2565,4.3869,5.1795,5.0896,7.2064,5.6445,7.0931,7.0087,7.5119,11.3126,14.0738,16.5313,17.284,17.0534,22.2643,27.85,22.125,23.3594,26.8116,31.5708,25.9231,26.4565,32.0567,31.7277,22.827,26.3911,23.6392,24.2447,20.5266,21.1084,21.5821,19.3957,21.6117,20.4847
sptw2sattwin,True,36,random_40_9_2,40,694,694,656.61413002,1.6557,4.0623,4.7856,5.1912,5.6361,5.4472,6.5542,7.3867,7.215,9.2877,12.5452,12.8525,12.12,18.4004,13.1786,22.863,18.9747,18.4141,21.423,22.9025,19.6113,29.6226,29.2926,27.501,23.6918,29.0385,30.3065,26.6114,26.4534,23.982,23.7768,21.9593,24.9484,28.2783,28.9468,31.5071
sptw2sattwin,True,35,random_40_9_3,40,709,709,594.508063078,3.4544,4.4333,4.7773,5.3951,5.3952,6.2629,6.4113,6.5144,7.517,7.7851,10.5338,10.085,10.635,17.9258,15.0649,18.4846,19.0388,24.097,20.4628,30.716,17.5189,22.015,22.3416,30.5656,29.8706,26.7175,24.3528,25.7303,23.1714,24.7257,22.2276,22.1178,20.7906,21.6278,25.5375
sptw2sattwin,True,36,random_40_9_4,40,711,711,588.870564938,2.111,4.2027,4.7572,4.6325,5.4442,7.1036,6.0928,6.6325,7.5548,9.2161,11.5984,16.7575,11.913,15.5501,20.3222,16.3287,18.9858,21.5026,16.1739,25.9956,26.6016,32.8306,27.3713,25.748,21.5179,28.6136,19.2988,24.2393,20.7506,19.7601,18.713,18.6909,14.1673,16.4908,21.0912,19.8652
sptw2sattwin,True,35,random_40_9_5,40,694,694,605.070533037,6.2877,3.9908,4.6976,4.6981,5.6544,5.9863,6.2556,7.1024,7.9538,10.7481,9.5835,13.236,11.6054,17.0037,20.2673,22.4394,17.3359,19.6219,17.6552,16.5092,21.6903,24.8724,24.8148,23.3103,24.5184,26.1636,22.5846,26.9667,22.4129,27.3815,24.7648,20.3233,24.5164,30.8703,31.0506
sptw2sattwin,True,36,random_40_9_6,40,704,704,575.13382411,1.8886,4.5796,4.5039,4.8694,5.6041,5.7212,6.6493,9.319,8.1256,7.5569,7.3874,7.3338,14.8321,14.6608,8.622,19.4035,11.0414,22.8816,27.903,19.4885,25.7063,24.6008,29.1837,24.9328,20.6579,25.5883,26.0376,20.2709,22.2839,18.1861,21.7855,20.115,16.18,19.0604,22.849,25.1071
sptw2sattwin,True,36,random_40_9_7,40,705,705,686.008436918,1.8774,4.1855,4.3869,4.9895,5.4124,6.0879,8.5275,7.1115,9.3682,10.0724,14.0355,13.6778,15.5081,19.0852,16.1289,19.8981,21.0107,27.4135,33.9077,29.6468,25.8936,29.2103,27.9416,29.9171,29.5442,27.657,27.7829,29.217,26.5561,27.6512,23.3204,20.1602,20.0171,16.5418,26.2973,25.7707
sptw2sattwin,True,36,random_40_9_8,40,697,697,662.46869278,1.5666,4.1657,4.3083,5.4261,5.6165,6.3425,7.2749,6.9864,9.1584,13.3178,12.9659,13.445,14.7307,18.6969,13.1149,20.6579,19.7361,22.4415,26.5395,22.3611,31.0882,30.5778,28.8888,27.761,27.4982,23.9234,31.1729,25.6373,22.1571,23.0518,20.3609,17.4852,18.5804,26.9497,29.0511,29.1922
sptw2sattwin,True,35,random_40_9_9,40,704,704,632.496775866,4.024,4.4183,4.6513,5.3176,5.4777,6.6567,9.6575,11.084,11.7764,10.3952,11.687,14.2262,17.9957,15.4512,13.6741,18.3549,20.905,26.0825,32.1199,30.3997,38.0393,30.6679,23.1308,32.7417,14.4754,15.6572,17.6777,20.8723,21.2486,24.2174,23.3426,21.3185,21.5669,28.1697,24.7977
sptw2sattwin,False,8,random_60_1_0,60,166,166,3923.19597387, ,5.5489,7.7435,37.6163,91.6115,398.6383,1381.9013,2000.0772
sptw2sattwin,False,8,random_60_1_1,60,156,156,3172.42033315, ,5.2013,13.8678,17.4097,71.7279,194.2386,869.7829,2000.079
sptw2sattwin,False,10,random_60_1_2,60,176,176,6219.96159506, ,5.7537,8.0925,23.7362,58.8823,315.1319,848.6642,1070.0077,1889.525,2000.0824
sptw2sattwin,False,8,random_60_1_3,60,162,162,3680.50378394, ,5.7962,8.8837,30.6802,142.4098,493.739,998.854,2000.0826
sptw2sattwin,False,8,random_60_1_4,60,165,165,3068.75943303, ,6.5223,20.3881,64.6466,103.1021,261.5613,612.3857,2000.0842
sptw2sattwin,False,10,random_60_1_5,60,194,194,6910.0793469, ,5.362,8.6511,53.371,170.722,296.3635,604.889,1840.5507,1930.0181,2000.0873
sptw2sattwin,False,9,random_60_1_6,60,149,149,5912.16921997, ,4.9934,10.1412,35.3859,115.9758,687.9048,1536.5079,1521.1498,2000.063
sptw2sattwin,False,8,random_60_1_7,60,167,167,3697.17335391, ,5.7638,11.5612,49.7074,174.7777,349.8032,1105.4467,2000.0655
sptw2sattwin,False,8,random_60_1_8,60,172,172,3780.89692688, ,8.6282,10.0811,33.7954,158.5402,286.7714,1282.8662,2000.1398
sptw2sattwin,False,9,random_60_1_9,60,179,179,4883.22867203, ,9.0884,22.5891,28.1185,142.6997,243.2543,643.0398,1794.3071,2000.0693
sptw2sattwin,False,11,random_60_2_0,60,367,367,5224.84148002, ,5.8566,8.5229,29.3627,33.7505,108.533,125.9472,440.9348,822.1702,1649.6138,2000.0873
sptw2sattwin,False,11,random_60_2_1,60,362,362,5681.36082387, ,6.1504,11.0172,13.3603,43.9021,128.98,202.2043,314.5495,1395.9682,1565.0823,2000.0784
sptw2sattwin,False,10,random_60_2_2,60,362,362,4113.65880609, ,6.8681,10.5684,14.7901,45.5187,95.2333,184.0293,537.5679,1218.9297,2000.0775
sptw2sattwin,False,11,random_60_2_3,60,367,367,5208.38780594, ,5.888,8.099,21.4308,31.5642,100.9797,387.8504,324.2823,953.6572,1374.4849,2000.0854
sptw2sattwin,False,10,random_60_2_4,60,348,348,4313.60501194, ,6.0329,7.4967,22.3651,76.5053,112.342,311.3928,454.4414,1322.7636,2000.1841
sptw2sattwin,False,11,random_60_2_5,60,364,364,5482.4993279, ,5.7444,10.9633,16.3915,51.8511,56.5869,434.9647,396.6316,914.4217,1594.7907,2000.0906
sptw2sattwin,False,11,random_60_2_6,60,379,379,6256.66603994, ,6.2887,8.2945,21.7421,30.4456,65.515,224.4976,857.61,1113.1527,1928.9522,2000.0967
sptw2sattwin,False,11,random_60_2_7,60,367,367,5571.6307869, ,11.3472,18.1459,28.0387,36.6503,116.5671,355.5381,631.332,825.6359,1548.2071,2000.0973
sptw2sattwin,False,10,random_60_2_8,60,364,364,5115.71523595, ,6.8551,9.5038,28.5791,96.8598,130.2901,410.3622,755.7116,1677.3901,2000.0915
sptw2sattwin,False,11,random_60_2_9,60,373,373,5189.52039504, ,6.7965,8.5455,16.7967,31.027,93.6959,159.1835,738.9772,846.736,1287.6094,2000.0815
sptw2sattwin,False,14,random_60_3_0,60,522,522,7923.44158006, ,6.0376,9.0242,11.6652,29.0491,54.8391,59.7872,374.6721,362.4057,730.0059,788.4569,1906.2201,1591.0875,2000.1007
sptw2sattwin,False,13,random_60_3_1,60,494,494,7697.85632014, ,6.0973,7.1531,11.0974,17.1069,78.3857,102.5599,264.1849,630.7284,780.6123,1909.4037,1890.3239,2000.0982
sptw2sattwin,False,13,random_60_3_2,60,551,551,6503.73323298, ,6.9988,8.3653,12.2079,40.9374,70.2659,222.3802,214.8094,518.4462,995.2115,579.3919,1834.4876,2000.1225
sptw2sattwin,False,13,random_60_3_3,60,531,531,6149.92733598, ,7.0712,7.4228,10.3154,28.7768,54.6546,129.1754,174.3835,304.2955,1048.9635,1182.2862,1202.4178,2000.0832
sptw2sattwin,False,11,random_60_3_4,60,524,524,3034.88419509, ,15.6857,14.8316,22.1473,14.0639,37.6011,98.0802,96.6328,344.9346,390.7115,2000.0877
sptw2sattwin,False,12,random_60_3_5,60,557,557,4434.96052098, ,8.459,11.1325,10.2585,34.4713,47.435,146.4927,132.2129,325.0819,189.717,1529.4774,2000.1037
sptw2sattwin,False,12,random_60_3_6,60,511,511,5012.97188401, ,6.8606,9.3748,12.8241,21.9128,34.9638,57.9967,257.7653,562.4474,1124.0705,924.5604,2000.0961
sptw2sattwin,False,11,random_60_3_7,60,512,512,3788.57017684, ,5.871,9.3384,15.091,14.9207,48.6915,164.1598,463.7855,462.4892,604.0488,2000.1104
sptw2sattwin,False,13,random_60_3_8,60,529,529,7123.89696717, ,12.3387,8.2536,31.0351,29.0357,45.4056,126.0427,305.9071,566.1501,987.6603,1811.4979,1200.3561,2000.1039
sptw2sattwin,False,11,random_60_3_9,60,549,549,4146.14292121, ,7.5195,12.2119,18.6089,29.9741,74.7794,50.0692,233.0696,590.0918,1129.6338,2000.0861
sptw2sattwin,False,16,random_60_4_0,60,730,730,9549.01142812, ,6.4054,8.2562,10.9735,27.1262,31.0532,49.9653,85.9656,146.3161,539.3383,781.213,1353.6253,892.7452,1916.0124,1699.8087,2000.0914
sptw2sattwin,False,14,random_60_4_1,60,693,693,4889.98769999, ,10.1334,16.8783,14.4684,28.1826,62.7117,89.0665,80.9167,310.8586,297.8611,352.3392,834.3132,791.9862,2000.1177
sptw2sattwin,False,16,random_60_4_2,60,756,756,6633.98482585, ,7.5348,11.271,11.3826,38.8514,33.6528,57.4315,85.9325,120.7389,327.6065,453.3652,421.4346,878.8612,933.4496,1252.1892,2000.1024
sptw2sattwin,False,13,random_60_4_3,60,677,677,3774.51777697, ,10.7624,9.9894,8.5708,15.6191,30.0497,62.0378,106.7019,111.5144,162.9321,562.156,693.9567,2000.1057
sptw2sattwin,False,14,random_60_4_4,60,684,684,6665.18189502, ,14.6523,11.19,14.1035,21.5418,24.4772,171.9626,103.4066,244.5345,354.5992,697.8702,1759.156,1247.4704,2000.0982
sptw2sattwin,False,14,random_60_4_5,60,654,654,6381.42550278, ,12.4569,11.8456,18.3555,27.9842,25.1659,152.176,111.415,185.1745,366.9479,491.4289,1209.6154,1768.6398,2000.0937
sptw2sattwin,False,15,random_60_4_6,60,687,687,8077.76696706, ,11.7474,14.8727,13.3015,23.6615,62.3707,61.9411,191.5522,320.9414,382.8551,754.9352,1057.8425,1898.865,1282.6291,2000.0949
sptw2sattwin,False,14,random_60_4_7,60,726,726,5819.52912021, ,6.6841,8.5864,11.9542,22.0492,43.7978,46.215,82.2264,193.8149,125.7952,334.3202,1402.9371,1540.9607,2000.0973
sptw2sattwin,False,16,random_60_4_8,60,698,698,9864.28949904, ,7.3773,11.1735,14.8175,23.0507,52.3807,55.2961,125.113,384.9849,394.5714,218.6755,1943.8206,1184.5357,1616.3677,1831.9037,2000.1104
sptw2sattwin,False,15,random_60_4_9,60,695,695,5890.56241202, ,6.9235,9.7668,12.314,16.4579,33.0707,54.611,94.7175,206.7255,413.7525,505.296,630.2326,775.5423,1130.9528,2000.1013
sptw2sattwin,False,20,random_60_5_0,60,909,909,10206.0349331, ,7.6572,7.6552,9.0959,16.3503,22.1496,26.1808,95.6361,76.6934,82.1909,167.3181,188.3518,390.1822,513.8732,851.9989,946.5499,1524.5781,1392.7851,1886.5361,2000.125
sptw2sattwin,False,18,random_60_5_1,60,863,863,8429.55266213, ,6.3261,10.3328,11.2227,15.8807,35.2396,51.3537,59.9244,169.6588,114.7129,227.089,293.412,644.4083,491.7759,1528.192,1219.2706,1550.5071,2000.1253
sptw2sattwin,False,17,random_60_5_2,60,881,881,6798.19374609, ,12.1353,13.6099,20.4057,21.0667,28.7152,52.091,51.4503,146.2467,127.9741,355.18,498.3382,497.7235,767.3565,764.4388,1441.2042,2000.1032
sptw2sattwin,False,18,random_60_5_3,60,920,920,7956.69988298, ,6.5259,7.9005,8.1714,11.6095,23.8821,27.6867,38.3582,68.9333,152.9584,192.7903,380.8712,455.5302,861.1807,950.2504,1336.0712,1433.7352,2000.1043
sptw2sattwin,False,19,random_60_5_4,60,905,905,9340.23485303, ,6.8947,9.0773,10.1437,17.5966,29.1915,36.361,46.0783,169.7976,363.5229,429.5412,641.42,466.5991,500.6838,529.3565,1031.9704,1266.2803,1785.4732,2000.117
sptw2sattwin,False,18,random_60_5_5,60,929,929,7942.76482105, ,9.0413,10.8071,10.7627,16.4223,31.1911,37.7511,52.9739,84.0146,127.6301,203.8593,354.0761,837.6982,624.0079,1043.7328,1296.9492,1201.5907,2000.1115
sptw2sattwin,False,17,random_60_5_6,60,863,863,8576.633883, ,6.192,7.3799,8.9146,18.9881,27.3271,71.3709,81.7886,85.5441,224.422,475.2201,495.3295,762.4517,1569.3629,958.546,1783.5765,2000.1062
sptw2sattwin,False,20,random_60_5_7,60,903,903,10608.7569971, ,7.2663,7.875,9.5141,14.5358,20.9184,39.1877,65.4292,168.1072,197.7139,369.0448,289.3589,414.0105,464.8298,876.2819,1091.2598,1326.4785,1249.3947,1997.3132,2000.1014
sptw2sattwin,False,16,random_60_5_8,60,883,883,5326.54955602, ,11.6035,12.0508,12.6105,23.5984,26.3924,39.9014,43.4367,66.3598,129.2557,505.281,315.2726,280.4004,605.3495,1254.7758,2000.1131
sptw2sattwin,False,17,random_60_5_9,60,857,857,8216.928689, ,6.6191,7.6641,10.5795,15.3184,19.7658,45.4916,78.5919,80.9845,185.6498,273.9078,538.5246,903.7921,1139.5801,1051.2901,1858.9571,2000.1076
sptw2sattwin,False,22,random_60_6_0,60,1066,1066,10440.5414259, ,6.6647,7.8919,10.6622,11.0965,16.6843,28.1739,37.3121,70.5577,114.1523,157.3201,276.7764,405.9723,328.4341,397.7665,669.1506,531.0935,1056.348,1795.7689,1460.5034,1057.9155,2000.1277
sptw2sattwin,False,20,random_60_6_1,60,1049,1049,9228.21282816, ,7.2304,7.5986,9.6105,18.5747,22.6799,35.0011,56.6608,62.4308,128.3904,215.6973,253.5513,408.3016,539.3876,614.3472,1309.7149,825.9137,1114.5057,1598.3451,2000.1088
sptw2sattwin,False,22,random_60_6_2,60,1102,1102,8933.6905241, ,6.9771,8.4658,11.5649,8.5452,26.1349,23.9197,35.7172,50.98,112.4442,97.8605,191.7853,215.8384,244.1969,462.1005,472.4391,769.3407,888.124,652.3981,1427.2016,1227.3855,2000.1073
sptw2sattwin,False,26,random_60_6_3,60,1062,1062,17980.997412, ,7.6905,9.11,11.5652,18.5752,25.4202,35.5791,37.3237,63.7514,85.3766,176.4307,333.3189,297.9428,362.3552,628.026,965.4216,635.8668,1288.2699,1331.1782,1763.7532,1708.4402,1383.6783,1653.1649,1387.7703,1770.6904,2000.1218
sptw2sattwin,False,21,random_60_6_4,60,1072,1072,9187.88272882, ,9.7504,11.2457,11.8422,20.3092,21.1861,27.2691,124.7619,65.8688,93.3125,184.7623,164.6508,429.0452,266.8254,282.3886,531.1264,956.8517,1317.811,791.3246,1877.2314,2000.1315
sptw2sattwin,False,23,random_60_6_5,60,1049,1049,13532.0508208, ,7.1164,8.7086,9.3619,15.94,13.7298,22.5307,48.2416,111.1827,93.5449,97.6937,199.9577,231.8585,325.4373,397.4654,1101.5199,1125.2963,1081.469,1567.2609,1784.5659,1472.4005,1816.5162,2000.0925
sptw2sattwin,False,21,random_60_6_6,60,1045,1045,10519.4711421, ,6.4817,8.1916,8.6034,13.7165,33.0637,26.2647,40.5091,67.4383,107.5121,182.7714,277.157,158.2741,525.0862,738.398,941.1755,1115.0134,1214.0197,1541.8659,1513.6856,2000.1035
sptw2sattwin,False,20,random_60_6_7,60,1092,1092,8862.7084291, ,10.8873,13.6662,16.1817,28.029,17.881,39.9308,55.7969,46.747,125.6182,147.7113,159.7578,450.2885,274.9685,474.8993,921.1477,880.9747,1845.8675,1352.0682,2000.116
sptw2sattwin,False,23,random_60_6_8,60,1079,1079,11314.905189, ,11.9219,21.29,15.5039,24.6278,25.1832,37.8576,26.088,60.918,98.0413,189.9305,171.4981,139.9019,305.0693,432.6903,582.6067,624.1389,833.007,1049.1853,1206.4015,1697.0678,1761.6511,2000.0916
sptw2sattwin,False,24,random_60_6_9,60,1090,1090,12629.057574, ,6.4647,8.0384,11.2187,14.1562,31.1706,23.5802,41.344,125.6282,53.7949,76.3407,177.2932,391.6003,570.1704,476.3304,1025.1494,852.0981,855.6211,1018.9591,1172.6379,1228.1808,927.2892,1541.697,2000.1039
sptw2sattwin,False,29,random_60_7_0,60,1212,1212,17131.9405489, ,13.8729,18.0968,18.6647,12.8308,27.1806,54.835,40.3052,72.697,91.2929,136.1104,101.0374,192.1534,259.8785,326.5652,362.8575,825.7437,685.9821,465.3854,1035.601,1001.2996,1281.9062,1307.8307,1305.0523,1195.6471,1257.2573,1693.8644,1347.6619,2000.0904
sptw2sattwin,False,30,random_60_7_1,60,1234,1234,16836.379292, ,13.518,10.6175,11.0387,16.9102,21.3741,46.0747,36.4063,42.9496,62.8584,88.9478,190.0914,134.7184,194.3491,418.7889,397.8832,316.0203,480.8068,589.8332,733.3747,969.3438,1223.5174,1133.2059,1216.1384,975.8409,1438.121,1597.6669,951.4459,1524.1172,2000.1009
sptw2sattwin,False,25,random_60_7_2,60,1233,1233,10609.207442, ,6.4909,7.9036,9.9798,12.0127,16.3531,25.9273,31.1504,57.898,48.6201,130.5481,232.6357,230.8068,178.5329,243.116,346.1449,387.4918,555.4055,578.5771,796.9148,1256.0169,1137.4385,1182.61,1136.3485,2000.1031
sptw2sattwin,False,26,random_60_7_3,60,1235,1235,12045.4952042, ,6.9551,10.8959,13.9613,14.7038,20.5965,20.6083,26.0393,38.8905,53.0133,74.3077,80.9085,160.8824,218.3441,404.1577,290.6826,306.1933,790.5281,879.3294,882.8964,1056.653,1149.4723,1120.0716,1124.2259,1300.874,2000.1064
sptw2sattwin,False,29,random_60_7_4,60,1258,1258,14954.1973379, ,6.7555,8.3155,10.1112,13.7658,20.3016,17.5056,36.0781,51.2789,57.2239,46.6879,119.6805,270.524,142.2814,214.1059,330.6138,390.6981,500.2713,412.7541,855.1361,813.42,1015.9412,998.0819,984.1601,1020.3907,1490.6439,1324.9645,1802.197,2000.128
sptw2sattwin,False,31,random_60_7_6,60,1244,1244,20347.3575931, ,6.5547,8.7356,9.1435,12.2883,17.006,34.4204,30.17,44.9362,73.4541,79.0279,104.6544,130.8666,180.4873,278.7242,539.8718,452.8898,566.7604,1039.3493,807.3051,893.3257,773.6661,1047.6914,1620.6534,1278.573,1367.693,1844.2094,1662.9967,1454.9526,1986.6489,2000.0982
sptw2sattwin,False,31,random_60_7_7,60,1246,1246,17981.8408101, ,7.2158,9.3872,12.332,14.2314,22.3417,26.9932,49.9951,43.7807,104.7417,145.1153,119.31,193.8272,149.4928,139.3671,345.7651,449.6646,362.1663,736.2903,819.6928,767.0776,1409.1215,1218.4725,1025.4819,1103.5228,1262.6549,1145.7853,1052.644,1384.1267,1860.9102,2000.0926
sptw2sattwin,False,31,random_60_7_8,60,1244,1244,18948.8724129, ,7.6182,7.3574,8.7463,14.081,19.9692,25.6208,27.1275,42.0331,71.5946,81.7336,117.7713,139.888,193.4208,236.8872,274.6402,355.4392,771.0683,920.1692,909.1217,821.644,1024.3207,1369.6469,1134.9249,1056.3745,1198.022,1552.4817,1187.8138,1739.3732,1639.6712,2000.099
sptw2sattwin,False,29,random_60_7_9,60,1244,1244,16314.6036041, ,7.3008,10.2356,9.676,11.2025,15.8605,31.0428,36.965,49.7845,50.9928,76.9732,76.8181,270.5865,181.1423,298.1018,384.829,466.945,547.4077,499.1192,964.1164,805.3242,945.4354,1449.3746,1375.8406,1332.0637,1502.2053,1471.913,1443.0336,2000.1013
sptw2sattwin,False,38,random_60_8_1,60,1425,1425,20793.058135, ,7.0971,9.2775,10.5054,13.4221,24.1671,22.5457,33.6136,50.2036,49.0473,60.123,114.2314,133.8824,119.5307,154.9852,235.6239,185.5171,359.2127,476.9791,316.9706,528.4075,545.8872,648.1596,672.5353,823.2956,999.089,803.9858,678.2251,816.1851,957.6257,1322.3977,1276.0167,916.8034,1633.1102,1319.2277,1262.571,1212.2032,2000.1031
sptw2sattwin,True,55,random_60_9_0,60,1601,1601,16883.55985,13.3736,7.3297,8.5838,9.1639,13.1445,15.9789,20.3159,28.3141,24.728,45.4404,48.8974,56.4917,87.3291,84.1713,83.5971,143.0573,170.0656,181.9652,192.4559,211.0662,219.0346,299.6695,324.9692,415.6144,320.4241,384.8996,543.6188,518.746,539.0298,632.8724,487.8874,512.3559,441.0061,521.7914,662.8785,627.4429,767.7928,653.7641,653.2831,553.4798,611.493,588.9891,624.7303,715.0404,615.807,820.6121,105.9931,125.4563,113.8024,113.9399,119.2004,157.7576,207.5622,211.381,225.3546
sptw2sattwin,True,55,random_60_9_1,60,1606,1606,16827.2601929,10.8096,7.3699,8.7924,9.405,11.4398,11.7869,14.5978,25.0106,34.8098,31.2562,46.5328,67.3369,78.2773,116.7838,96.765,137.4893,215.8074,249.3555,238.1046,185.8219,220.667,289.2016,343.4854,424.4268,685.5747,455.0108,328.5482,442.2759,371.3279,557.04,632.2254,475.4267,520.1519,781.448,543.5099,556.8945,680.0048,727.3803,757.9459,531.4962,650.5717,717.3027,708.0914,484.6917,601.9407,569.6075,102.4195,112.0185,88.8312,94.1975,102.2888,134.4565,153.5699,183.7025,201.5665
sptw2sattwin,True,55,random_60_9_2,60,1620,1620,15699.87236,26.2215,10.1928,9.5459,8.9476,18.3217,21.4154,20.9682,24.4331,74.279,40.0158,41.0977,73.1125,60.9597,74.0912,97.8225,138.2304,143.4775,143.1028,195.1245,236.2242,236.1222,277.5545,241.6235,318.2266,365.1028,363.3902,431.1214,428.1236,360.9339,388.8244,492.6441,522.6241,657.6808,560.2284,551.103,623.7757,691.6787,567.4485,646.4259,666.3177,652.2511,571.0903,677.6492,612.3471,583.5758,621.3922,116.696,118.9445,96.1329,94.3465,104.361,131.4369,150.7777,152.5535,167.36
sptw2sattwin,True,55,random_60_9_3,60,1598,1598,17763.002568,15.9918,8.0238,7.7107,11.1569,14.0828,16.5561,18.1578,25.0915,39.6704,40.8876,53.822,52.0926,58.0999,64.0157,86.4062,132.5778,181.4107,161.6633,271.6286,271.3755,256.3356,312.3037,319.1361,338.6404,402.1705,310.1246,468.6907,360.6356,524.3347,449.8353,575.6725,559.6336,579.6683,603.0074,593.9078,652.2251,744.6349,596.7162,692.7621,719.5202,807.9858,815.0365,755.0967,732.1272,750.7315,843.52,126.2188,114.8263,123.7555,113.8799,134.534,183.824,228.7416,216.7829,225.2003
sptw2sattwin,True,54,random_60_9_4,60,1588,1588,16117.5265229,14.7482,11.3688,10.151,9.549,16.7471,21.8507,13.1123,26.3637,26.9271,44.1512,62.2761,55.3378,61.8617,128.4924,124.097,109.8489,173.1359,213.2987,175.7789,256.1451,219.3417,325.5989,337.3388,267.6622,371.0857,312.5263,343.7196,460.8423,543.3918,422.0102,492.7708,540.7417,579.0153,600.8064,503.8076,452.305,590.1133,494.2501,681.8293,661.1861,615.5581,769.8444,505.5364,530.6231,685.572,737.4599,125.5611,157.2934,126.4061,138.2331,210.0815,214.2406,253.8684,291.2327
sptw2sattwin,True,55,random_60_9_5,60,1599,1599,18354.6638181,7.6895,6.5411,10.3555,8.6299,13.7499,17.101,18.111,27.2759,34.6276,31.2123,55.7161,62.6131,98.4215,95.4855,96.8655,123.5866,125.7284,143.4656,177.6744,278.3054,246.8934,254.2207,290.3457,373.2686,313.4175,488.3406,334.7496,557.437,416.4518,472.4586,495.2592,531.5029,603.5043,642.2919,696.4442,585.1362,932.6968,750.9457,751.2625,986.8881,814.5554,805.062,696.2,820.4661,861.3653,741.1326,112.687,107.2731,122.2658,123.2001,177.1442,179.4518,188.851,223.6574,224.2851
sptw2sattwin,True,55,random_60_9_6,60,1601,1601,17672.1582611,9.0789,7.4674,8.6587,9.0655,15.3753,14.496,20.4554,24.0182,31.8622,42.7049,57.7497,64.0667,54.4506,94.669,116.183,103.5642,158.5812,172.7706,250.4335,268.4578,237.0824,241.6733,228.0591,298.1405,483.768,295.4571,417.1815,347.0886,459.1955,457.2277,455.3119,593.7912,500.3103,529.1883,566.3255,664.8619,751.8719,730.6775,684.4508,680.8995,804.1396,728.7428,891.8913,965.5882,781.6566,807.8264,136.2248,131.1984,116.8561,127.8964,141.1273,198.9737,212.7659,235.4118,244.8115
sptw2sattwin,True,54,random_60_9_7,60,1570,1570,20362.3885012,10.6531,6.8102,8.8549,10.6796,10.6858,17.7789,19.145,30.4717,25.0959,37.0549,51.7986,88.6352,70.7841,80.7654,146.1685,101.1048,181.2486,151.865,242.1576,216.7651,310.8826,373.2453,452.6952,342.8455,305.7864,349.7168,437.2083,443.579,499.3264,447.9895,531.5931,738.5885,586.967,673.7281,554.2002,955.8277,891.3373,846.9854,830.0067,983.7795,849.7074,764.5988,704.8481,785.3206,821.4552,913.528,202.2901,153.9478,216.1431,318.7115,335.1883,381.8509,404.0415,445.5761
sptw2sattwin,True,55,random_60_9_8,60,1612,1612,18383.9561141,28.991,7.0231,9.619,8.2844,13.2349,17.2252,21.7135,22.1087,50.084,41.3134,48.7752,43.2782,79.7776,91.1336,126.2991,124.1419,169.6462,213.3095,166.3252,195.1362,221.6458,304.4567,298.5472,252.1561,365.0764,357.6983,457.5697,467.815,442.5891,555.3555,575.1227,477.6382,790.4459,622.5986,683.3235,684.3542,594.3007,689.6518,924.9942,784.0274,710.6367,823.5315,902.1308,784.1547,806.8068,770.3925,153.005,148.1692,164.3446,164.5426,143.8571,159.1666,192.711,198.1328,235.2001
sptw2sattwin,True,55,random_60_9_9,60,1593,1593,20634.507169,14.3874,6.844,8.6481,14.3996,13.2555,24.3684,20.8266,30.2704,36.0647,51.259,49.9611,76.9553,120.5413,107.6485,137.7331,148.658,172.5648,197.2226,227.9295,252.4732,313.9416,399.8699,375.7464,342.3695,536.5481,440.1579,505.7409,560.1882,601.9755,592.28,557.0831,709.0324,810.9505,623.5767,747.1622,767.7663,852.9713,739.9403,914.6962,687.4375,681.2872,754.6685,845.6197,962.1033,831.5634,846.7574,127.3871,149.5134,157.3968,150.1003,213.4869,244.5769,294.494,285.6058,298.111
