sptw2sat,True,2,random_20_1_0,20,23,23,0.319458007812,0.0981,0.2101
sptw2sat,True,2,random_20_1_1,20,15,15,0.405408143997,0.1225,0.2622
sptw2sat,True,3,random_20_1_2,20,19,19,0.33989405632,0.1218,0.1176,0.0829
sptw2sat,True,2,random_20_1_3,20,19,19,0.251744031906,0.0829,0.1575
sptw2sat,True,4,random_20_1_4,20,25,25,1.05666303635,0.1336,0.1702,0.1118,0.6268
sptw2sat,True,2,random_20_1_5,20,14,14,0.259728908539,0.0686,0.1598
sptw2sat,True,3,random_20_1_6,20,22,22,0.438686847687,0.1107,0.1538,0.1461
sptw2sat,True,2,random_20_1_7,20,17,17,0.184103965759,0.0835,0.0889
sptw2sat,True,1,random_20_1_8,20,14,14,0.105256080627,0.0982
sptw2sat,True,2,random_20_1_9,20,14,14,0.147320985794,0.0616,0.0731
sptw2sat,True,5,random_20_2_0,20,38,38,2.84983897209,0.5046,0.2485,0.2866,0.4824,1.2978
sptw2sat,True,5,random_20_2_1,20,40,40,4.22589492798,1.1352,0.3374,0.3146,0.5035,1.9003
sptw2sat,True,3,random_20_2_2,20,28,28,0.671341896057,0.2143,0.2393,0.1991
sptw2sat,True,6,random_20_2_3,20,44,44,5.06366300583,0.2222,0.283,0.4148,0.4688,1.0863,2.559
sptw2sat,True,6,random_20_2_4,20,39,39,7.56381392479,1.1969,0.2713,0.2468,0.5141,1.1977,4.1078
sptw2sat,True,5,random_20_2_5,20,38,38,2.65967702866,0.6578,0.3043,0.2754,0.4388,0.9554
sptw2sat,True,5,random_20_2_6,20,36,36,2.07650899887,0.6258,0.217,0.1988,0.4578,0.5544
sptw2sat,True,6,random_20_2_7,20,38,38,5.46536612511,0.2365,0.1989,0.2625,0.2495,1.4854,3.0017
sptw2sat,True,6,random_20_2_8,20,42,42,6.05531287193,1.0951,0.288,0.2834,0.4847,0.6013,3.2704
sptw2sat,True,5,random_20_2_9,20,35,35,0.979866027832,0.1525,0.1209,0.1155,0.2568,0.3099
sptw2sat,True,9,random_20_3_0,20,68,68,14.5448150635,0.3687,0.3368,0.359,0.341,0.4973,1.2227,1.7379,2.8318,6.8056
sptw2sat,True,7,random_20_3_1,20,59,59,5.26526212692,0.8906,0.5091,0.3433,0.3583,0.49,0.783,1.8607
sptw2sat,True,7,random_20_3_2,20,51,51,8.12987709045,0.6085,0.2862,0.3048,0.3794,0.842,1.5151,4.1533
sptw2sat,True,8,random_20_3_3,20,56,56,9.07602787018,0.3954,0.3196,0.3464,0.4314,0.4978,0.8078,2.3673,3.8707
sptw2sat,True,7,random_20_3_4,20,48,48,10.1246430874,0.5881,0.4067,0.3208,0.6487,0.8949,2.6104,4.6168
sptw2sat,True,8,random_20_3_5,20,48,48,15.0716049671,0.2572,0.3554,0.2925,0.4063,0.681,0.8389,3.5532,8.65
sptw2sat,True,8,random_20_3_6,20,54,54,19.7995347977,2.3469,0.4213,0.3494,0.4361,0.9018,1.0252,2.7348,11.544
sptw2sat,True,8,random_20_3_7,20,60,60,14.7032828331,2.5541,0.4902,0.275,0.4563,0.5757,2.4188,2.243,5.6502
sptw2sat,True,6,random_20_3_8,20,45,45,4.63859295845,0.4648,0.2742,0.2804,0.4335,0.6133,2.5432
sptw2sat,True,9,random_20_3_9,20,61,61,16.3568761349,0.4667,0.3533,0.2196,0.2982,0.3883,0.6277,1.6894,3.3225,8.9488
sptw2sat,True,11,random_20_4_0,20,92,92,13.1350278854,0.2674,0.3061,0.3686,0.2809,0.395,0.4463,0.7816,1.0467,1.419,3.0547,4.7126
sptw2sat,True,10,random_20_4_1,20,82,82,15.4593470097,0.9535,0.2701,0.2622,0.3449,0.4375,0.8847,0.9914,2.3102,3.162,5.7966
sptw2sat,True,10,random_20_4_2,20,74,74,23.0232801437,0.9931,0.3464,0.3264,0.3635,0.4679,0.737,1.5153,2.1884,6.0388,10.0011
sptw2sat,True,11,random_20_4_3,20,82,82,17.9193069935,0.2612,0.3452,0.2957,0.3297,0.4428,0.6135,1.0129,1.561,2.0443,4.5119,6.4505
sptw2sat,True,10,random_20_4_4,20,71,71,17.4421420097,0.363,0.2987,0.339,0.4398,0.4629,0.7402,1.1723,1.6945,4.0273,7.8576
sptw2sat,True,9,random_20_4_5,20,71,71,16.1334960461,3.4988,0.272,0.2294,0.3939,0.6021,0.7984,1.3298,2.5047,6.4651
sptw2sat,True,11,random_20_4_6,20,78,78,36.3756439686,0.2934,0.2561,0.2867,0.3361,0.6159,0.758,1.039,2.518,5.7333,8.3652,16.1144
sptw2sat,True,11,random_20_4_7,20,76,76,24.9542589188,0.2545,0.2935,0.3017,0.3302,0.3903,0.6617,1.2238,1.4657,2.7553,5.0317,12.1946
sptw2sat,True,11,random_20_4_8,20,82,82,18.4558420181,0.3951,0.2791,0.2718,0.35,0.4001,0.5795,0.8349,1.0987,2.1175,4.0546,8.0125
sptw2sat,True,9,random_20_4_9,20,82,82,8.19127702713,1.056,0.2481,0.3303,0.4017,0.6221,0.6447,0.7851,1.5582,2.4974
sptw2sat,True,12,random_20_5_0,20,97,97,21.7791152,0.284,0.3529,0.2619,0.3966,0.4363,0.498,1.016,1.1046,1.6044,2.7268,5.0874,7.9544
sptw2sat,True,12,random_20_5_1,20,91,91,36.2275369167,0.3615,0.3033,0.4424,0.3599,0.4694,0.671,1.0991,1.3415,2.3788,5.3896,8.552,14.7921
sptw2sat,True,12,random_20_5_2,20,93,93,27.8028321266,0.3175,0.3317,0.2674,0.4495,0.4001,0.642,1.0899,1.3451,1.97,3.3246,6.5908,10.9828
sptw2sat,True,12,random_20_5_3,20,103,103,15.7135620117,0.2635,0.302,0.31,0.362,0.4963,0.4642,0.6708,1.2118,0.9313,1.8247,3.5605,5.2592
sptw2sat,True,11,random_20_5_4,20,94,94,13.1574969292,1.1689,0.2627,0.3478,0.3487,0.4635,0.7026,1.1863,1.8104,1.2602,1.907,3.6441
sptw2sat,True,10,random_20_5_5,20,80,80,15.9885630608,1.804,0.2956,0.2632,0.2856,0.5752,0.6955,0.9034,1.8326,3.0725,6.2113
sptw2sat,True,12,random_20_5_6,20,99,99,20.9195759296,2.3198,0.2624,0.29,0.3203,0.5537,0.4129,0.709,0.9824,1.652,1.9462,3.4301,7.9784
sptw2sat,True,11,random_20_5_7,20,103,103,9.8447740078,0.4554,0.2986,0.284,0.3243,0.2909,0.4794,0.5201,0.8669,1.0013,2.0865,3.1783
sptw2sat,True,11,random_20_5_8,20,89,89,19.0083589554,0.949,0.3642,0.2687,0.3036,0.477,0.5412,0.8902,1.2696,2.1009,3.8527,7.9253
sptw2sat,True,12,random_20_5_9,20,97,97,19.7334649563,0.4419,0.2857,0.2503,0.2792,0.3048,0.4961,0.7763,0.923,1.2728,2.5507,4.2589,7.8388
sptw2sat,True,13,random_20_6_0,20,114,114,12.9236340523,0.3023,0.3887,0.2727,0.2872,0.3522,0.5282,0.6383,0.7955,0.9284,0.9604,1.4884,2.4864,3.4395
sptw2sat,True,12,random_20_6_1,20,107,107,13.6392431259,1.2161,0.3113,0.2891,0.3568,0.352,0.6274,0.6977,0.6345,1.0536,1.6066,2.1674,4.2475
sptw2sat,True,13,random_20_6_2,20,105,105,28.1664500237,0.2831,0.3424,0.2673,0.3097,0.3096,0.6735,0.6641,0.877,1.5573,2.964,4.2874,6.4846,9.0844
sptw2sat,True,14,random_20_6_3,20,124,124,15.7954788208,0.2519,0.2952,0.2831,0.4002,0.469,0.567,0.4687,0.9244,0.7877,0.9474,1.2722,1.7046,3.3485,4.0121
sptw2sat,True,12,random_20_6_4,20,104,104,15.4053471088,1.8637,0.3103,0.2968,0.311,0.4176,0.5102,0.6293,0.9849,1.4001,1.5844,2.6415,4.3929
sptw2sat,True,13,random_20_6_5,20,115,115,16.5691838264,0.2708,0.2911,0.3091,0.3081,0.36,0.5079,0.6109,1.0952,1.2527,1.2628,1.8891,3.0541,5.3003
sptw2sat,True,13,random_20_6_6,20,112,112,19.8976759911,0.3421,0.2565,0.273,0.3212,0.4166,0.4515,0.5324,0.8307,1.0789,1.3635,2.7422,5.1756,6.0451
sptw2sat,True,13,random_20_6_7,20,124,124,11.9201109409,0.6539,0.2972,0.3032,0.305,0.3686,0.408,0.6394,0.6887,1.1488,0.9347,1.4326,1.7319,2.9452
sptw2sat,True,13,random_20_6_8,20,119,119,14.8900160789,0.6232,0.3416,0.3354,0.3116,0.3234,0.4376,0.4754,0.6201,1.0057,1.6309,2.4062,2.6066,3.7074
sptw2sat,True,13,random_20_6_9,20,110,110,21.657766819,0.3338,0.2735,0.347,0.3599,0.4827,0.5691,0.7866,0.881,1.5281,1.9719,2.6839,4.7175,6.655
sptw2sat,True,14,random_20_7_0,20,145,145,9.74141216278,0.242,0.2868,0.339,0.3576,0.3948,0.4665,0.5059,0.6263,0.5755,0.8401,1.2479,0.9107,1.2237,1.6536
sptw2sat,True,14,random_20_7_1,20,137,137,12.1929101944,0.2286,0.2712,0.3591,0.3516,0.4403,0.4678,0.5917,0.6434,1.1165,0.8319,1.2416,1.5226,1.6125,2.4379
sptw2sat,True,14,random_20_7_2,20,127,127,13.6689379215,0.2668,0.2466,0.2453,0.2513,0.3848,0.4355,0.7088,0.8964,1.0083,0.9415,1.2028,1.4982,2.4299,3.09
sptw2sat,True,14,random_20_7_3,20,127,127,15.0534431934,0.3176,0.2832,0.2542,0.2922,0.4452,0.4475,0.6139,0.9187,1.0052,1.211,1.0582,1.6245,2.8308,3.6885
sptw2sat,True,16,random_20_7_4,20,152,152,10.9246149063,0.2282,0.2748,0.3199,0.3308,0.3636,0.4877,0.4953,0.6659,0.5941,0.6632,0.8214,0.8892,1.0943,0.876,1.2449,1.4967
sptw2sat,True,14,random_20_7_5,20,132,132,11.9248628616,0.2925,0.2912,0.3203,0.3541,0.4654,0.423,0.3526,0.5342,0.8437,0.8082,1.0142,2.0873,1.6641,2.4011
sptw2sat,True,14,random_20_7_6,20,129,129,14.3399801254,0.4018,0.3371,0.2955,0.3358,0.5555,0.4673,0.6735,0.8522,1.0693,1.2407,1.1916,1.5293,2.2628,3.02
sptw2sat,True,14,random_20_7_7,20,130,130,12.2541639805,0.2167,0.2756,0.2678,0.3237,0.3633,0.4971,0.4931,0.6191,0.7911,0.8972,1.2502,1.2636,2.1268,2.8011
sptw2sat,True,15,random_20_7_8,20,143,143,12.323248148,0.2328,0.3841,0.3199,0.3206,0.3764,0.4356,0.5261,0.6323,0.6283,0.812,0.8714,2.053,1.0916,1.5938,1.9714
sptw2sat,True,15,random_20_7_9,20,139,139,13.0741121769,0.2567,0.3098,0.3072,0.3138,0.4062,0.4943,0.5746,0.6635,1.008,1.0427,0.8297,1.2688,1.2873,1.7764,2.4661
sptw2sat,True,15,random_20_8_0,20,154,154,10.3969318867,0.2129,0.3395,0.2712,0.343,0.3853,0.4455,0.4888,0.8288,0.8557,0.8902,1.015,0.9457,0.9929,0.9902,1.3041
sptw2sat,True,16,random_20_8_1,20,155,155,10.1930341721,0.1875,0.2868,0.2949,0.3308,0.3461,0.4955,0.5604,0.6481,0.7524,0.6747,0.7083,0.8628,0.7801,0.9204,0.96,1.3138
sptw2sat,True,15,random_20_8_2,20,147,147,10.8560590744,0.2289,0.3292,0.2807,0.3785,0.4131,0.4506,0.6833,0.7415,0.5812,0.8303,0.9518,1.0269,0.9794,1.4463,1.4625
sptw2sat,True,15,random_20_8_3,20,152,152,8.60168099403,0.2959,0.2942,0.3112,0.2906,0.3319,0.4108,0.5176,0.625,0.5584,0.872,0.6766,0.7688,0.7617,0.8148,1.0017
sptw2sat,True,15,random_20_8_4,20,150,150,9.92187619209,0.2355,0.316,0.3483,0.3678,0.4444,0.5026,0.5507,0.7272,0.5611,0.8843,0.8795,0.9683,0.9998,0.8748,1.1915
sptw2sat,True,15,random_20_8_5,20,147,147,10.3666200638,0.2336,0.2723,0.2789,0.3078,0.3868,0.4729,0.4319,0.6418,0.5772,0.709,0.9091,0.9807,1.2,1.137,1.7544
sptw2sat,True,15,random_20_8_6,20,151,151,10.6151080132,0.5958,0.315,0.3075,0.3184,0.3418,0.4267,0.4961,0.639,0.7189,0.9232,0.8222,0.9296,1.0921,1.0824,1.5311
sptw2sat,True,15,random_20_8_7,20,155,155,9.79198718071,0.237,0.3717,0.3016,0.3596,0.3896,0.6369,0.6552,0.6004,0.72,0.7822,0.9355,0.816,0.9169,0.8371,1.1525
sptw2sat,True,16,random_20_8_8,20,161,161,9.65533304214,0.2182,0.3419,0.3123,0.3307,0.4168,0.4352,0.4549,0.5411,0.6967,0.7168,0.7898,0.7664,0.9323,0.7752,0.8466,0.9868
sptw2sat,True,15,random_20_8_9,20,156,156,9.36958003044,0.2312,0.3262,0.3286,0.3415,0.4099,0.3982,0.6104,0.5983,0.7572,0.7225,0.7907,0.6911,0.806,1.0046,1.2778
sptw2sat,True,16,random_20_9_0,20,172,172,8.71753001213,0.206,0.3226,0.3308,0.3338,0.3906,0.4631,0.4723,0.5899,0.6762,0.7224,0.6347,0.8727,0.7964,0.535,0.6516,0.6192
sptw2sat,True,16,random_20_9_1,20,169,169,9.01705002785,0.298,0.3039,0.3335,0.3656,0.3711,0.447,0.4711,0.6889,0.6599,0.7628,0.6499,0.748,0.7718,0.6743,0.6971,0.6851
sptw2sat,True,17,random_20_9_2,20,178,178,8.02118897438,0.1593,0.2956,0.3141,0.3984,0.356,0.3838,0.4428,0.5071,0.4824,0.5825,0.7681,0.6744,0.607,0.5825,0.54,0.4564,0.3894
sptw2sat,True,17,random_20_9_3,20,170,170,8.64317297935,0.1654,0.2977,0.2902,0.3175,0.3499,0.401,0.4473,0.6027,0.6354,0.6447,0.772,0.7163,0.6453,0.6314,0.5447,0.5403,0.5552
sptw2sat,True,17,random_20_9_4,20,182,182,7.88533711433,0.1955,0.3349,0.3024,0.3537,0.353,0.3712,0.4536,0.4956,0.6216,0.4804,0.566,0.6548,0.5737,0.5224,0.6493,0.4575,0.4073
sptw2sat,True,16,random_20_9_5,20,171,171,8.84224390984,0.2684,0.3027,0.3328,0.3437,0.3824,0.4628,0.5713,0.5856,0.5586,0.6982,0.8357,0.8429,0.8714,0.5961,0.5706,0.5448
sptw2sat,True,16,random_20_9_6,20,169,169,8.88817596436,0.1858,0.3195,0.296,0.3473,0.4137,0.4851,0.4643,0.5993,0.5366,0.6699,0.6865,0.9,0.7254,0.7341,0.7336,0.7081
sptw2sat,True,16,random_20_9_7,20,177,177,7.62033605576,0.2268,0.3365,0.3106,0.3522,0.3747,0.4259,0.4438,0.5111,0.5904,0.5041,0.5213,0.7037,0.5712,0.7043,0.5416,0.4248
sptw2sat,True,17,random_20_9_8,20,172,172,9.01073813438,0.1755,0.3404,0.3153,0.3167,0.3856,0.5337,0.4512,0.6342,0.6498,0.7689,0.6798,0.6746,0.6728,0.633,0.6625,0.5628,0.4714
sptw2sat,True,16,random_20_9_9,20,167,167,9.11390519142,0.2626,0.2897,0.3113,0.3212,0.4289,0.4688,0.4961,0.687,0.7405,0.7473,0.7171,0.8239,0.6453,0.7987,0.5991,0.6996
sptw2sat,False,9,random_40_1_0,40,86,86,3338.36101198, ,3.8683,4.3202,12.0125,35.7436,99.6194,274.5801,908.1147,2000.0474
sptw2sat,True,8,random_40_1_1,40,75,75,1491.64473891,124.2374,3.2154,3.8386,7.243,17.8803,74.2912,229.8135,1031.0789
sptw2sat,False,10,random_40_1_2,40,86,86,4752.50576019, ,3.2741,3.5176,7.5618,18.1495,62.5785,273.483,657.1152,1726.726,2000.0441
sptw2sat,False,8,random_40_1_3,40,79,79,2521.36549997, ,3.2389,3.8493,6.2051,22.8133,121.5268,363.6356,2000.0497
sptw2sat,False,9,random_40_1_4,40,82,82,3281.17152095, ,3.35,4.9575,8.9297,27.996,83.7803,301.3133,850.7467,2000.0464
sptw2sat,False,8,random_40_1_5,40,69,69,2892.58206201, ,3.5789,5.3381,12.4256,40.0393,145.6392,685.4684,2000.048
sptw2sat,False,8,random_40_1_6,40,65,65,3370.87288904, ,2.4191,2.9961,7.4005,56.9678,271.3993,1029.5964,2000.0478
sptw2sat,False,9,random_40_1_7,40,74,74,3365.16414285, ,2.0375,3.4466,4.429,30.1997,59.6962,364.9809,900.2662,2000.0463
sptw2sat,True,5,random_40_1_8,40,54,54,101.761538982,6.6401,0.8909,1.0755,3.9943,89.1297
sptw2sat,True,9,random_40_1_9,40,80,80,2258.44991302,479.2602,2.8392,3.3795,7.523,18.0323,61.2205,134.5409,405.7976,1145.8002
sptw2sat,False,13,random_40_2_0,40,163,163,5087.16747284, ,3.6637,4.1132,4.7886,8.6546,16.3481,96.2336,137.3173,190.0787,285.1065,812.2154,1528.5092,2000.0405
sptw2sat,False,15,random_40_2_1,40,177,177,6660.2768209, ,4.0716,4.2152,5.9793,11.0078,19.6785,24.8879,55.1496,79.8842,164.5792,235.1302,681.5979,1689.8006,1684.1526,2000.0504
sptw2sat,False,13,random_40_2_2,40,163,163,4185.97599292, ,4.5619,4.5876,6.5968,14.8848,20.9832,34.7055,68.3743,141.8686,351.1727,656.0793,882.0288,2000.0507
sptw2sat,False,14,random_40_2_3,40,165,165,5962.39044595, ,4.022,4.3937,5.7539,12.3359,18.1804,54.103,112.5872,119.7305,221.3268,620.8846,975.4492,1813.4863,2000.0468
sptw2sat,False,13,random_40_2_4,40,164,164,4775.317559, ,4.1054,4.0434,5.5501,13.7098,15.2313,32.0209,80.6663,123.9716,267.3675,542.6836,1685.8483,2000.0452
sptw2sat,False,13,random_40_2_5,40,170,170,4967.82830405, ,4.6697,4.6249,8.7493,8.6935,19.5178,51.6071,82.3401,164.339,258.1156,722.9423,1642.0884,2000.047
sptw2sat,False,13,random_40_2_6,40,162,162,5024.90976882, ,4.0716,4.1888,5.3665,12.1765,45.4637,46.2961,84.2569,184.4991,198.3795,788.7863,1651.275,2000.0528
sptw2sat,False,12,random_40_2_7,40,150,150,4406.86180902, ,4.4839,5.2552,5.5062,14.451,31.4939,65.573,156.1368,291.7124,430.6437,1401.4694,2000.0661
sptw2sat,False,14,random_40_2_8,40,158,158,5555.48698688, ,4.3062,4.5148,5.3161,14.83,20.8658,46.5438,79.9892,182.5275,304.2897,420.3464,856.0652,1615.7567,2000.0445
sptw2sat,False,13,random_40_2_9,40,150,150,5010.33330607, ,4.3603,4.3702,5.125,12.0787,40.0703,41.9187,82.0421,139.15,204.8884,886.9399,1589.2446,2000.0594
sptw2sat,False,17,random_40_3_0,40,255,255,6230.04517603, ,4.3309,5.2823,5.094,9.1031,11.567,33.3116,41.255,51.2071,124.2359,177.8378,280.745,331.3389,561.2171,1178.1807,1415.1725,2000.0508
sptw2sat,False,16,random_40_3_1,40,226,226,5662.10792303, ,4.2134,4.0756,4.4942,7.0533,11.1314,15.5164,25.3699,86.2639,100.2682,251.8718,272.3358,478.4932,916.2027,1484.6629,2000.0482
sptw2sat,False,15,random_40_3_2,40,219,219,4975.86555409, ,4.1851,4.0934,5.5415,6.3506,13.9504,17.5062,81.9589,54.4794,97.5834,169.4103,591.0336,852.2286,1077.3845,2000.0541
sptw2sat,False,16,random_40_3_3,40,224,224,7144.17438507, ,4.1474,4.1513,6.5649,8.456,18.2378,27.3166,44.9004,65.7275,71.0376,228.769,371.3988,755.8152,1609.2758,1928.2229,2000.0505
sptw2sat,False,16,random_40_3_4,40,222,222,7431.82789898, ,4.9386,5.2264,5.5045,7.3735,11.3075,18.6447,101.8778,107.2028,101.7662,256.4716,351.0002,715.1067,1774.1572,1971.0795,2000.0446
sptw2sat,False,15,random_40_3_5,40,224,224,5438.0319519, ,3.7635,4.021,5.0049,6.9038,11.9929,25.8874,29.0285,68.2809,172.7248,208.6067,536.3907,1158.1116,1207.1743,2000.0598
sptw2sat,False,16,random_40_3_6,40,219,219,5873.6065321, ,4.246,4.4535,5.7494,9.448,17.1224,30.8701,47.3,89.1671,101.4579,158.5739,256.3005,534.9242,957.6991,1656.1115,2000.0745
sptw2sat,False,17,random_40_3_7,40,246,246,5972.82326198, ,4.6346,4.8085,6.0872,9.9158,18.2992,26.2371,33.3148,78.7981,100.2683,209.7136,479.8228,288.7127,780.0372,715.8733,1216.1376,2000.0509
sptw2sat,False,16,random_40_3_8,40,240,240,5578.904531, ,3.9576,4.5699,5.0491,8.2397,12.9732,21.7025,31.1682,46.9428,233.86,242.8697,194.9864,408.7561,811.7911,1551.89,2000.0406
sptw2sat,False,18,random_40_3_9,40,264,264,6404.61588216, ,4.2636,5.0216,5.7585,6.1666,12.5523,13.3869,54.6322,32.642,101.7822,94.2151,228.9173,289.0771,431.7058,795.5713,847.3644,1481.3823,2000.0573
sptw2sat,False,22,random_40_4_0,40,336,336,7823.92397809, ,4.1902,4.6625,5.3109,6.8643,9.1303,14.0417,20.8895,33.0365,42.821,60.9469,103.9866,181.5911,171.7872,358.2176,196.1829,312.7335,577.0501,767.9324,1292.3686,1659.9868,2000.0514
sptw2sat,False,19,random_40_4_1,40,301,301,5378.56886005, ,4.3326,4.3067,4.7311,7.4628,9.3552,13.9034,18.5821,46.3581,74.1501,107.5618,91.6706,130.5561,278.1495,246.2061,381.9145,886.1302,1073.0284,2000.0458
sptw2sat,False,19,random_40_4_2,40,302,302,5973.69565701, ,4.8029,4.7657,5.7871,6.6391,11.2725,11.9516,27.0824,42.34,54.8515,80.2843,140.4704,170.6387,188.6005,302.1215,561.8775,959.4839,1400.5399,2000.0577
sptw2sat,False,18,random_40_4_3,40,300,300,5147.4172802, ,3.9632,4.2552,4.7315,6.6146,15.9795,11.11,24.9484,39.1684,123.9394,93.2452,192.1771,224.2329,364.5313,364.5987,711.5396,962.2239,2000.0516
sptw2sat,False,19,random_40_4_4,40,289,289,7468.96850705, ,4.0439,4.5193,5.4599,7.2769,12.4902,17.6829,17.1989,61.6645,80.1912,97.4681,246.332,296.2384,439.6706,648.462,703.3113,1203.8562,1622.9015,2000.0519
sptw2sat,False,20,random_40_4_5,40,308,308,6463.69307399, ,4.1537,4.1762,5.4858,6.5632,10.3997,10.498,21.7422,54.1634,57.2911,70.8243,105.784,143.375,314.5184,380.1952,393.0125,617.1364,1013.5646,1250.6344,2000.0491
sptw2sat,False,20,random_40_4_6,40,311,311,7127.2017231, ,4.2065,4.2604,6.123,7.2477,15.5082,19.6287,36.538,70.3693,89.3621,134.7754,149.2103,271.0349,241.897,346.6851,526.9663,731.93,881.014,1590.2701,2000.0473
sptw2sat,False,20,random_40_4_7,40,314,314,7632.79166412, ,4.3168,4.8673,5.0175,7.9835,12.7435,12.982,29.8858,49.1971,124.4194,95.9952,78.484,291.3708,208.0939,235.0407,530.9861,849.1228,1168.8565,1923.2541,2000.0407
sptw2sat,False,19,random_40_4_8,40,316,316,4908.77869678, ,4.8003,4.501,5.5391,6.544,8.0246,14.7835,14.743,30.1478,64.7592,81.7695,123.5653,124.638,328.4667,207.6644,351.311,535.2326,1002.1053,2000.0505
sptw2sat,False,21,random_40_4_9,40,321,321,7641.45631599, ,4.6039,4.7694,5.1444,6.2965,10.9356,19.617,29.9104,28.789,84.6418,92.4839,130.0689,119.7878,280.8547,255.1239,325.1849,439.8431,677.9761,1264.68,1860.5514,2000.0563
sptw2sat,False,24,random_40_5_0,40,389,389,7521.61883616, ,4.4081,4.4431,5.3143,6.591,9.452,12.7909,15.1265,21.4654,34.2322,62.0023,43.5314,58.9347,102.0913,138.7324,167.3635,222.4845,455.5564,308.0155,403.2641,640.5713,1063.1124,1741.9154,2000.057
sptw2sat,False,25,random_40_5_1,40,401,401,6942.04946995, ,3.9885,4.0072,4.8114,4.9316,5.7075,8.1939,11.0809,16.0592,29.7908,51.1398,53.8416,49.4378,99.5307,102.8977,152.0713,166.37,190.4039,252.5896,300.1599,499.867,672.1052,867.0727,1395.7764,2000.0475
sptw2sat,False,25,random_40_5_2,40,399,399,7846.46922517, ,4.1647,4.477,4.6318,4.8465,8.1868,10.9707,12.7198,24.8887,28.5722,47.3943,80.7071,57.9368,118.6389,108.2156,151.0386,244.3735,245.2672,238.2004,573.3676,549.9522,866.5659,1094.0162,1367.0977,2000.0589
sptw2sat,False,24,random_40_5_3,40,377,377,8238.71165204, ,4.4022,4.2493,4.8369,5.8749,6.2174,11.5768,14.9215,29.096,28.4463,61.2401,84.906,78.9808,152.2694,131.4503,192.1274,174.8085,266.3926,363.9519,789.4215,1023.8696,1280.1112,1529.3559,2000.0485
sptw2sat,False,24,random_40_5_4,40,379,379,7633.74973011, ,4.5659,4.0056,5.1514,5.1757,6.1898,9.0083,12.3192,15.9241,18.9214,37.5087,38.4038,72.6047,90.4528,117.2176,147.4131,192.2252,310.383,396.3383,631.681,707.8298,1147.7802,1662.4681,2000.0471
sptw2sat,False,26,random_40_5_5,40,421,421,7641.43829894, ,3.8407,4.0381,4.4075,5.0745,6.6027,11.0766,11.6656,15.1358,19.6776,35.0216,36.7179,42.1411,62.165,96.174,134.3523,109.3657,165.7505,167.8011,201.7211,264.1583,635.5517,825.2526,993.8236,1789.7223,2000.0494
sptw2sat,False,24,random_40_5_6,40,404,404,6346.01599216, ,3.8735,3.9112,4.1424,5.0526,9.6115,9.9297,16.3441,30.3958,26.3208,40.2261,49.6572,62.7823,63.5052,107.402,110.1521,137.815,192.1548,249.2891,381.9244,631.8246,915.6372,1293.8439,2000.0573
sptw2sat,False,25,random_40_5_7,40,412,412,7315.28768492, ,4.0381,4.3887,4.8886,5.755,6.8429,9.6426,12.963,18.5089,31.0489,30.1948,51.2186,50.673,65.148,110.0702,90.9252,138.6847,157.9597,274.9764,359.0059,478.4212,671.2077,1111.3948,1627.1149,2000.0615
sptw2sat,False,25,random_40_5_8,40,393,393,8749.67328691, ,4.0856,4.086,4.8382,5.2353,7.9289,9.0243,18.2403,26.4844,32.6234,24.9773,38.3375,65.9327,84.4237,121.9181,161.5776,232.231,300.6588,434.5708,487.4477,708.1649,953.2895,1293.1629,1730.2276,2000.0423
sptw2sat,False,25,random_40_5_9,40,401,401,8743.22082591, ,3.9968,4.0285,5.0262,4.8194,7.4466,11.3343,13.3477,19.1619,42.5565,42.987,68.6919,122.1022,78.5396,137.045,157.9899,293.0627,239.5639,317.189,390.724,629.7863,924.3723,1459.8607,1769.3617,2000.069
sptw2sat,False,29,random_40_6_0,40,476,476,8197.06556392, ,4.2627,4.4397,4.7553,5.9327,8.4535,10.0035,14.3467,13.1727,10.9841,17.5823,19.932,40.7468,43.5269,63.7995,77.0759,89.4679,79.6438,126.3472,133.1677,144.564,231.0957,373.1641,478.7049,694.2312,837.3093,1178.1163,1491.9483,2000.0725
sptw2sat,False,29,random_40_6_1,40,477,477,7946.56476617, ,4.3822,4.9941,5.2098,6.5545,7.8265,8.0547,11.1865,11.9183,16.8971,27.5582,30.0637,45.1547,45.7929,76.8099,126.3765,84.1975,109.9168,139.1383,159.0808,195.1858,165.4973,255.5301,420.4187,495.0561,879.3183,1099.6358,1514.5051,2000.051
sptw2sat,False,28,random_40_6_2,40,443,443,9222.55865788, ,4.1212,4.335,4.4307,6.1665,6.804,7.5636,17.649,13.2046,20.1457,37.525,69.2445,44.8628,71.0458,64.0625,105.0777,115.7649,121.7664,211.4571,180.8793,256.152,289.4658,395.7222,766.5077,1124.2165,1400.7965,1883.3618,2000.0428
sptw2sat,False,30,random_40_6_3,40,489,489,8271.72171402, ,4.1431,4.9758,4.894,6.4908,6.0853,9.1295,10.7563,13.8306,16.1654,26.43,26.6524,35.9544,42.7343,46.8139,84.5595,80.8483,94.5961,120.7966,91.6568,118.2867,188.8538,225.2239,373.0994,460.7923,774.6543,905.4122,975.9409,1521.6978,2000.0536
sptw2sat,False,28,random_40_6_4,40,449,449,8989.17776704, ,4.2003,4.857,5.4846,6.5382,7.1069,8.3506,9.9989,21.7393,32.0351,33.5903,33.8322,52.3619,58.4703,59.2445,123.4576,137.8723,162.8277,147.4451,155.3806,181.1433,304.4135,482.4343,852.4794,1128.994,1308.2556,1666.3923,2000.0599
sptw2sat,False,28,random_40_6_5,40,444,444,8538.17416215, ,3.977,4.0956,5.323,5.3889,7.3999,8.3193,15.2344,24.3327,20.5662,31.0651,39.8422,55.2216,51.024,120.3,86.1687,115.144,170.2264,175.454,228.386,269.6895,303.0363,386.4991,554.5753,717.0194,1216.7305,1922.9268,2000.0398
sptw2sat,False,29,random_40_6_6,40,459,459,8888.27071285, ,3.9447,4.0785,4.3566,4.967,7.097,8.4227,10.9463,16.216,16.3996,34.561,39.0134,46.2765,57.5018,75.2895,65.4133,83.7285,126.3991,144.0733,130.7055,157.1274,220.3579,328.9954,435.0791,715.1499,976.6264,1267.7388,1907.5469,2000.0678
sptw2sat,False,28,random_40_6_7,40,446,446,8858.7763679, ,4.37,4.0722,5.2858,5.7481,6.2555,12.2693,8.363,14.028,17.3513,24.1319,28.1695,57.9344,70.7655,79.3467,73.2089,129.9878,149.2276,163.4144,174.6988,252.1137,338.4266,563.5602,629.6427,879.3277,1331.0149,1835.8093,2000.0764
sptw2sat,False,30,random_40_6_8,40,475,475,8536.34624195, ,3.915,4.6149,4.8104,5.8874,8.2863,7.5798,16.1016,15.3892,31.6338,19.9259,37.5298,47.3691,49.4061,44.0538,81.7685,81.9429,89.6443,98.9823,99.1755,154.4921,178.8154,248.7365,322.485,524.6905,675.7692,867.2349,1149.6962,1666.1494,2000.0488
sptw2sat,False,29,random_40_6_9,40,468,468,7382.96560407, ,4.0206,4.2102,4.7634,5.6655,6.5861,10.7788,14.0466,17.9135,14.3924,19.3094,38.5796,55.7511,42.322,51.3432,59.6653,100.1587,88.0753,94.762,121.2539,139.4596,215.8086,348.1479,411.8645,520.6411,752.364,920.4176,1320.4409,2000.0436
sptw2sat,True,32,random_40_7_0,40,547,547,5462.31499004,23.598,4.1801,4.3713,6.0678,5.983,6.5603,9.2757,11.3814,10.5063,20.8796,17.7534,21.5313,27.2165,35.483,34.4057,51.5132,38.6497,50.9573,73.209,53.6643,66.7697,100.1671,82.2262,104.869,119.8736,206.931,289.7929,433.9543,522.6628,764.2704,1144.241,1119.1364
sptw2sat,True,32,random_40_7_1,40,534,534,6058.43676305,99.0216,4.2959,4.3636,5.6242,6.4826,6.7328,9.9799,9.9601,14.3953,21.3199,27.6417,23.2989,24.8361,58.6012,37.3428,52.3865,40.3564,97.4224,90.0507,87.9364,117.8886,87.2488,101.0407,95.8507,163.4932,203.0127,249.802,386.6597,705.4625,728.1295,855.7243,1641.8307
sptw2sat,True,32,random_40_7_2,40,567,567,3039.05440712,32.0117,4.0388,3.9964,4.2653,4.6292,5.375,5.855,8.5777,14.1045,11.3053,17.7697,14.6915,25.2754,23.247,25.8379,42.3868,45.5821,39.9507,75.5939,41.0416,52.7524,87.5886,100.5279,84.2808,64.768,100.3629,120.424,220.202,322.8044,408.0425,517.9747,513.5814
sptw2sat,True,32,random_40_7_3,40,561,561,3339.64412403,17.6592,4.4236,4.3075,5.6967,6.0794,5.8099,6.1451,10.7521,9.5743,16.0651,22.7747,22.5261,31.5113,38.2037,37.8455,41.8585,67.7487,61.92,48.8685,69.4264,71.0323,81.6573,85.6583,128.0084,113.5534,117.6459,170.8422,222.5669,286.1172,360.7942,512.5845,659.7567
sptw2sat,True,32,random_40_7_4,40,568,568,2913.2372129,114.3151,4.208,4.6132,5.0222,6.1031,7.3062,7.0099,9.3418,7.9705,11.274,14.3559,24.3558,32.2573,31.6591,35.5119,32.1828,59.0827,53.8342,69.4681,58.0808,59.2202,81.6375,73.6127,94.022,78.4823,102.0008,152.5639,200.2333,256.3912,314.145,372.6906,540.0618
sptw2sat,True,31,random_40_7_5,40,515,515,6922.57321405,77.5117,4.0852,4.6625,5.1895,5.4159,8.8125,8.6579,9.6322,14.0676,19.5833,18.5005,28.2949,30.5213,47.9981,46.9812,66.3758,50.8818,94.8234,68.5265,91.3303,67.6214,131.8198,118.5376,166.9037,325.3455,446.7335,475.2649,631.4082,1009.2779,1146.4619,1701.1132
sptw2sat,True,32,random_40_7_6,40,565,565,2940.62319589,9.5399,4.0736,4.4008,4.9302,4.7717,5.9141,7.7539,8.0897,8.7427,12.8497,12.0475,19.5167,27.2368,27.0869,30.1253,32.1781,59.0274,52.1223,66.9305,51.1728,65.0604,63.5695,68.2655,60.1699,60.5807,107.1221,129.8122,217.424,311.8552,352.7928,456.0252,599.2067
sptw2sat,True,32,random_40_7_7,40,557,557,3735.62245107,23.2731,4.2055,4.3518,4.7826,4.6573,5.7077,6.804,7.1921,8.2431,14.2645,13.1018,19.7703,34.9009,27.9295,46.601,48.9032,40.4118,41.8078,58.2668,67.5118,81.8384,65.0622,72.6987,94.8453,108.315,174.4201,211.7256,293.4846,333.4644,479.3009,578.1215,759.453
sptw2sat,True,32,random_40_7_8,40,540,540,4713.01092482,24.6048,4.0237,4.5868,4.998,5.0368,5.0033,10.4838,10.1779,13.0358,15.2195,16.4956,18.9675,34.9416,34.2421,36.5164,49.5087,44.8782,80.3191,55.5686,66.8423,98.7199,60.9531,112.7411,103.4762,167.5286,151.153,314.6655,318.323,495.2394,651.6119,724.2249,978.7201
sptw2sat,True,33,random_40_7_9,40,553,553,4480.26412416,4.2653,4.3452,4.2344,4.4462,5.8058,6.7366,6.1,9.3158,10.0293,12.0356,12.877,22.8747,22.6255,24.8122,23.9537,37.5464,46.2045,49.405,68.659,53.5505,59.2909,65.8632,91.2182,74.9757,98.5483,146.7006,194.8813,253.4144,359.9337,397.8357,570.1847,711.3381,1026.0517
sptw2sat,True,34,random_40_8_0,40,631,631,1392.16075611,16.0079,3.994,4.0753,5.09,5.3659,6.2658,6.1023,8.178,8.2705,10.956,11.7998,14.2857,30.7361,22.6277,28.4224,32.889,43.7033,35.6706,34.6011,40.0023,41.9327,59.689,61.1586,52.8605,56.2425,44.1577,42.0005,37.2468,43.6167,70.1999,88.9532,124.9208,146.6393,153.2866
sptw2sat,True,34,random_40_8_1,40,622,622,1711.35261297,2.1137,4.2816,4.7393,5.5039,5.9325,6.7488,7.1817,7.1752,9.9244,13.6114,12.2661,24.1857,20.9434,34.5074,35.6804,33.3287,36.3062,29.1931,41.1437,44.7493,55.41,47.9317,48.3179,69.4666,48.7551,43.3949,48.6149,60.8199,67.6657,83.8835,127.4021,191.0433,208.2143,230.6769
sptw2sat,True,34,random_40_8_2,40,611,611,1856.85404205,2.9365,4.2123,4.4322,4.2176,4.8899,5.2995,9.267,6.7047,11.8709,15.676,16.6954,20.5489,21.058,19.474,25.6544,29.4002,33.7469,39.9708,44.9716,49.0642,47.2024,41.8165,59.8058,42.979,56.1525,57.3832,60.5607,66.1284,114.8294,140.2225,168.2319,178.204,219.832,233.1521
sptw2sat,True,34,random_40_8_3,40,636,636,1138.96796703,1.8813,4.1545,4.4102,4.8067,5.4135,6.1327,6.9919,7.0572,9.2177,11.3473,11.9128,13.77,20.3947,19.5464,19.8129,32.7236,26.8562,36.4707,37.7698,33.7808,39.0004,37.8604,52.3816,45.0366,51.0044,33.0144,36.9372,48.0437,54.867,53.5371,68.9356,88.663,103.8278,111.162
sptw2sat,True,34,random_40_8_4,40,625,625,1414.29950809,7.0837,4.4656,4.8224,4.8119,5.0385,5.997,6.5498,8.4562,10.054,10.2961,15.08,22.3425,17.5026,23.8492,25.7737,32.3339,31.7362,38.2471,38.9011,46.0459,34.5626,37.5263,50.2032,47.215,48.3121,41.7518,49.7705,43.4829,46.5176,87.7833,89.2456,136.1626,170.9165,171.1999
sptw2sat,True,33,random_40_8_5,40,624,624,1277.08705807,29.0848,4.6476,4.7853,4.9858,6.1117,6.9261,7.8891,6.8075,8.6487,11.0363,11.0186,18.1714,17.0985,19.8166,28.6062,29.2205,31.4809,31.9325,50.3674,43.7741,36.1273,39.5902,42.1367,38.27,42.0596,39.5025,54.5969,45.8721,67.921,86.3977,109.8194,128.6514,173.4944
sptw2sat,True,33,random_40_8_6,40,633,633,1135.35426497,21.3808,4.2652,4.5711,4.8008,5.5508,5.2865,7.5047,9.0231,9.5085,11.4695,20.0917,16.2006,11.5897,29.6491,15.7871,24.5251,25.2819,20.9195,26.6029,26.7155,30.0841,38.9319,42.3315,52.17,65.3979,45.3345,43.7571,38.3237,66.2289,85.4276,84.4088,124.3328,117.6671
sptw2sat,True,33,random_40_8_7,40,626,626,1518.57671905,62.1895,4.5885,4.2141,5.0801,6.5419,6.9761,7.7833,8.2159,8.8517,10.5525,13.1297,27.1493,14.8055,20.1184,32.2755,21.7478,27.4753,34.5712,37.3888,45.9866,45.7621,61.8716,49.8299,78.6186,56.7481,42.7106,63.461,79.9341,106.0383,115.8546,114.1277,137.1762,166.5537
sptw2sat,True,34,random_40_8_8,40,629,629,1281.36589599,9.3052,4.5766,4.7627,5.3294,5.8437,6.7907,7.2443,8.1269,8.897,10.0873,9.4575,14.0786,16.6063,17.6257,14.6666,27.8103,30.3304,23.7683,34.796,37.426,42.486,44.8221,51.5739,39.3388,46.0402,36.125,40.2051,42.2434,63.8824,83.2728,93.8841,108.6428,138.7991,152.3059
sptw2sat,True,33,random_40_8_9,40,612,612,1468.93449903,29.74,4.0662,4.0291,4.5536,5.7356,6.0519,7.1806,12.2385,7.7654,8.8748,16.1535,15.3585,15.129,23.0433,28.9841,29.8547,21.8117,35.158,32.4874,37.1865,71.6423,54.5497,42.9562,39.3974,65.2912,53.8861,78.0368,76.3826,74.6261,102.7387,123.7466,153.767,186.2993
sptw2sat,True,36,random_40_9_0,40,714,714,539.304591894,1.3487,4.0327,4.2638,5.1264,5.7603,6.0938,6.8186,7.426,9.679,9.7539,9.5073,15.3228,12.4608,15.6981,16.4151,12.2701,15.4999,15.802,26.0486,20.366,25.6737,15.5615,26.1303,19.8497,18.193,26.254,26.4278,21.9518,16.8109,16.5701,19.8651,18.8993,14.4464,16.2849,16.6962,19.7561
sptw2sat,True,35,random_40_9_1,40,713,713,549.716953039,2.3105,4.3881,4.4228,5.0068,5.0142,6.8192,6.0241,7.9051,7.199,7.1512,10.8114,13.2802,14.6872,15.0104,16.1665,20.9827,23.3699,19.7541,19.9662,21.9275,23.5981,21.9515,23.9714,30.3239,26.5886,20.1922,21.5913,22.9712,23.2982,16.2679,17.3906,16.9876,15.9912,18.7744,17.422
sptw2sat,True,36,random_40_9_2,40,694,694,651.758883953,1.829,4.0568,4.2665,4.8442,5.1579,5.1397,5.6264,7.0882,6.6622,8.9832,12.7251,15.9478,14.3862,20.7379,13.8888,24.1342,21.0685,20.4285,20.7192,26.447,20.3834,27.6169,26.5522,22.4552,20.3718,23.0664,25.3173,23.008,22.9473,26.5948,27.8203,24.2984,22.9599,24.6125,32.3154,37.0858
sptw2sat,True,35,random_40_9_3,40,709,709,620.132962942,2.8401,4.4143,4.9779,6.0608,6.038,6.1124,6.6159,6.5192,9.2746,9.8845,10.1606,9.6278,12.6712,21.7369,18.9236,23.481,19.3085,25.0851,25.3167,30.7648,17.396,27.1621,28.7631,29.8663,31.3509,25.2574,23.946,26.4053,27.6014,23.7316,19.4512,18.225,18.226,19.0426,23.7024
sptw2sat,True,36,random_40_9_4,40,711,711,582.213709831,1.5838,4.3156,4.5438,5.012,5.6827,7.1906,6.606,7.0904,7.4689,8.5557,10.5285,14.1832,11.3725,16.2551,20.0376,15.0888,19.0725,20.674,15.2712,23.8404,24.4563,30.648,25.0772,23.0162,18.7227,25.0969,22.1321,26.7288,22.2994,20.6331,20.5018,21.3188,17.5364,19.942,20.7197,18.8055
sptw2sat,True,35,random_40_9_5,40,694,694,576.316413164,5.2975,3.9915,4.4603,4.8563,5.9728,6.2376,7.3091,6.9828,7.9268,11.6526,8.7513,15.3464,10.435,15.2197,17.8105,20.3023,16.1003,19.463,17.2839,16.0318,21.1153,23.6252,24.1065,22.671,24.2007,30.63,23.4469,25.0647,21.6936,23.3708,20.4996,16.9204,22.0605,27.502,27.7601
sptw2sat,True,36,random_40_9_6,40,704,704,553.054276943,1.7048,3.9157,3.9928,4.5977,4.9683,5.5157,6.0302,8.7464,7.3112,8.0689,6.9225,7.4508,14.112,14.8203,8.459,19.2185,10.7847,21.5256,27.2416,21.9605,27.9879,24.6531,27.7219,23.7753,19.9109,24.563,25.8692,18.4532,19.6714,16.0081,21.3713,19.0105,14.8235,17.8656,20.8735,22.9495
sptw2sat,True,36,random_40_9_7,40,705,705,643.907506943,1.6922,4.0169,4.4744,4.9408,5.3765,5.3964,8.6588,6.5119,9.4599,9.6366,13.4327,12.3536,13.16,15.9506,14.7761,19.8786,21.1374,23.8286,30.4052,27.3306,23.4792,27.3872,26.7959,32.2061,30.2174,28.4291,26.3886,26.297,22.3985,22.7892,22.7758,20.0311,17.0969,15.3828,23.826,25.7918
sptw2sat,True,36,random_40_9_8,40,697,697,627.520848989,1.4387,4.4213,4.6214,4.9105,6.0465,5.4219,6.6435,6.8877,8.0582,12.8552,11.323,14.0876,13.0483,16.4508,11.9458,22.624,21.7117,25.206,22.2937,21.7143,30.8233,31.176,29.153,27.1251,26.1493,19.48,27.0784,21.8671,17.4782,20.5062,20.0741,16.4528,17.2733,24.7599,28.6283,27.5709
sptw2sat,True,35,random_40_9_9,40,704,704,568.492146969,6.18,4.4207,4.3443,4.6633,5.0909,5.9136,8.5326,9.347,10.6518,9.0209,9.9646,12.3839,17.3081,15.9524,14.5381,16.5323,17.925,21.995,25.9758,25.2486,31.5709,24.9363,19.1077,26.9421,16.3103,17.5503,19.885,22.4567,22.5432,18.8061,19.9751,18.1848,17.9603,24.4325,21.6468
sptw2sat,False,8,random_60_1_0,60,166,166,3545.08885193, ,4.8719,7.3355,33.7058,73.4953,352.174,1073.3963,2000.0637
sptw2sat,False,8,random_60_1_1,60,156,156,3222.07472777, ,4.9648,13.599,18.036,69.4178,184.6085,931.3242,2000.0729
sptw2sat,False,10,random_60_1_2,60,176,176,5830.10718703, ,6.0227,8.7301,27.9218,71.6705,306.1746,983.4202,857.2291,1568.8007,2000.0734
sptw2sat,False,8,random_60_1_3,60,162,162,3569.61037898, ,5.6186,8.3791,32.0752,130.5591,426.9352,965.9058,2000.0829
sptw2sat,False,8,random_60_1_4,60,165,165,2952.45909691, ,8.4291,12.3795,37.7474,75.3627,225.9324,592.4879,2000.0764
sptw2sat,False,10,random_60_1_5,60,194,194,6923.61562181, ,8.2144,11.8789,66.1308,165.9001,311.5084,642.8812,1827.9453,1888.9829,2000.0915
sptw2sat,False,9,random_60_1_6,60,149,149,6205.16475201, ,13.6737,20.5972,40.2986,108.5895,798.7112,1707.5025,1515.6522,2000.0743
sptw2sat,False,8,random_60_1_7,60,167,167,3868.80840898, ,9.7188,13.9347,62.2899,189.7224,372.9345,1220.0417,2000.1203
sptw2sat,False,8,random_60_1_8,60,172,172,3808.04503489, ,13.232,24.7297,49.7014,171.4217,313.0345,1235.7847,2000.0932
sptw2sat,False,9,random_60_1_9,60,179,179,4685.90401697, ,11.1035,22.7182,26.3054,144.2006,208.1968,642.0683,1631.1446,2000.0818
sptw2sat,False,11,random_60_2_0,60,367,367,5145.51842403, ,5.7056,8.3143,27.231,27.9264,104.7051,139.3574,478.046,794.2539,1559.8239,2000.0933
sptw2sat,False,11,random_60_2_1,60,362,362,5584.00683284, ,12.6715,13.5531,16.9618,46.2612,134.1081,210.0997,304.3205,1283.4981,1562.352,2000.0922
sptw2sat,False,10,random_60_2_2,60,362,362,3952.43276191, ,8.0032,13.3087,17.6195,54.0997,93.9125,168.1333,518.5108,1078.701,2000.0787
sptw2sat,False,11,random_60_2_3,60,367,367,5679.04196906, ,6.7835,9.7289,17.4403,31.4675,98.408,443.9702,354.2498,1074.9922,1641.7872,2000.1326
sptw2sat,False,10,random_60_2_4,60,348,348,4300.40469408, ,5.8538,7.0462,21.3035,76.7494,114.6611,318.2472,498.6367,1257.5717,2000.2572
sptw2sat,False,11,random_60_2_5,60,364,364,5528.90176082, ,11.1905,15.9354,20.08,57.3454,95.3162,501.2242,389.0314,841.9787,1596.6131,2000.0901
sptw2sat,False,10,random_60_2_6,60,379,379,4510.13617706, ,7.3941,9.6469,22.8287,32.2803,64.633,234.8126,837.6227,1300.7382,2000.0941
sptw2sat,False,11,random_60_2_7,60,367,367,5780.39079094, ,6.5205,8.0415,17.8723,31.8001,88.1611,337.1037,670.2042,862.8155,1757.6999,2000.0924
sptw2sat,False,10,random_60_2_8,60,364,364,4942.25787497, ,6.8582,9.4518,28.7734,92.9461,130.3313,416.8703,591.3652,1665.4711,2000.1104
sptw2sat,False,11,random_60_2_9,60,373,373,5093.60180521, ,7.2406,9.4268,19.0871,36.3309,107.2184,177.4762,739.939,724.8808,1271.8173,2000.096
sptw2sat,False,14,random_60_3_0,60,522,522,7839.38522911, ,17.5771,12.934,20.7152,43.6264,54.5737,69.5216,347.5052,355.6834,651.2953,730.7145,1807.0,1728.0157,2000.1062
sptw2sat,False,13,random_60_3_1,60,494,494,7219.09515905, ,6.3576,8.0676,11.2494,17.4588,72.9989,88.8416,222.0838,547.1053,904.7623,1688.1598,1651.8368,2000.0908
sptw2sat,False,13,random_60_3_2,60,551,551,6292.66802502, ,7.0084,8.6978,13.5548,34.2568,86.2743,176.7141,168.037,411.0809,974.2975,563.9134,1848.645,2000.0952
sptw2sat,False,13,random_60_3_3,60,531,531,6147.32472396, ,6.667,6.8499,10.2351,24.4678,45.9784,105.101,149.5984,299.3644,1107.29,1243.1872,1148.4076,2000.0895
sptw2sat,False,11,random_60_3_4,60,524,524,2986.91178823, ,5.9704,8.4065,9.4823,13.2233,38.0222,82.9361,107.6824,352.4837,368.5308,2000.1036
sptw2sat,False,12,random_60_3_5,60,557,557,4359.449862, ,5.8431,9.1189,10.4099,26.7916,39.0896,166.7042,120.0439,340.3626,225.3795,1415.5488,2000.0827
sptw2sat,False,12,random_60_3_6,60,511,511,4938.15209794, ,7.1944,8.3377,12.4911,16.5631,33.0716,41.3687,243.136,554.6593,1141.5744,879.5482,2000.0935
sptw2sat,False,11,random_60_3_7,60,512,512,3770.98805499, ,6.5891,8.7092,17.3801,15.0902,57.2486,171.7132,470.7086,441.0284,582.3651,2000.0845
sptw2sat,False,13,random_60_3_8,60,529,529,7078.58638287, ,14.5663,12.328,16.4331,28.8771,66.3039,108.5843,287.1482,580.982,1165.9392,1638.529,1158.6671,2000.0959
sptw2sat,False,11,random_60_3_9,60,549,549,4233.23246002, ,6.7123,8.7552,13.6511,18.9325,79.498,59.2769,242.7973,595.2169,1208.2277,2000.0914
sptw2sat,False,16,random_60_4_0,60,730,730,9383.93194985, ,7.5326,7.755,10.5667,24.1701,33.8324,49.8038,84.2183,128.6936,627.0402,875.8006,1404.8816,863.5411,1732.5315,1533.3252,2000.0986
sptw2sat,False,14,random_60_4_1,60,693,693,5000.50042009, ,8.103,8.4673,11.2318,25.7322,49.2744,80.8486,77.6276,267.6711,327.8123,408.6936,894.2111,840.6328,2000.0999
sptw2sat,False,16,random_60_4_2,60,756,756,6499.92590594, ,6.9998,8.6189,8.8295,17.9302,28.3628,45.9776,61.8895,127.1915,358.8724,575.6771,432.1846,796.5295,810.9627,1219.6591,2000.117
sptw2sat,False,13,random_60_4_3,60,677,677,4075.45841599, ,7.4662,8.9195,10.7582,20.2759,37.7485,57.8285,132.3542,130.7551,211.657,619.6973,837.7974,2000.1172
sptw2sat,False,14,random_60_4_4,60,684,684,6396.23289514, ,6.7348,7.653,9.6394,22.0994,24.1194,169.6762,154.5908,250.2733,352.5837,616.1651,1621.5217,1160.9662,2000.115
sptw2sat,False,13,random_60_4_5,60,654,654,4801.9677701, ,7.14,7.4023,13.5109,19.2317,22.2929,164.8395,132.8887,236.0733,530.692,506.9637,1160.7022,2000.1116
sptw2sat,False,15,random_60_4_6,60,687,687,7820.73259091, ,6.8674,8.715,10.0282,18.9582,61.9577,56.193,175.6125,271.2058,359.6267,784.8699,1069.2907,1741.402,1255.8032,2000.108
sptw2sat,False,14,random_60_4_7,60,726,726,5546.96680188, ,6.6631,8.5806,11.9015,20.1798,39.753,44.1488,80.2458,180.3958,127.7589,315.8206,1243.4281,1467.9063,2000.0918
sptw2sat,False,16,random_60_4_8,60,698,698,10119.5459239, ,6.4956,10.559,12.6533,22.7238,48.0251,52.8965,107.7674,382.4284,451.362,245.3165,1997.6058,1283.6382,1561.748,1936.1203,2000.1026
sptw2sat,False,15,random_60_4_9,60,695,695,6202.99077702, ,14.0284,21.4851,12.3898,28.7129,32.2638,40.7318,94.2427,219.7902,495.3686,591.9678,753.8641,790.1598,1107.7496,2000.1038
sptw2sat,False,20,random_60_5_0,60,909,909,9754.97135806, ,7.9403,6.8136,8.8076,15.8873,21.3488,24.9744,73.1362,78.2642,93.941,200.1685,201.6252,444.243,520.141,838.1836,989.7861,1332.9787,1145.4068,1751.0239,2000.1095
sptw2sat,False,19,random_60_5_1,60,863,863,9893.29726601, ,6.7129,11.8553,12.469,14.5295,34.9997,51.4957,62.2727,183.5798,114.489,210.7046,291.4027,601.6226,477.5636,1508.4093,1056.0761,1331.2808,1923.5635,2000.1015
sptw2sat,False,17,random_60_5_2,60,881,881,6868.653584, ,6.4535,7.6123,10.2177,15.9394,20.2055,46.221,48.2137,170.7996,129.8657,374.7679,518.1544,496.904,776.6264,726.5727,1519.8871,2000.097
sptw2sat,False,18,random_60_5_3,60,920,920,8067.00267696, ,12.3197,14.2536,11.8914,17.8412,35.4573,39.8739,53.3588,84.7649,137.8649,198.5084,399.2609,460.4621,830.6924,999.5376,1407.7054,1362.9445,2000.1105
sptw2sat,False,19,random_60_5_4,60,905,905,9070.1982491, ,9.4056,11.9003,10.914,16.4297,26.3313,29.7723,39.733,207.9703,312.3063,375.4172,631.7936,466.5987,507.6461,529.0268,973.6764,1281.2859,1639.6823,2000.1046
sptw2sat,False,18,random_60_5_5,60,929,929,8280.16705799, ,7.3813,8.1593,9.7568,17.4165,33.8335,37.9531,53.1155,85.9785,109.5459,199.5346,392.593,977.138,695.1154,1099.2113,1333.6901,1219.5064,2000.1092
sptw2sat,False,17,random_60_5_6,60,863,863,8639.37684298, ,6.1601,8.1975,9.0249,19.7457,35.8597,70.1196,81.1798,102.622,205.9647,414.4402,461.9305,705.9488,1524.2796,1002.3174,1991.3543,2000.1101
sptw2sat,False,19,random_60_5_7,60,903,903,8771.50737906, ,10.0996,13.9285,13.5652,22.4822,24.9744,48.2023,61.6002,170.2014,177.6625,366.3425,286.0727,431.4192,426.9837,848.3279,1141.0192,1396.2945,1332.0672,2000.1129
sptw2sat,False,16,random_60_5_8,60,883,883,5420.7554059, ,6.6761,8.3665,8.6457,19.0248,26.2176,42.9502,52.5574,74.2213,139.099,516.1334,253.6301,262.1037,635.3836,1375.526,2000.0998
sptw2sat,False,17,random_60_5_9,60,857,857,7954.86022282, ,14.5842,12.1521,27.6206,29.4203,35.5347,42.7239,74.3393,77.3127,186.1392,258.0611,482.3775,825.729,1052.1824,1001.489,1834.9358,2000.1045
sptw2sat,False,22,random_60_6_0,60,1066,1066,10656.023118, ,13.1768,13.4135,11.694,15.4638,18.8979,27.9083,58.643,61.6853,108.4106,144.58,273.2431,426.4956,321.691,401.8233,677.9121,512.5936,1035.8667,1874.1751,1524.0282,1133.9739,2000.1113
sptw2sat,False,21,random_60_6_1,60,1049,1049,10835.667248, ,6.7651,7.8426,9.1705,17.6877,22.3909,34.1874,55.4844,68.7561,139.7231,197.4403,266.0778,413.2059,573.4639,592.1018,1173.7177,781.0287,1033.6833,1466.7395,1975.9448,2000.1071
sptw2sat,False,22,random_60_6_2,60,1102,1102,9174.42930913, ,7.3968,8.3475,11.6129,8.9183,24.1963,24.9726,37.1925,53.5578,102.7795,99.0937,206.3216,240.1823,245.2566,440.2887,460.178,827.3303,945.8242,652.1809,1503.338,1275.1969,2000.104
sptw2sat,False,25,random_60_6_3,60,1062,1062,16761.9972398, ,11.6657,15.6814,28.2148,26.2823,36.1029,48.4901,44.8976,58.9255,100.1104,191.3592,374.9728,310.2915,429.6552,644.1421,1040.2656,601.4225,1292.4404,1410.742,1787.4291,1709.7497,1413.2311,1675.4235,1510.1738,2000.1083
sptw2sat,False,25,random_60_6_4,60,1072,1072,15187.00757, ,7.8012,10.2268,10.858,14.7982,24.6897,28.8176,87.9369,75.6206,91.0953,175.3229,151.617,419.0341,274.9531,271.0395,503.2834,776.7363,1217.1158,788.7494,1489.562,1636.3869,1478.5448,1783.2872,1869.2678,2000.0936
sptw2sat,False,20,random_60_6_5,60,1049,1049,8583.25580907, ,6.4894,8.4544,8.6568,14.147,13.0309,20.4251,43.0362,105.3275,89.9345,101.0193,193.8925,215.1758,352.9121,426.7063,1109.3726,1127.0167,1119.6303,1627.7494,2000.1346
sptw2sat,False,21,random_60_6_6,60,1045,1045,11069.851867, ,6.4563,8.2126,9.1491,15.0676,31.779,25.4379,38.4863,61.2372,99.7495,162.2178,255.0133,121.1026,484.9264,746.8707,1030.8784,1154.7951,1290.4693,1765.0322,1762.7349,2000.0935
sptw2sat,False,25,random_60_6_7,60,1092,1092,17081.590692, ,7.2536,10.2053,8.9644,15.3293,19.7828,37.2503,43.0555,48.999,132.3827,139.2892,151.578,449.2834,251.319,425.5592,855.7579,817.5898,1644.1644,1341.2376,1991.2279,1358.4414,1675.017,1722.9974,1934.651,2000.0925
sptw2sat,False,23,random_60_6_8,60,1079,1079,11260.5347061, ,10.6257,11.7456,20.8033,17.3773,18.7386,49.9446,30.8844,68.7906,91.2779,206.2013,186.2993,154.5918,320.6101,402.9516,586.25,589.3086,883.9024,1070.2439,1245.9625,1607.0855,1686.6388,2000.1016
sptw2sat,False,24,random_60_6_9,60,1090,1090,12572.149754, ,6.4844,9.0847,11.5259,12.9446,28.0544,17.5563,29.5895,108.9738,57.9569,92.1846,162.2429,322.0781,528.8632,423.4467,855.8136,940.964,893.2132,1062.9203,1246.1626,1283.8229,935.8192,1542.1548,2000.1057
sptw2sat,False,27,random_60_7_0,60,1212,1212,14281.9977338, ,7.0682,8.8143,10.9171,15.2887,16.4209,36.6986,35.3867,53.2195,89.8798,146.8449,96.6562,195.2169,249.1932,315.9191,345.7542,802.0292,822.2693,469.5697,1127.9189,1122.6214,1261.0045,1194.5353,1306.813,1248.9494,1302.7256,2000.1049
sptw2sat,False,30,random_60_7_1,60,1234,1234,16859.0617151, ,7.6766,10.5548,11.0395,17.667,21.6759,27.6726,32.6278,42.638,74.39,72.7317,187.9094,143.9327,225.3662,462.1354,397.8753,318.559,488.3891,641.207,729.7234,952.8862,1257.9218,1043.3363,1109.7596,999.7503,1366.1522,1570.202,994.7472,1650.229,2000.1011
sptw2sat,False,25,random_60_7_2,60,1233,1233,10692.967417, ,7.7815,11.8466,13.4915,15.0915,16.723,26.4255,28.8946,61.3813,42.4103,78.9176,156.0002,139.5783,109.9222,230.4048,397.4421,454.8413,601.0865,600.1392,823.0437,1305.0237,1129.0675,1238.4589,1204.6521,2000.1105
sptw2sat,False,26,random_60_7_3,60,1235,1235,12322.2063301, ,12.5814,9.7117,15.5022,34.4199,26.8422,31.1236,33.7767,39.7544,60.6827,77.7467,82.3096,179.3672,248.7483,391.9258,302.3993,353.1462,828.975,831.36,864.3581,1106.1908,1173.803,1183.9841,1160.2028,1272.9263,2000.1041
sptw2sat,False,29,random_60_7_4,60,1258,1258,14410.6287949, ,6.2462,8.0375,9.2776,12.5999,18.2859,15.622,33.4367,47.3504,55.6917,47.3942,117.3812,258.756,138.3486,211.2695,366.9236,484.7625,421.0397,339.2804,722.3026,699.6669,934.0565,967.064,1015.8156,1051.4293,1476.6427,1259.6876,1691.9564,2000.0892
sptw2sat,False,30,random_60_7_5,60,1272,1272,16963.8425879, ,6.8621,7.7646,9.1897,11.1476,18.624,28.1809,38.2087,63.5046,65.5687,110.5099,150.4421,90.162,435.5983,223.3974,360.6165,424.7556,542.9817,732.0583,496.9054,902.3372,1004.1543,868.5521,1121.8108,1108.0435,1350.3688,1364.4036,1951.6759,1475.7312,2000.0889
sptw2sat,False,31,random_60_7_6,60,1244,1244,19850.562633, ,7.1687,8.3073,8.8878,11.6761,17.4254,38.6972,34.8949,48.3645,78.6007,83.6959,120.3635,128.2259,189.2814,295.0306,505.2352,528.9588,617.3059,1180.0668,863.7775,914.873,875.6946,1096.4181,1580.297,1185.6524,1195.2707,1599.0011,1515.4093,1299.2669,1822.4057,2000.0989
sptw2sat,False,31,random_60_7_7,60,1246,1246,18217.8643022, ,6.7499,8.1705,10.436,13.3078,20.2689,23.7065,45.4449,38.6171,129.6855,169.4514,125.3183,205.6828,178.4989,167.6925,424.1251,531.4952,353.5081,722.167,793.7691,744.6915,1435.1874,1198.9698,956.8229,1023.3451,1314.9593,1240.721,1190.5151,1501.809,1642.4446,2000.0923
sptw2sat,False,31,random_60_7_8,60,1244,1244,18379.5883739, ,7.9401,8.2711,9.8495,14.779,21.1433,30.3088,31.3233,49.0917,74.0733,81.3109,111.1612,127.7292,177.8821,241.638,268.8917,366.5228,744.7937,997.5879,976.5786,847.1168,1048.7538,1365.9373,1114.0126,961.5691,1155.8836,1320.0047,1194.1897,1578.9547,1451.9767,2000.097
sptw2sat,False,29,random_60_7_9,60,1244,1244,16550.5218232, ,6.9119,9.9658,8.6537,10.9423,15.1601,29.4843,31.6834,39.1886,40.1736,73.5816,84.6889,215.6274,161.338,271.1991,348.5518,417.5287,539.5808,468.2952,877.7166,844.1562,1044.0533,1440.0292,1427.5567,1426.8484,1669.0877,1639.045,1409.1643,2000.0979
sptw2sat,True,55,random_60_9_0,60,1601,1601,17518.709368,13.4905,7.3133,8.4879,10.2274,14.7556,17.1663,22.3911,27.0449,25.1877,49.2305,57.4128,62.0944,95.4297,88.8833,77.5298,154.7286,147.0598,172.1315,185.5918,236.3744,224.602,327.8526,335.0566,437.2851,354.5196,433.2734,567.0563,496.9737,510.4249,610.242,460.4899,486.7014,437.8319,509.8035,630.4007,593.3336,727.0225,708.3256,778.2434,639.6244,699.863,669.5706,654.129,808.5639,695.3291,856.7439,107.9224,126.7588,114.3129,115.738,119.5306,159.8056,208.1467,207.5232,232.7878
sptw2sat,True,55,random_60_9_1,60,1606,1606,20455.452359,11.9817,6.7909,9.3467,9.6729,12.5865,11.6696,14.177,28.5633,43.3855,34.2886,54.4884,66.8394,79.5927,132.4146,102.4176,130.4092,200.4901,242.1732,238.2133,186.0494,239.5831,377.8009,438.9477,538.2196,892.1036,591.0672,415.8739,516.245,433.9146,660.2883,739.3465,530.2334,594.2226,921.4788,702.8112,624.8249,762.5344,830.5553,932.2398,597.8989,705.7081,1016.3382,1004.2096,787.8193,778.3553,734.5265,128.5317,143.7036,110.3065,119.3792,128.8641,168.8708,195.985,241.9014,234.8088
sptw2sat,True,55,random_60_9_2,60,1620,1620,15805.8032711,23.2453,6.5712,10.1008,15.1602,19.2208,17.0036,25.7077,23.6793,46.4336,44.0373,51.1576,74.5549,66.5597,75.8161,107.8646,121.0341,141.3569,145.0201,218.5025,240.8316,235.7805,271.9256,241.4971,329.3313,377.7819,378.064,480.5789,440.6854,355.2554,392.3319,501.9962,514.1214,647.1698,557.1317,551.5424,615.3079,698.4161,609.2454,633.1218,661.0717,659.0668,570.4141,672.9854,605.0726,583.6501,638.5192,117.6422,117.6231,95.7304,93.0105,104.8984,126.993,144.9287,150.7741,157.8949
sptw2sat,True,55,random_60_9_3,60,1598,1598,20174.068536,9.9352,6.8507,7.0631,9.4684,11.8345,15.3595,16.944,23.7075,39.3691,37.8074,51.5166,69.4885,81.7641,74.3579,88.2724,138.4556,194.9955,170.6724,301.2115,271.7887,264.2676,309.8033,319.9767,345.9469,384.1707,293.9,459.2229,376.568,559.8294,478.2096,596.8205,575.3841,622.9708,644.7375,656.8744,723.3986,820.9447,945.7243,1002.9126,971.0265,815.6264,904.1773,953.765,909.321,830.4205,935.7569,135.3949,126.703,136.4531,132.8097,195.32,252.5561,293.9898,297.8092,280.0547
sptw2sat,True,54,random_60_9_4,60,1588,1588,19259.8073549,16.3616,6.6737,7.7908,9.3571,16.3947,21.0185,13.3116,26.4204,26.5475,43.1565,60.5915,57.8082,64.581,119.4741,121.2792,97.9418,145.5445,196.7997,168.5114,270.331,234.3383,336.7522,339.206,302.9129,435.0369,369.4468,414.2478,557.551,649.5346,507.6052,613.3267,717.6665,757.217,814.8329,756.8747,627.4381,754.4789,641.592,791.204,757.0523,663.1469,861.8019,777.4876,805.244,782.9659,733.3008,141.9264,179.7796,143.4045,154.2698,238.8415,242.198,325.9767,340.8852
sptw2sat,True,55,random_60_9_5,60,1599,1599,18974.821732,7.8589,6.9227,10.4907,9.8378,14.5925,18.7439,17.8609,29.4334,34.435,27.7265,51.6417,57.9075,97.2138,97.6568,101.263,135.5169,131.3688,138.7448,173.4862,271.6608,247.6479,262.6646,292.5924,371.8308,290.3784,464.5136,347.4907,576.4712,450.9786,515.9211,528.5887,579.8238,647.2192,660.5596,730.5654,614.9782,893.9691,769.8001,799.9524,990.3567,812.8126,847.6044,708.9494,867.7177,882.8876,724.8443,130.4732,124.6559,139.522,137.3511,193.9741,192.0634,206.9011,271.1059,262.9381
sptw2sat,True,55,random_60_9_6,60,1601,1601,17348.524375,8.3097,8.569,9.2076,9.1955,14.8794,13.8848,21.9661,23.9734,34.3984,44.5014,60.276,67.9082,55.9012,101.1291,112.531,99.3732,155.1099,180.1807,232.4005,237.9333,224.0907,238.6254,229.2936,321.0178,522.0583,307.5506,429.1622,368.9823,497.7441,446.8903,448.9493,607.689,508.9733,521.6591,562.9407,670.6555,800.1268,819.4697,699.179,663.4908,751.4104,670.0522,761.1031,869.6879,665.3863,823.28,142.9896,115.5738,107.231,121.6158,141.7242,192.974,185.6505,202.4633,216.8237
sptw2sat,True,54,random_60_9_7,60,1570,1570,21471.470571,9.7437,6.4471,8.4703,9.9491,11.428,17.4584,18.2614,18.6161,27.27,46.8522,48.2392,83.5049,87.0974,79.6507,138.8458,89.3443,157.5577,131.2046,210.7234,199.1578,287.7255,351.9002,440.2174,360.0586,337.8885,398.3637,495.7931,525.6527,569.658,550.8028,654.3815,910.4697,724.6549,828.6494,594.4903,935.0806,889.5785,852.0151,779.352,1013.0275,916.3719,808.1657,711.5519,831.5792,937.2929,1021.9352,177.2275,183.5144,196.4208,321.0502,345.8563,343.1052,367.2723,410.179
sptw2sat,True,55,random_60_9_8,60,1612,1612,18468.4427459,19.7568,6.6053,10.4528,9.0238,14.551,18.1944,24.2168,22.8858,47.4555,40.7108,44.6323,41.399,83.7563,92.0602,123.6053,121.2377,166.4171,206.029,160.0748,180.3266,212.8361,314.4492,301.5473,253.8078,366.6161,374.0256,453.7384,469.6861,464.3578,624.7296,636.3843,514.2469,799.959,624.9145,679.0097,649.2216,582.7464,673.9549,891.8324,753.0614,723.4661,798.7886,884.9165,785.469,835.3636,817.7491,163.7317,161.0993,174.7646,176.989,143.9122,158.102,177.332,183.5841,208.2918
sptw2sat,True,55,random_60_9_9,60,1593,1593,18693.3100479,16.2294,7.3945,8.4521,11.5169,13.6414,23.0514,21.5903,31.2693,38.1313,43.8526,42.1737,61.2718,83.0021,77.8479,101.247,109.5512,151.345,178.0029,157.5778,181.0059,215.0622,271.3498,279.1553,274.828,444.9605,396.8031,454.0795,501.0895,527.9531,520.2142,502.4935,622.5958,653.1714,649.2566,711.6811,719.9299,733.584,710.0567,981.6581,746.8618,685.5992,781.3905,894.6379,901.5375,653.8327,674.3384,120.701,140.0602,147.2293,138.3179,197.6098,213.1805,285.4562,309.6788,274.4317
